Workbook

Sheet Caetés
A1: CMS Alerts
A2: Status | B2: WTG | C2: Data do alarme | D2: Priority | E2: Case Title | F2: Component | G2: Diagnosis | H2: Data do Diagnóstico | I2: Service Order | J2: Action | K2: Deadline interpretado | L2: Programação | M2: Data Realizada | N2: Observação | O2: Categorização Boroscopia Componente | P2: Link do Relatório | Q2: Óleo | R2: Fe (ppm)
A3: Closed | B3: EBR05-09 | C3: 46223 | D3: 3 | E3: Main Bearing Accelerometer Issue | G3: Os acelerômetros do main bearing estão indicando um curto-circuito; recomenda-se inspecionar a fiação e as conexões. Substitua o sensor, se necessário. | H3: 46223 | I3: SS00719 | J3: Solicitada inspeções dos sensoriamentos em até 15 dias | K3: =IF(OR(H3="",J3=""),"",IF(ISNUMBER(SEARCH("15*dias",J3)),H3+15,IF(ISNUMBER(SEARCH("1*mês",J3)),EDATE(H3,1),IF(ISNUMBER(SEARCH("2*meses",J3)),EDATE(H3,2),"Prazo não definido")))) -> 46238 | L3: 46269 | M3: 46269 | N3: Resolvido. | Q3: =VLOOKUP(Tabela1[[#This Row],[WTG]],Óleo!N:NA,27,FALSE) -> Anormal | R3: =VLOOKUP(Tabela1[[#This Row],[WTG]],Óleo!N:BL,51,FALSE) -> 23
A4: Closed | B4: EBR05-12 | C4: 46223 | D4: 3 | E4: Stage 2 Parellel Accelerometer Issue | G4: Os acelerômetros do estágio intermediário estão indicando um curto-circuito; recomenda-se inspecionar a fiação e as conexões. Substitua o sensor, se necessário. | H4: 46223 | I4: SS00720 | J4: Solicitada inspeções dos sensoriamentos em até 15 dias | K4: =IF(OR(H4="",J4=""),"",IF(ISNUMBER(SEARCH("15*dias",J4)),H4+15,IF(ISNUMBER(SEARCH("1*mês",J4)),EDATE(H4,1),IF(ISNUMBER(SEARCH("2*meses",J4)),EDATE(H4,2),"Prazo não definido")))) -> 46238 | L4: 46269 | M4: 46269 | N4: Resolvido. | Q4: =VLOOKUP(Tabela1[[#This Row],[WTG]],Óleo!N:NA,27,FALSE) -> Normal | R4: =VLOOKUP(Tabela1[[#This Row],[WTG]],Óleo!N:BL,51,FALSE) -> 51
A5: Closed | B5: EBR05-17 | C5: 46223 | D5: 3 | E5: Stage 3 Parellel Accelerometer Issue | G5: Os acelerômetros do estágio de saída (HSS) estão indicando um curto-circuito; recomenda-se inspecionar a fiação e as conexões. Substitua o sensor, se necessário. | H5: 46223 | I5: SS00721 | J5: Solicitada inspeções dos sensoriamentos em até 15 dias | K5: =IF(OR(H5="",J5=""),"",IF(ISNUMBER(SEARCH("15*dias",J5)),H5+15,IF(ISNUMBER(SEARCH("1*mês",J5)),EDATE(H5,1),IF(ISNUMBER(SEARCH("2*meses",J5)),EDATE(H5,2),"Prazo não definido")))) -> 46238 | M5: 46288 | N5: Resolvido. | Q5: =VLOOKUP(Tabela1[[#This Row],[WTG]],Óleo!N:NA,27,FALSE) -> Normal | R5: =VLOOKUP(Tabela1[[#This Row],[WTG]],Óleo!N:BL,51,FALSE) -> 10
A6: Open | B6: EBR06-11 | C6: 46223 | D6: 3 | E6: Stage 1 Planetary Accelerometer Issue | G6: Os acelerômetros do estágio planetário estão indicando um curto-circuito; recomenda-se inspecionar a fiação e as conexões. Substitua o sensor, se necessário. | H6: 46223 | I6: SS00722 | J6: Solicitada inspeções dos sensoriamentos em até 15 dias | K6: =IF(OR(H6="",J6=""),"",IF(ISNUMBER(SEARCH("15*dias",J6)),H6+15,IF(ISNUMBER(SEARCH("1*mês",J6)),EDATE(H6,1),IF(ISNUMBER(SEARCH("2*meses",J6)),EDATE(H6,2),"Prazo não definido")))) -> 46238 | Q6: =VLOOKUP(Tabela1[[#This Row],[WTG]],Óleo!N:NA,27,FALSE) -> Normal | R6: =VLOOKUP(Tabela1[[#This Row],[WTG]],Óleo!N:BL,51,FALSE) -> 23
A7: Open | B7: EBR07-09 | C7: 46223 | D7: 3 | E7: Stage 2 Parellel Accelerometer Issue | G7: Os acelerômetros do estágio intermediário estão indicando um curto-circuito; recomenda-se inspecionar a fiação e as conexões. Substitua o sensor, se necessário. | H7: 46223 | I7: SS00723 | J7: Solicitada inspeções dos sensoriamentos em até 15 dias | K7: =IF(OR(H7="",J7=""),"",IF(ISNUMBER(SEARCH("15*dias",J7)),H7+15,IF(ISNUMBER(SEARCH("1*mês",J7)),EDATE(H7,1),IF(ISNUMBER(SEARCH("2*meses",J7)),EDATE(H7,2),"Prazo não definido")))) -> 46238 | Q7: =VLOOKUP(Tabela1[[#This Row],[WTG]],Óleo!N:NA,27,FALSE) -> #N/A | R7: =VLOOKUP(Tabela1[[#This Row],[WTG]],Óleo!N:BL,51,FALSE) -> #N/A
A8: Open | B8: EBR07-10 | C8: 46223 | D8: 3 | E8: Main Bearing Accelerometer Issue | G8: Os acelerômetros do main bearing estão indicando um curto-circuito; recomenda-se inspecionar a fiação e as conexões. Substitua o sensor, se necessário. | H8: 46223 | I8: SS00724 | J8: Solicitada inspeções dos sensoriamentos em até 15 dias | K8: =IF(OR(H8="",J8=""),"",IF(ISNUMBER(SEARCH("15*dias",J8)),H8+15,IF(ISNUMBER(SEARCH("1*mês",J8)),EDATE(H8,1),IF(ISNUMBER(SEARCH("2*meses",J8)),EDATE(H8,2),"Prazo não definido")))) -> 46238 | Q8: =VLOOKUP(Tabela1[[#This Row],[WTG]],Óleo!N:NA,27,FALSE) -> Normal | R8: =VLOOKUP(Tabela1[[#This Row],[WTG]],Óleo!N:BL,51,FALSE) -> 6
A9: Open | B9: EBR07-14 | C9: 46223 | D9: 3 | E9: Stage 2 Parellel Accelerometer Issue | G9: Os acelerômetros do estágio intermediário estão indicando um curto-circuito; recomenda-se inspecionar a fiação e as conexões. Substitua o sensor, se necessário. | H9: 46223 | I9: SS00725 | J9: Solicitada inspeções dos sensoriamentos em até 15 dias | K9: =IF(OR(H9="",J9=""),"",IF(ISNUMBER(SEARCH("15*dias",J9)),H9+15,IF(ISNUMBER(SEARCH("1*mês",J9)),EDATE(H9,1),IF(ISNUMBER(SEARCH("2*meses",J9)),EDATE(H9,2),"Prazo não definido")))) -> 46238 | Q9: =VLOOKUP(Tabela1[[#This Row],[WTG]],Óleo!N:NA,27,FALSE) -> Crítico | R9: =VLOOKUP(Tabela1[[#This Row],[WTG]],Óleo!N:BL,51,FALSE) -> 99
A10: Closed | B10: EBR01-01 | C10: 46202 | D10: 2 | E10: HSS Rotational | F10: Generator Hitachi | G10: Dados de CMS apresentam indícios de desalinhamento do gerador. Recomenda-se a verificação do alinhamento do gerador e inspeção do acoplamento flexível do HSS. | H10: 46262 | I10: SS00868 | J10: Solicitada a verificação do alinhamento do gerador e inspeção do acoplamento flexível do HSS para quaisquer sinais de danos | K10: =IF(OR(H10="",J10=""),"",IF(ISNUMBER(SEARCH("15*dias",J10)),H10+15,IF(ISNUMBER(SEARCH("1*mês",J10)),EDATE(H10,1),IF(ISNUMBER(SEARCH("2*meses",J10)),EDATE(H10,2),"Prazo não definido")))) -> Prazo não definido | L10: 46175 | M10: 46175 | N10: Gearbox substituida em 01/05/2026, alinhamento realizado em 02/06/2026 junto a preventiva de lubrificação - Atividade Invenergy | O10: - | P10: - | Q10: =VLOOKUP(Tabela1[[#This Row],[WTG]],Óleo!N:NA,27,FALSE) -> Anormal | R10: =VLOOKUP(Tabela1[[#This Row],[WTG]],Óleo!N:BL,51,FALSE) -> 15
A11: Closed | B11: EBR01-02 | C11: 46261 | D11: 2 | E11: HSS Rotational | F11: Generator Hitachi | G11: Dados de CMS apresentam indícios de desalinhamento do gerador. Recomenda-se a verificação do alinhamento do gerador e inspeção do acoplamento flexível do HSS. | H11: 46262 | I11: SS00869 | J11: Solicitada a verificação do alinhamento do gerador e inspeção do acoplamento flexível do HSS para quaisquer sinais de danos | K11: =IF(OR(H11="",J11=""),"",IF(ISNUMBER(SEARCH("15*dias",J11)),H11+15,IF(ISNUMBER(SEARCH("1*mês",J11)),EDATE(H11,1),IF(ISNUMBER(SEARCH("2*meses",J11)),EDATE(H11,2),"Prazo não definido")))) -> Prazo não definido | L11: 46262 | M11: 46262 | N11: Substituido os rolamento DW e DWR do HSS + Substituido os Elastômeros + Microfiltragem do Óleo + Alinhamento do gerador em 27/08/2026 - Atividade Invenergy | P11: - | Q11: =VLOOKUP(Tabela1[[#This Row],[WTG]],Óleo!N:NA,27,FALSE) -> Normal | R11: =VLOOKUP(Tabela1[[#This Row],[WTG]],Óleo!N:BL,51,FALSE) -> 15
A12: Closed | B12: EBR01-07 | C12: 45939 | D12: 3 | E12: Planetary Stage Accelerometer Issue | F12: Nanjing FDMD | G12: Dados de CMS indicam que os acelerômetros do estágio planetário estão indicando um curto-circuito. | H12: 46262 | I12: SS00870 | J12: Solicitada inspeção dos sensores do estágio planetário e suas fiações em até 2 meses | K12: =IF(OR(H12="",J12=""),"",IF(ISNUMBER(SEARCH("15*dias",J12)),H12+15,IF(ISNUMBER(SEARCH("1*mês",J12)),EDATE(H12,1),IF(ISNUMBER(SEARCH("2*meses",J12)),EDATE(H12,2),"Prazo não definido")))) -> 46323 | L12: 46273 | M12: 46273 | N12: Caso resolvido. | P12: - | Q12: =VLOOKUP(Tabela1[[#This Row],[WTG]],Óleo!N:NA,27,FALSE) -> Normal | R12: =VLOOKUP(Tabela1[[#This Row],[WTG]],Óleo!N:BL,51,FALSE) -> 17
A13: Waiting report | B13: EBR02-03 | C13: 46246 | D13: 3 | E13: Main Bearing ORBP | F13: Main Bearing KOYO | G13: Dados de CMS apresentam indícios de danos de pista externa do Main Bearing. Recomenda-se realizar uma boroscopia e uma purga de graxa. | H13: 46262 | I13: SS00877 | J13: Solicitada a realização da inspeção boroscópica em até 2 meses | K13: =IF(OR(H13="",J13=""),"",IF(ISNUMBER(SEARCH("15*dias",J13)),H13+15,IF(ISNUMBER(SEARCH("1*mês",J13)),EDATE(H13,1),IF(ISNUMBER(SEARCH("2*meses",J13)),EDATE(H13,2),"Prazo não definido")))) -> 46323 | L13: 46290 | M13: 46290 | N13: Realizada boroscopia. Pendente relatório. | Q13: =VLOOKUP(Tabela1[[#This Row],[WTG]],Óleo!N:NA,27,FALSE) -> Normal | R13: =VLOOKUP(Tabela1[[#This Row],[WTG]],Óleo!N:BL,51,FALSE) -> 11
A14: Closed | B14: EBR02-12 | C14: 46175 | D14: 3 | E14: Main Bearing IRBP/ORBP | F14: Main Bearing KOYO | G14: Dados de CMS apresentam indícios de danos de pista interna e externa do Main Bearing. Recomenda-se realizar uma boroscopia e uma purga de graxa. | H14: 46262 | I14: SS00878 | J14: Solicitada a realização da inspeção boroscópica em até 2 meses | K14: =IF(OR(H14="",J14=""),"",IF(ISNUMBER(SEARCH("15*dias",J14)),H14+15,IF(ISNUMBER(SEARCH("1*mês",J14)),EDATE(H14,1),IF(ISNUMBER(SEARCH("2*meses",J14)),EDATE(H14,2),"Prazo não definido")))) -> 46323 | L14: 46265 | M14: 46265 | N14: Inspeção e flushing do main bearing realizado em 31/08/2026 - Atividade Auren. Boroscopia compartilhada evidencia descamação na pista externa do rolamento. Questionar Auren se haverá troca. Sem recomendação de troca e limitação. | O14: CAT03 | P14: https://invenergy.sharepoint.com/:b:/r/sites/assetmanagement/InvenergyServicesBrazilOpPortal/Engineering/01.%20Engineering%20%26%20O%26M/04.%20Alto%20Sert%C3%A3o%20II%20%26%20Caet%C3%A9s/05.%20Boroscopias/Inspe%C3%A7%C3%A3o%20Main%20Bearing%20EBR2-12.pdf?d=weeddd45da83140389811db7bfde40535&csf=1&web=1&e=w0YtW8 | Q14: =VLOOKUP(Tabela1[[#This Row],[WTG]],Óleo!N:NA,27,FALSE) -> Normal | R14: =VLOOKUP(Tabela1[[#This Row],[WTG]],Óleo!N:BL,51,FALSE) -> 10
A15: Waiting report | B15: EBR02-14 | C15: 45973 | D15: 3 | E15: Main Bearing IRBP/ORBP | F15: Main Bearing KOYO | G15: Dados de CMS apresentam indícios de danos de pista externa do Main Bearing. Recomenda-se realizar uma boroscopia e uma purga de graxa. | H15: 46262 | I15: SS00879 | J15: Solicitada a realização da inspeção boroscópica em até 2 meses | K15: =IF(OR(H15="",J15=""),"",IF(ISNUMBER(SEARCH("15*dias",J15)),H15+15,IF(ISNUMBER(SEARCH("1*mês",J15)),EDATE(H15,1),IF(ISNUMBER(SEARCH("2*meses",J15)),EDATE(H15,2),"Prazo não definido")))) -> 46323 | L15: 46304 | Q15: =VLOOKUP(Tabela1[[#This Row],[WTG]],Óleo!N:NA,27,FALSE) -> Normal | R15: =VLOOKUP(Tabela1[[#This Row],[WTG]],Óleo!N:BL,51,FALSE) -> 10
A16: Closed | B16: EBR03-03 | C16: 46196 | D16: 3 | E16: Generator Outboard Accelerometer issue | F16: Generator Hitachi | G16: Dados de CMS indicam que os acelerômetros do rolamento downwind do gerador estão indicando um curto-circuito. | H16: 46262 | I16: SS00880 | J16: Solicitada inspeção do sensor do gerador e suas fiações em até 2 meses | K16: =IF(OR(H16="",J16=""),"",IF(ISNUMBER(SEARCH("15*dias",J16)),H16+15,IF(ISNUMBER(SEARCH("1*mês",J16)),EDATE(H16,1),IF(ISNUMBER(SEARCH("2*meses",J16)),EDATE(H16,2),"Prazo não definido")))) -> 46323 | L16: 46274 | M16: 46274 | N16: OM - 17768 - Foiexecutada, porém, não foi corrigido. Será aberta nova SS. | P16: - | Q16: =VLOOKUP(Tabela1[[#This Row],[WTG]],Óleo!N:NA,27,FALSE) -> Normal | R16: =VLOOKUP(Tabela1[[#This Row],[WTG]],Óleo!N:BL,51,FALSE) -> 25
A17: Waiting report | B17: EBR03-04 | C17: 46262 | D17: 3 | E17: Intermediate stage gear issue | F17: Nanjing FDMD | G17: Dados de CMS apresentam indícios de danos na engrenagem do estágio intermediário. Recomenda-se realizar uma boroscopia com foco no segundo estágio. | H17: 46262 | I17: SS00881 | J17: Solicitada a realização da inspeção boroscópica em até 2 meses | K17: =IF(OR(H17="",J17=""),"",IF(ISNUMBER(SEARCH("15*dias",J17)),H17+15,IF(ISNUMBER(SEARCH("1*mês",J17)),EDATE(H17,1),IF(ISNUMBER(SEARCH("2*meses",J17)),EDATE(H17,2),"Prazo não definido")))) -> 46323 | L17: 46309 | M17: 46288 | N17: Realizada boroscopia. Pendente relatório. | Q17: =VLOOKUP(Tabela1[[#This Row],[WTG]],Óleo!N:NA,27,FALSE) -> Normal | R17: =VLOOKUP(Tabela1[[#This Row],[WTG]],Óleo!N:BL,51,FALSE) -> 5
A18: Waiting report | B18: EBR03-08 | C18: 46120 | D18: 3 | E18: Main Bearing ORBP | F18: Main Bearing KOYO | G18: Dados de CMS apresentam indícios de danos de pista externa do Main Bearing. Recomenda-se realizar uma boroscopia e uma purga de graxa. | H18: 46262 | I18: SS00882 | J18: Solicitada a realização da inspeção boroscópica em até 2 meses | K18: =IF(OR(H18="",J18=""),"",IF(ISNUMBER(SEARCH("15*dias",J18)),H18+15,IF(ISNUMBER(SEARCH("1*mês",J18)),EDATE(H18,1),IF(ISNUMBER(SEARCH("2*meses",J18)),EDATE(H18,2),"Prazo não definido")))) -> 46323 | L18: 46311 | Q18: =VLOOKUP(Tabela1[[#This Row],[WTG]],Óleo!N:NA,27,FALSE) -> Normal | R18: =VLOOKUP(Tabela1[[#This Row],[WTG]],Óleo!N:BL,51,FALSE) -> 16
A19: Derating recommended | B19: EBR03-14 | C19: 45950 | D19: 3 | E19: Planetary stage bearing issue | F19: Nanjing FDMD | G19: Dados de CMS apresentam indícios de danos nos rolamentos dos planetas do estágio planetário da gearbox. Recomenda-se realizar uma boroscopia com foco no estágio planetário. | H19: 46262 | I19: SS00883 | J19: Solicitada a realização da inspeção boroscópica em até 2 meses | K19: =IF(OR(H19="",J19=""),"",IF(ISNUMBER(SEARCH("15*dias",J19)),H19+15,IF(ISNUMBER(SEARCH("1*mês",J19)),EDATE(H19,1),IF(ISNUMBER(SEARCH("2*meses",J19)),EDATE(H19,2),"Prazo não definido")))) -> 46323 | L19: 46281 | M19: 46281 | N19: Realizada boroscopia. Relatório já disponível. | O19: CAT03 | P19: https://app.safetyculture.com/report/public/audit/ec0829e010fe42de02239419e6319c0af42a222e541d96a5897d750c645b50d5 | Q19: =VLOOKUP(Tabela1[[#This Row],[WTG]],Óleo!N:NA,27,FALSE) -> Anormal | R19: =VLOOKUP(Tabela1[[#This Row],[WTG]],Óleo!N:BL,51,FALSE) -> 26
A20: Waiting report | B20: EBR03-15 | C20: 46189 | D20: 3 | E20: Main Bearing ORBP | F20: Main Bearing KOYO | G20: Dados de CMS apresentam indícios de danos de pista externa do Main Bearing. Recomenda-se realizar uma boroscopia e uma purga de graxa. | H20: 46262 | I20: SS00884 | J20: Solicitada a realização da inspeção boroscópica em até 2 meses | K20: =IF(OR(H20="",J20=""),"",IF(ISNUMBER(SEARCH("15*dias",J20)),H20+15,IF(ISNUMBER(SEARCH("1*mês",J20)),EDATE(H20,1),IF(ISNUMBER(SEARCH("2*meses",J20)),EDATE(H20,2),"Prazo não definido")))) -> 46323 | L20: 46318 | Q20: =VLOOKUP(Tabela1[[#This Row],[WTG]],Óleo!N:NA,27,FALSE) -> Anormal | R20: =VLOOKUP(Tabela1[[#This Row],[WTG]],Óleo!N:BL,51,FALSE) -> 8
A21: Closed | B21: EBR04-03 | D21: 3 | E21: Planetary stage bearing issue | F21: Nanjing FDMD | G21: Dados de CMS apresentam indícios de danos nos rolamentos dos planetas do estágio planetário da gearbox. Recomenda-se realizar uma boroscopia com foco no estágio planetário. | H21: 46262 | I21: SS00885 | J21: Solicitada a realização da inspeção boroscópica em até 2 meses | K21: =IF(OR(H21="",J21=""),"",IF(ISNUMBER(SEARCH("15*dias",J21)),H21+15,IF(ISNUMBER(SEARCH("1*mês",J21)),EDATE(H21,1),IF(ISNUMBER(SEARCH("2*meses",J21)),EDATE(H21,2),"Prazo não definido")))) -> 46323 | L21: 46248 | M21: 46248 | N21: Boroscopia completa da Gearbox realizada em 14/08/2026 - Atividade Auren. Identificado quebra do dente da planetária 01, além de endentação nos demais estágios. Iniciada a troca do componente pela Auren. | O21: CAT04 | P21: https://invenergy.sharepoint.com/:b:/r/sites/assetmanagement/InvenergyServicesBrazilOpPortal/Engineering/01.%20Engineering%20%26%20O%26M/04.%20Alto%20Sert%C3%A3o%20II%20%26%20Caet%C3%A9s/05.%20Boroscopias/Inspection_GEARBOX_ATT-EBR4-03%20(1).pdf?d=wd679fab2dbff4ec48677f4b75898f4e5&csf=1&web=1&e=liwmmn | Q21: =VLOOKUP(Tabela1[[#This Row],[WTG]],Óleo!N:NA,27,FALSE) -> Normal | R21: =VLOOKUP(Tabela1[[#This Row],[WTG]],Óleo!N:BL,51,FALSE) -> 18
A22: Monitor | B22: EBR04-08 | C22: 45965 | D22: 2 | E22: HSS Rotational | F22: Generator Hitachi | G22: Dados de CMS apresentam indícios de desalinhamento do gerador. Recomenda-se a verificação do alinhamento do gerador e inspeção do acoplamento flexível do HSS. | H22: 46262 | I22: SS00886 | J22: Solicitada a verificação do alinhamento do gerador e inspeção do acoplamento flexível do HSS para quaisquer sinais de danos | K22: =IF(OR(H22="",J22=""),"",IF(ISNUMBER(SEARCH("15*dias",J22)),H22+15,IF(ISNUMBER(SEARCH("1*mês",J22)),EDATE(H22,1),IF(ISNUMBER(SEARCH("2*meses",J22)),EDATE(H22,2),"Prazo não definido")))) -> Prazo não definido | L22: 46267 | M22: 46267 | N22: Realizada Inspeção e alinhamento do acoplamento do gerador, conferência dos elementos de fixação e instrumentação - 02/09/26 - Time Invenergy | P22: - | Q22: =VLOOKUP(Tabela1[[#This Row],[WTG]],Óleo!N:NA,27,FALSE) -> Normal | R22: =VLOOKUP(Tabela1[[#This Row],[WTG]],Óleo!N:BL,51,FALSE) -> 20
A23: Cobrar Auren | B23: EBR05-04 | D23: 3 | E23: Main Bearing Accelerometer Issue | F23: Main Bearing KOYO | G23: Dados de CMS indicam que os acelerômetros do main bearing estão indicando uma leitura incorreta. | H23: 46262 | I23: SS00887 | J23: Solicitada inspeção dos sensores do main bearing e suas fiações em até 2 meses | K23: =IF(OR(H23="",J23=""),"",IF(ISNUMBER(SEARCH("15*dias",J23)),H23+15,IF(ISNUMBER(SEARCH("1*mês",J23)),EDATE(H23,1),IF(ISNUMBER(SEARCH("2*meses",J23)),EDATE(H23,2),"Prazo não definido")))) -> 46323 | L23: 46244 | M23: 46219 | N23: Inspeção e flushing do main bearing realizado em 16/07/2026 - Atividade Auren. | Q23: =VLOOKUP(Tabela1[[#This Row],[WTG]],Óleo!N:NA,27,FALSE) -> Normal | R23: =VLOOKUP(Tabela1[[#This Row],[WTG]],Óleo!N:BL,51,FALSE) -> 25
A24: Monitor | B24: EBR05-08 | C24: 46238 | D24: 3 | E24: Intermediate Stage Issue | F24: Nanjing FDMD | G24: Dados de CMS apresentam indícios de danos no estágio intermediário da gearbox. Recomenda-se realizar uma boroscopia com foco no segundo estágio. | H24: 46262 | I24: SS00888 | J24: Solicitada a realização da inspeção boroscópica em até 2 meses | K24: =IF(OR(H24="",J24=""),"",IF(ISNUMBER(SEARCH("15*dias",J24)),H24+15,IF(ISNUMBER(SEARCH("1*mês",J24)),EDATE(H24,1),IF(ISNUMBER(SEARCH("2*meses",J24)),EDATE(H24,2),"Prazo não definido")))) -> 46323 | L24: 46283 | M24: 46282 | N24: Realizada boroscopia. Relatório já disponível. | O24: CAT02 | P24: https://app.safetyculture.com/report/public/audit/afad19bb3b7b6719bd691b1bc664a0d798ab4901b5d9bbfc4bed83fa07bd2cab | Q24: =VLOOKUP(Tabela1[[#This Row],[WTG]],Óleo!N:NA,27,FALSE) -> Anormal | R24: =VLOOKUP(Tabela1[[#This Row],[WTG]],Óleo!N:BL,51,FALSE) -> 118
A25: Closed | B25: EBR05-10 | C25: 46089 | D25: 3 | E25: HSS DnWind Rear Bearing Issue | F25: Nanjing FDMD | G25: Dados de CMS apresentam indícios de danos no rolamento down wind rear da gearbox. Recomenda-se realizar uma inspeção no filtro de óleo da gearbox para verificar existência de limalhas. | H25: 46262 | I25: SS00889 | J25: Solicitada a realização da inspeção no filtro de óleo da gearbox em até 2 meses | K25: =IF(OR(H25="",J25=""),"",IF(ISNUMBER(SEARCH("15*dias",J25)),H25+15,IF(ISNUMBER(SEARCH("1*mês",J25)),EDATE(H25,1),IF(ISNUMBER(SEARCH("2*meses",J25)),EDATE(H25,2),"Prazo não definido")))) -> 46323 | L25: 46288 | M25: 46276 | N25: Turbina já monitorada pela engenharia Auren para substituição do rolamento DWR. OM18179. | P25: - | Q25: =VLOOKUP(Tabela1[[#This Row],[WTG]],Óleo!N:NA,27,FALSE) -> Normal | R25: =VLOOKUP(Tabela1[[#This Row],[WTG]],Óleo!N:BL,51,FALSE) -> 16
A26: Closed | B26: EBR06-09 | C26: 45931 | D26: 3 | E26: Planetary stage bearing issue | F26: Nanjing FDMD | G26: Dados de CMS apresentam indícios de danos nos rolamentos dos planetas do estágio planetário da gearbox. Recomenda-se realizar uma boroscopia com foco no estágio planetário. | H26: 46262 | I26: SS00890 | J26: Solicitada a realização da inspeção boroscópica em até 2 meses | K26: =IF(OR(H26="",J26=""),"",IF(ISNUMBER(SEARCH("15*dias",J26)),H26+15,IF(ISNUMBER(SEARCH("1*mês",J26)),EDATE(H26,1),IF(ISNUMBER(SEARCH("2*meses",J26)),EDATE(H26,2),"Prazo não definido")))) -> 46323 | M26: 46188 | N26: Boroscopia completa da Gearbox realizada em 15/06/2026 - Atividade Auren. Turbina limitada em 716KW com acompanhamento por dano no rolamento PG2 da planetária. Descamação avançada no rolamento da planetária 2, além de presença de endentações avançadas nas engrenagens planetárias. | O26: CAT03 | P26: https://invenergy.sharepoint.com/:b:/r/sites/assetmanagement/InvenergyServicesBrazilOpPortal/Engineering/01.%20Engineering%20%26%20O%26M/04.%20Alto%20Sert%C3%A3o%20II%20%26%20Caet%C3%A9s/05.%20Boroscopias/Inspection_GEARBOX_ATT-EBR6-09.docx.pdf?d=w21c561e784c34f5fadcc850492165271&csf=1&web=1&e=BkGkDS | Q26: =VLOOKUP(Tabela1[[#This Row],[WTG]],Óleo!N:NA,27,FALSE) -> Normal | R26: =VLOOKUP(Tabela1[[#This Row],[WTG]],Óleo!N:BL,51,FALSE) -> 18
A27: Closed | B27: EBR07-02 | C27: 45931 | D27: 3 | E27: Planetary Accelerometer issue | F27: Nanjing FDMD | G27: Dados de CMS indicam que os acelerômetros do estágio planetário estão indicando uma leitura incorreta. | H27: 46262 | I27: SS00891 | J27: Solicitada inspeção dos sensores do estágio planetário e suas fiações em até 2 meses | K27: =IF(OR(H27="",J27=""),"",IF(ISNUMBER(SEARCH("15*dias",J27)),H27+15,IF(ISNUMBER(SEARCH("1*mês",J27)),EDATE(H27,1),IF(ISNUMBER(SEARCH("2*meses",J27)),EDATE(H27,2),"Prazo não definido")))) -> 46323 | L27: 46273 | M27: 46273 | N27: OM - 17653 | Q27: =VLOOKUP(Tabela1[[#This Row],[WTG]],Óleo!N:NA,27,FALSE) -> Normal | R27: =VLOOKUP(Tabela1[[#This Row],[WTG]],Óleo!N:BL,51,FALSE) -> 37
A28: Waiting report | B28: EBR07-07 | C28: 46262 | D28: 3 | E28: Main Bearing IRBP | F28: Main Bearing KOYO | G28: Dados de CMS apresentam indícios de danos de pista interna do Main Bearing. Recomenda-se realizar uma boroscopia e uma purga de graxa. | H28: 46262 | I28: SS00892 | J28: Solicitada a realização da inspeção boroscópica em até 2 meses | K28: =IF(OR(H28="",J28=""),"",IF(ISNUMBER(SEARCH("15*dias",J28)),H28+15,IF(ISNUMBER(SEARCH("1*mês",J28)),EDATE(H28,1),IF(ISNUMBER(SEARCH("2*meses",J28)),EDATE(H28,2),"Prazo não definido")))) -> 46323 | L28: 46330 | Q28: =VLOOKUP(Tabela1[[#This Row],[WTG]],Óleo!N:NA,27,FALSE) -> #VALUE! | R28: =VLOOKUP(Tabela1[[#This Row],[WTG]],Óleo!N:BL,51,FALSE) -> #VALUE!
A29: Open | B29: EBR05-12 | C29: 46286 | D29: 3 | E29: Intermediate Stage Issue | G29: Dados de CMS apresentam indícios de danos no estágio intermediário da gearbox. Recomenda-se realizar uma boroscopia com foco no segundo estágio. | H29: 46287 | I29: SS00941 | J29: Solicitada a realização da inspeção boroscópica em até 2 meses | K29: =IF(OR(H29="",J29=""),"",IF(ISNUMBER(SEARCH("15*dias",J29)),H29+15,IF(ISNUMBER(SEARCH("1*mês",J29)),EDATE(H29,1),IF(ISNUMBER(SEARCH("2*meses",J29)),EDATE(H29,2),"Prazo não definido")))) -> 46348 | M29: 46289 | N29: Realizada boroscopia. Pendente relatório. | P29: https://app.safetyculture.com/report/public/audit/44ae15060eb83ee29a6dec946eaf8f88719a5a48be7bec4ebfaf862c05765a19 | Q29: =VLOOKUP(Tabela1[[#This Row],[WTG]],Óleo!N:NA,27,FALSE) -> #VALUE! | R29: =VLOOKUP(Tabela1[[#This Row],[WTG]],Óleo!N:BL,51,FALSE) -> #VALUE!
A30: Monitor | B30: EBR01-06 | C30: 46289 | D30: 4 | E30: HSS DnWind IRBP | G30: Dados de CMS indicam possíveis danos no rolamento DownWind do HSS. Recomenda-se realizar uma boroscopia com foco no HSS e seus rolamentos. | H30: 46293 | J30: Solicitada a realização da inspeção boroscópica em até 2 meses | K30: =IF(OR(H30="",J30=""),"",IF(ISNUMBER(SEARCH("15*dias",J30)),H30+15,IF(ISNUMBER(SEARCH("1*mês",J30)),EDATE(H30,1),IF(ISNUMBER(SEARCH("2*meses",J30)),EDATE(H30,2),"Prazo não definido")))) -> 46354 | N30: Boroscopia de março evidencia endentações nos rolamentos e no pinhão. | O30: CAT02 | P30: https://app.safetyculture.com/report/public/audit/7e12e1ceeec6bd99cca393d91c7a9f719a556c34d209c086905733a8c3c124a0 | Q30: =VLOOKUP(Tabela1[[#This Row],[WTG]],Óleo!N:NA,27,FALSE) -> #VALUE! | R30: =VLOOKUP(Tabela1[[#This Row],[WTG]],Óleo!N:BL,51,FALSE) -> #VALUE!
A31: Open | B31: EBR03-03 | C31: 46289 | D31: 3 | E31: Generator Outboard Accelerometer issue | F31: Generator Hitachi | G31: Dados de CMS indicam que os acelerômetros do rolamento downwind do gerador estão indicando um curto-circuito. | H31: 46293 | I31: SS00954 | J31: Solicitada inspeção do sensor do gerador e suas fiações em até 1 mês | K31: =IF(OR(H31="",J31=""),"",IF(ISNUMBER(SEARCH("15*dias",J31)),H31+15,IF(ISNUMBER(SEARCH("1*mês",J31)),EDATE(H31,1),IF(ISNUMBER(SEARCH("2*meses",J31)),EDATE(H31,2),"Prazo não definido")))) -> 46323 | Q31: =VLOOKUP(Tabela1[[#This Row],[WTG]],Óleo!N:NA,27,FALSE) -> #VALUE! | R31: =VLOOKUP(Tabela1[[#This Row],[WTG]],Óleo!N:BL,51,FALSE) -> #VALUE!
A32: Monitor | B32: EBR05-04 | C32: 46293 | D32: 3 | E32: Intermediate stage gear issue | F32: Gearbox | G32: Dados de CMS indicam possíveis danos no estágio intermediário, como foco no HSIS. | H32: 46300 | J32: Monitoramento | K32: =IF(OR(H32="",J32=""),"",IF(ISNUMBER(SEARCH("15*dias",J32)),H32+15,IF(ISNUMBER(SEARCH("1*mês",J32)),EDATE(H32,1),IF(ISNUMBER(SEARCH("2*meses",J32)),EDATE(H32,2),"Prazo não definido")))) -> Prazo não definido | N32: Foram identificadas marcas circunferenciais nos rolamentos do HSS, além de marcas de paradas moderadas no pinhão do HSS. Ring gear com marcas superficiais. Monitoramento. | O32: CAT02 | P32: https://invenergy.sharepoint.com/:b:/r/sites/assetmanagement/InvenergyServicesBrazilOpPortal/Engineering/01.%20Engineering%20%26%20O%26M/04.%20Alto%20Sert%C3%A3o%20II%20%26%20Caet%C3%A9s/05.%20Boroscopias/Inspection_GEARBOX_ATT-EBR5-04_0434.pdf?d=wa4915ca2ee5a4eb1ba88b528296eaceb&csf=1&web=1&e=t78Mmj | Q32: =VLOOKUP(Tabela1[[#This Row],[WTG]],Óleo!N:NA,27,FALSE) -> #VALUE! | R32: =VLOOKUP(Tabela1[[#This Row],[WTG]],Óleo!N:BL,51,FALSE) -> #VALUE!
A33: Open | B33: EBR07-02 | C33: 46294 | D33: 2 | E33: Gearbox Accelerometer issue | F33: Nanjing FDMD | G33: O acelerômetros da gearbox estão indicando curtos-circuitos; recomenda-se inspecionar a fiação e as conexões. Substitua os sensores, se necessário. | H33: 46300 | I33: SS00988 | J33: Solicitada inspeção dos sensores da gearbox e suas fiações em até 1 mês | K33: =IF(OR(H33="",J33=""),"",IF(ISNUMBER(SEARCH("15*dias",J33)),H33+15,IF(ISNUMBER(SEARCH("1*mês",J33)),EDATE(H33,1),IF(ISNUMBER(SEARCH("2*meses",J33)),EDATE(H33,2),"Prazo não definido")))) -> 46331 | Q33: =VLOOKUP(Tabela1[[#This Row],[WTG]],Óleo!N:NA,27,FALSE) -> #VALUE! | R33: =VLOOKUP(Tabela1[[#This Row],[WTG]],Óleo!N:BL,51,FALSE) -> #VALUE!

Sheet Alto Sertão 2
A1: CMS Alerts
A2: Status | B2: WTG | C2: Data do alarme | D2: Priority | E2: Case Title | F2: Component | G2: Diagnosis | H2: Data do Diagnóstico | I2: Service Order | J2: Action | K2: Deadline interpretado | L2: Programação | M2: Data Realizada | N2: Observação | O2: Categorização Boroscopia Gearbox | P2: Link do Relatório | Q2: Óleo | R2: Fe (ppm)
A3: Open | B3: CAE-01 | D3: 3 | E3: HSS Bearing Issue | F3: Gearbox | G3: Dados de CMS apresentam indícios de danos nos rolamentos do HSS da gearbox. Recomenda-se realizar uma inspeção visual do eixo, através da janela de inspeção. | H3: 46273 | I3: SS00903 | J3: Solicitada a realização da inspeção visual em até 2 meses | K3: =IF(OR(H3="",J3=""),"",IF(ISNUMBER(SEARCH("15*dias",J3)),H3+15,IF(ISNUMBER(SEARCH("1*mês",J3)),EDATE(H3,1),IF(ISNUMBER(SEARCH("2*meses",J3)),EDATE(H3,2),"Prazo não definido")))) -> 46334 | L3: 46274 | M3: 46274 | N3: OM - 17901. OM não apresenta fotos. | O3: =IFERROR(VLOOKUP(Tabela1[[#This Row],[WTG]],Boroscopias!B:C,2,FALSE),"") | Q3: =VLOOKUP(Tabela1[[#This Row],[WTG]],Óleo!N:NA,27,FALSE) -> Anormal | R3: =VLOOKUP(Tabela1[[#This Row],[WTG]],Óleo!N:BL,51,FALSE) -> 23
A4: Monitor | B4: CAE-04 | D4: 3 | E4: HSIS DnWind Bearing Issue | F4: Gearbox | G4: Dados de CMS apresentam indícios de danos nos rolamentos do HSIS da gearbox. Recomenda-se realizar uma boroscopia com foco nos rolamentos do HSIS. | H4: 46273 | I4: SS00904 | J4: Solicitada a realização da inspeção boroscópica em até 2 meses | K4: =IF(OR(H4="",J4=""),"",IF(ISNUMBER(SEARCH("15*dias",J4)),H4+15,IF(ISNUMBER(SEARCH("1*mês",J4)),EDATE(H4,1),IF(ISNUMBER(SEARCH("2*meses",J4)),EDATE(H4,2),"Prazo não definido")))) -> 46334 | L4: 46293 | M4: 46293 | N4: Diante do exposto, recomenda-se manter o componente em monitoramento para os demais componentes e se possível a troca do HSS e seus rolamentos. | O4: =IFERROR(VLOOKUP(Tabela1[[#This Row],[WTG]],Boroscopias!B:C,2,FALSE),"") -> CAT02 | P4: https://app.safetyculture.com/report/public/audit/3ba27a2f68f2c0f03460b98d6254d316d9f65801ee9fa76bfac6261505d732f2 | Q4: =VLOOKUP(Tabela1[[#This Row],[WTG]],Óleo!N:NA,27,FALSE) -> Normal | R4: =VLOOKUP(Tabela1[[#This Row],[WTG]],Óleo!N:BL,51,FALSE) -> 51
A5: Monitor | B5: CAE-07 | D5: 3 | E5: Planetary Bearing IRBP | F5: Gearbox | G5: Dados de CMS apresentam indícios de danos nos rolamentos dos planetas do estágio planetário da gearbox. Recomenda-se realizar uma boroscopia com foco no estágio planetário. | H5: 46273 | I5: SS00905 | J5: Solicitada a realização da inspeção boroscópica em até 2 meses | K5: =IF(OR(H5="",J5=""),"",IF(ISNUMBER(SEARCH("15*dias",J5)),H5+15,IF(ISNUMBER(SEARCH("1*mês",J5)),EDATE(H5,1),IF(ISNUMBER(SEARCH("2*meses",J5)),EDATE(H5,2),"Prazo não definido")))) -> 46334 | L5: 46294 | M5: 46297 | N5: Diante do exposto, recomenda-se manter o componente em monitoramento próximo e planejamento de troca do componente em até 12 meses. | O5: =IFERROR(VLOOKUP(Tabela1[[#This Row],[WTG]],Boroscopias!B:C,2,FALSE),"") -> CAT03 | P5: https://app.safetyculture.com/report/public/audit/f8a16a681cbfcaeb0f24b00b3c9b691a529f47a4c3b6ce3938b121d869b1a83c | Q5: =VLOOKUP(Tabela1[[#This Row],[WTG]],Óleo!N:NA,27,FALSE) -> Normal | R5: =VLOOKUP(Tabela1[[#This Row],[WTG]],Óleo!N:BL,51,FALSE) -> 10
A6: Waiting report | B6: CAE-17 | D6: 3 | E6: Planetary Bearing Issue | F6: Gearbox | G6: Dados de CMS apresentam indícios de danos nos rolamentos dos planetas do estágio planetário da gearbox. Recomenda-se realizar uma boroscopia com foco no estágio planetário. | H6: 46273 | I6: SS00906 | J6: Solicitada a realização da inspeção boroscópica em até 2 meses | K6: =IF(OR(H6="",J6=""),"",IF(ISNUMBER(SEARCH("15*dias",J6)),H6+15,IF(ISNUMBER(SEARCH("1*mês",J6)),EDATE(H6,1),IF(ISNUMBER(SEARCH("2*meses",J6)),EDATE(H6,2),"Prazo não definido")))) -> 46334 | O6: =IFERROR(VLOOKUP(Tabela1[[#This Row],[WTG]],Boroscopias!B:C,2,FALSE),"") | Q6: =VLOOKUP(Tabela1[[#This Row],[WTG]],Óleo!N:NA,27,FALSE) -> Normal | R6: =VLOOKUP(Tabela1[[#This Row],[WTG]],Óleo!N:BL,51,FALSE) -> 23
A7: Waiting report | B7: SEP-10 | D7: 3 | E7: Intermediate Stage Bearing Issue | F7: Gearbox | G7: Dados de CMS apresentam indícios de danos nos rolamentos do HSIS da gearbox. Recomenda-se realizar uma boroscopia com foco nos rolamentos do HSIS. | H7: 46273 | I7: SS00907 | J7: Solicitada a realização da inspeção boroscópica em até 2 meses | K7: =IF(OR(H7="",J7=""),"",IF(ISNUMBER(SEARCH("15*dias",J7)),H7+15,IF(ISNUMBER(SEARCH("1*mês",J7)),EDATE(H7,1),IF(ISNUMBER(SEARCH("2*meses",J7)),EDATE(H7,2),"Prazo não definido")))) -> 46334 | O7: =IFERROR(VLOOKUP(Tabela1[[#This Row],[WTG]],Boroscopias!B:C,2,FALSE),"") | Q7: =VLOOKUP(Tabela1[[#This Row],[WTG]],Óleo!N:NA,27,FALSE) -> #N/A | R7: =VLOOKUP(Tabela1[[#This Row],[WTG]],Óleo!N:BL,51,FALSE) -> #N/A
A8: Cancelado | B8: CAE-05 | D8: N/A | E8: HSS Gear Issue | F8: Gearbox | G8: Dados de CMS apresentam indícios de danos no HSS da gearbox. Recomenda-se realizar uma inspeção visual do eixo, através da janela de inspeção. | H8: 46273 | I8: N/A | J8: Solicitada a realização da inspeção visual em até 2 meses | K8: =IF(OR(H8="",J8=""),"",IF(ISNUMBER(SEARCH("15*dias",J8)),H8+15,IF(ISNUMBER(SEARCH("1*mês",J8)),EDATE(H8,1),IF(ISNUMBER(SEARCH("2*meses",J8)),EDATE(H8,2),"Prazo não definido")))) -> 46334 | L8: - | M8: - | N8: HSS trocado em 14/01/2026. | O8: =IFERROR(VLOOKUP(Tabela1[[#This Row],[WTG]],Boroscopias!B:C,2,FALSE),"") | Q8: =VLOOKUP(Tabela1[[#This Row],[WTG]],Óleo!N:NA,27,FALSE) -> Normal | R8: =VLOOKUP(Tabela1[[#This Row],[WTG]],Óleo!N:BL,51,FALSE) -> 6
A9: Cancelado | B9: CAE-08 | D9: N/A | E9: Intermediate Stage Bearing Issue | F9: Gearbox | G9: Dados de CMS apresentam indícios de danos nos rolamentos do HSIS da gearbox. Recomenda-se realizar uma boroscopia com foco nos rolamentos do HSIS. | H9: 46273 | I9: N/A | J9: Solicitada a realização da inspeção boroscópica em até 2 meses | K9: =IF(OR(H9="",J9=""),"",IF(ISNUMBER(SEARCH("15*dias",J9)),H9+15,IF(ISNUMBER(SEARCH("1*mês",J9)),EDATE(H9,1),IF(ISNUMBER(SEARCH("2*meses",J9)),EDATE(H9,2),"Prazo não definido")))) -> 46334 | L9: - | M9: - | N9: Boroscopia já executada em 31/07/2026. Turbina limitada e danos principalmente no rolamento frontal do planeta 01. | O9: =IFERROR(VLOOKUP(Tabela1[[#This Row],[WTG]],Boroscopias!B:C,2,FALSE),"") -> CAT03 | Q9: =VLOOKUP(Tabela1[[#This Row],[WTG]],Óleo!N:NA,27,FALSE) -> Crítico | R9: =VLOOKUP(Tabela1[[#This Row],[WTG]],Óleo!N:BL,51,FALSE) -> 99
A10: Closed | B10: PIL-06 | D10: 2 | E10: Intermediate Stage Accelerometer Issue | F10: Gearbox | G10: Os acelerômetros do estágio intermediário estão indicando um curto-circuito; recomenda-se inspecionar a fiação e as conexões. Substitua o sensor, se necessário. | H10: 46238 | I10: SS00765 | J10: Recomenda-se inspecionar a fiação e as conexões. Substitua o sensor se necessário. | K10: =IF(OR(H10="",J10=""),"",IF(ISNUMBER(SEARCH("15*dias",J10)),H10+15,IF(ISNUMBER(SEARCH("1*mês",J10)),EDATE(H10,1),IF(ISNUMBER(SEARCH("2*meses",J10)),EDATE(H10,2),"Prazo não definido")))) -> Prazo não definido | M10: 46292 | O10: =IFERROR(VLOOKUP(Tabela1[[#This Row],[WTG]],Boroscopias!B:C,2,FALSE),"") | Q10: =VLOOKUP(Tabela1[[#This Row],[WTG]],Óleo!N:NA,27,FALSE) -> Anormal | R10: =VLOOKUP(Tabela1[[#This Row],[WTG]],Óleo!N:BL,51,FALSE) -> 15
A11: Waiting report | B11: MAR-01 | C11: - | D11: 3 | E11: Main Bearing ORBP | F11: Main Bearing | G11: Dados de CMS apresentam indícios de danos de pista externa do Main Bearing. Recomenda-se realizar uma boroscopia e uma purga de graxa. | H11: 46294 | I11: SS00959 | J11: Solicitada a realização da inspeção boroscópica em até 1 mês. | K11: =IF(OR(H11="",J11=""),"",IF(ISNUMBER(SEARCH("15*dias",J11)),H11+15,IF(ISNUMBER(SEARCH("1*mês",J11)),EDATE(H11,1),IF(ISNUMBER(SEARCH("2*meses",J11)),EDATE(H11,2),"Prazo não definido")))) -> 46324 | O11: =IFERROR(VLOOKUP(Tabela1[[#This Row],[WTG]],Boroscopias!B:C,2,FALSE),"") | Q11: =VLOOKUP(Tabela1[[#This Row],[WTG]],Óleo!N:NA,27,FALSE) -> Normal | R11: =VLOOKUP(Tabela1[[#This Row],[WTG]],Óleo!N:BL,51,FALSE) -> 15
A12: Monitor | B12: MAR-05 | D12: 4 | E12: Intermediate Stage Bearing Issue | F12: Gearbox | H12: 46294 | J12: Manter monitoramento. | K12: =IF(OR(H12="",J12=""),"",IF(ISNUMBER(SEARCH("15*dias",J12)),H12+15,IF(ISNUMBER(SEARCH("1*mês",J12)),EDATE(H12,1),IF(ISNUMBER(SEARCH("2*meses",J12)),EDATE(H12,2),"Prazo não definido")))) -> Prazo não definido | O12: =IFERROR(VLOOKUP(Tabela1[[#This Row],[WTG]],Boroscopias!B:C,2,FALSE),"") -> CAT02 | Q12: =VLOOKUP(Tabela1[[#This Row],[WTG]],Óleo!N:NA,27,FALSE) -> Normal | R12: =VLOOKUP(Tabela1[[#This Row],[WTG]],Óleo!N:BL,51,FALSE) -> 17
A13: Open | B13: MAR-06 | C13: 8/ | D13: 3 | E13: Generator Outborad Sensor Issue | F13: Generator | G13: Os acelerômetros do rolamento traseiro do gerador estão indicando um curto-circuito; recomenda-se inspecionar a fiação e as conexões. Substitua o sensor, se necessário. | H13: 46294 | I13: Pendência #04381 | J13: Recomenda-se inspecionar a fiação e as conexões. Substitua o sensor se necessário. | K13: =IF(OR(H13="",J13=""),"",IF(ISNUMBER(SEARCH("15*dias",J13)),H13+15,IF(ISNUMBER(SEARCH("1*mês",J13)),EDATE(H13,1),IF(ISNUMBER(SEARCH("2*meses",J13)),EDATE(H13,2),"Prazo não definido")))) -> Prazo não definido | O13: =IFERROR(VLOOKUP(Tabela1[[#This Row],[WTG]],Boroscopias!B:C,2,FALSE),"") | Q13: =VLOOKUP(Tabela1[[#This Row],[WTG]],Óleo!N:NA,27,FALSE) -> Normal | R13: =VLOOKUP(Tabela1[[#This Row],[WTG]],Óleo!N:BL,51,FALSE) -> 11
A14: Waiting report | B14: MAR-11 | C14: 46290 | D14: 3 | E14: Main Bearing ORBP | F14: Main Bearing | G14: Dados de CMS apresentam indícios de danos de pista externa do Main Bearing. Recomenda-se realizar uma boroscopia e uma purga de graxa. | H14: 46294 | I14: SS00958 | J14: Solicitada a realização da inspeção boroscópica em até 2 meses | K14: =IF(OR(H14="",J14=""),"",IF(ISNUMBER(SEARCH("15*dias",J14)),H14+15,IF(ISNUMBER(SEARCH("1*mês",J14)),EDATE(H14,1),IF(ISNUMBER(SEARCH("2*meses",J14)),EDATE(H14,2),"Prazo não definido")))) -> 46355 | O14: =IFERROR(VLOOKUP(Tabela1[[#This Row],[WTG]],Boroscopias!B:C,2,FALSE),"") -> CAT02 | Q14: =VLOOKUP(Tabela1[[#This Row],[WTG]],Óleo!N:NA,27,FALSE) -> Normal | R14: =VLOOKUP(Tabela1[[#This Row],[WTG]],Óleo!N:BL,51,FALSE) -> 10
A15: Monitor | B15: MAR-11 | C15: 46290 | D15: 4 | E15: Intermediate Stage Issue | F15: Gearbox | G15: Dados de CMS apresentam um aumento de energia no estágio intermediário. | H15: 46294 | J15: Manter monitoramento. | K15: =IF(OR(H15="",J15=""),"",IF(ISNUMBER(SEARCH("15*dias",J15)),H15+15,IF(ISNUMBER(SEARCH("1*mês",J15)),EDATE(H15,1),IF(ISNUMBER(SEARCH("2*meses",J15)),EDATE(H15,2),"Prazo não definido")))) -> Prazo não definido | O15: =IFERROR(VLOOKUP(Tabela1[[#This Row],[WTG]],Boroscopias!B:C,2,FALSE),"") -> CAT02 | Q15: =VLOOKUP(Tabela1[[#This Row],[WTG]],Óleo!N:NA,27,FALSE) -> Normal | R15: =VLOOKUP(Tabela1[[#This Row],[WTG]],Óleo!N:BL,51,FALSE) -> 10
A16: Open | B16: PIL-07 | C16: 46168 | D16: 3 | E16: HSS Pinion issue | F16: Gearbox | G16: Dados de CMS apresentam indícios de danos no HSS da gearbox. Recomenda-se realizar uma inspeção visual do eixo, através da janela de inspeção. | H16: 46294 | I16: SS00961 | J16: Solicitada a realização da inspeção visual em até 1 mês. | K16: =IF(OR(H16="",J16=""),"",IF(ISNUMBER(SEARCH("15*dias",J16)),H16+15,IF(ISNUMBER(SEARCH("1*mês",J16)),EDATE(H16,1),IF(ISNUMBER(SEARCH("2*meses",J16)),EDATE(H16,2),"Prazo não definido")))) -> 46324 | O16: =IFERROR(VLOOKUP(Tabela1[[#This Row],[WTG]],Boroscopias!B:C,2,FALSE),"") | Q16: =VLOOKUP(Tabela1[[#This Row],[WTG]],Óleo!N:NA,27,FALSE) -> Normal | R16: =VLOOKUP(Tabela1[[#This Row],[WTG]],Óleo!N:BL,51,FALSE) -> 25
A17: Monitor | B17: PIL-18 | C17: 46285 | D17: 4 | E17: Intermediate Stage Issue | F17: Gearbox | G17: Dados de CMS apresentam indícios de evolução gradual de energia no estágio intermediário após troca de main bearing. | H17: 46294 | J17: Manter monitoramento. | K17: =IF(OR(H17="",J17=""),"",IF(ISNUMBER(SEARCH("15*dias",J17)),H17+15,IF(ISNUMBER(SEARCH("1*mês",J17)),EDATE(H17,1),IF(ISNUMBER(SEARCH("2*meses",J17)),EDATE(H17,2),"Prazo não definido")))) -> Prazo não definido | O17: =IFERROR(VLOOKUP(Tabela1[[#This Row],[WTG]],Boroscopias!B:C,2,FALSE),"") -> CAT01 | Q17: =VLOOKUP(Tabela1[[#This Row],[WTG]],Óleo!N:NA,27,FALSE) -> Normal | R17: =VLOOKUP(Tabela1[[#This Row],[WTG]],Óleo!N:BL,51,FALSE) -> 5
A18: Open | B18: CAE-02 | C18: 46293 | D18: 3 | E18: Intermediate Stage Issue | F18: Gearbox | G18: Dados de CMS apresentam um aumento de energia no estágio intermediário. | H18: 46300 | I18: SS00976 | J18: Solicitada a realização da inspeção boroscópica em até 2 meses | K18: =IF(OR(H18="",J18=""),"",IF(ISNUMBER(SEARCH("15*dias",J18)),H18+15,IF(ISNUMBER(SEARCH("1*mês",J18)),EDATE(H18,1),IF(ISNUMBER(SEARCH("2*meses",J18)),EDATE(H18,2),"Prazo não definido")))) -> 46361 | O18: =IFERROR(VLOOKUP(Tabela1[[#This Row],[WTG]],Boroscopias!B:C,2,FALSE),"") | Q18: =VLOOKUP(Tabela1[[#This Row],[WTG]],Óleo!N:NA,27,FALSE) -> Normal | R18: =VLOOKUP(Tabela1[[#This Row],[WTG]],Óleo!N:BL,51,FALSE) -> 16
A19: Monitor | B19: CAE-03 | C19: 46283 | D19: 4 | E19: Intermediate Stage Issue | F19: Gearbox | G19: Monitoramento. Picos de energia sem tendência de alta. | H19: 46300 | J19: Manter monitoramento. | K19: =IF(OR(H19="",J19=""),"",IF(ISNUMBER(SEARCH("15*dias",J19)),H19+15,IF(ISNUMBER(SEARCH("1*mês",J19)),EDATE(H19,1),IF(ISNUMBER(SEARCH("2*meses",J19)),EDATE(H19,2),"Prazo não definido")))) -> Prazo não definido | O19: =IFERROR(VLOOKUP(Tabela1[[#This Row],[WTG]],Boroscopias!B:C,2,FALSE),"") | Q19: =VLOOKUP(Tabela1[[#This Row],[WTG]],Óleo!N:NA,27,FALSE) -> Anormal | R19: =VLOOKUP(Tabela1[[#This Row],[WTG]],Óleo!N:BL,51,FALSE) -> 26
A20: Open | B20: CAE-10 | C20: 46279 | D20: 3 | E20: HSIS DnWind Bearing Issue | F20: Gearbox | G20: Dados de CMS apresentam um aumento de energia no estágio intermediário. Com possível dano no rolamento DnWind Rear do HSIS. | H20: 46300 | I20: SS00977 | J20: Solicitada a realização da inspeção boroscópica em até 1 mês, com foco no estágio intermediário e inspeção do filtro de óleo, procurando por limalhas de ferro. | K20: =IF(OR(H20="",J20=""),"",IF(ISNUMBER(SEARCH("15*dias",J20)),H20+15,IF(ISNUMBER(SEARCH("1*mês",J20)),EDATE(H20,1),IF(ISNUMBER(SEARCH("2*meses",J20)),EDATE(H20,2),"Prazo não definido")))) -> 46331 | O20: =IFERROR(VLOOKUP(Tabela1[[#This Row],[WTG]],Boroscopias!B:C,2,FALSE),"") | Q20: =VLOOKUP(Tabela1[[#This Row],[WTG]],Óleo!N:NA,27,FALSE) -> Anormal | R20: =VLOOKUP(Tabela1[[#This Row],[WTG]],Óleo!N:BL,51,FALSE) -> 8
A21: Monitor | B21: DOU-07 | D21: 4 | E21: Planetary Bearing Issue | F21: Gearbox | G21: Monitoramento. Indicação de frequências de danos de rolamentos dos planetários. | H21: 46300 | J21: Manter monitoramento. | K21: =IF(OR(H21="",J21=""),"",IF(ISNUMBER(SEARCH("15*dias",J21)),H21+15,IF(ISNUMBER(SEARCH("1*mês",J21)),EDATE(H21,1),IF(ISNUMBER(SEARCH("2*meses",J21)),EDATE(H21,2),"Prazo não definido")))) -> Prazo não definido | O21: =IFERROR(VLOOKUP(Tabela1[[#This Row],[WTG]],Boroscopias!B:C,2,FALSE),"") | Q21: =VLOOKUP(Tabela1[[#This Row],[WTG]],Óleo!N:NA,27,FALSE) -> Normal | R21: =VLOOKUP(Tabela1[[#This Row],[WTG]],Óleo!N:BL,51,FALSE) -> 18
A22: Monitor | B22: MAR-02 | D22: 4 | E22: Intermediate Stage Issue | F22: Gearbox | G22: Monitoramento. | H22: 46300 | J22: Manter monitoramento. | K22: =IF(OR(H22="",J22=""),"",IF(ISNUMBER(SEARCH("15*dias",J22)),H22+15,IF(ISNUMBER(SEARCH("1*mês",J22)),EDATE(H22,1),IF(ISNUMBER(SEARCH("2*meses",J22)),EDATE(H22,2),"Prazo não definido")))) -> Prazo não definido | O22: =IFERROR(VLOOKUP(Tabela1[[#This Row],[WTG]],Boroscopias!B:C,2,FALSE),"") -> CAT01 | Q22: =VLOOKUP(Tabela1[[#This Row],[WTG]],Óleo!N:NA,27,FALSE) -> Normal | R22: =VLOOKUP(Tabela1[[#This Row],[WTG]],Óleo!N:BL,51,FALSE) -> 20
A23: Open | B23: BOR-08 | C23: 46253 | D23: 2 | E23: 1st Stage Accelerometer Issue | F23: Gearbox | G23: O acelerômetro do estágio planetário da gearbox está indicando um curto-circuito; recomenda-se inspecionar a fiação e as conexões. Substitua o sensor, se necessário. | H23: 46300 | I23: SS00978 | J23: O acelerômetro do estágio planetário da gearbox está indicando um curto-circuito; recomenda-se inspecionar a fiação e as conexões. Substitua o sensor, se necessário. | K23: =IF(OR(H23="",J23=""),"",IF(ISNUMBER(SEARCH("15*dias",J23)),H23+15,IF(ISNUMBER(SEARCH("1*mês",J23)),EDATE(H23,1),IF(ISNUMBER(SEARCH("2*meses",J23)),EDATE(H23,2),"Prazo não definido")))) -> Prazo não definido | O23: =IFERROR(VLOOKUP(Tabela1[[#This Row],[WTG]],Boroscopias!B:C,2,FALSE),"") | Q23: =VLOOKUP(Tabela1[[#This Row],[WTG]],Óleo!N:NA,27,FALSE) -> Normal | R23: =VLOOKUP(Tabela1[[#This Row],[WTG]],Óleo!N:BL,51,FALSE) -> 25
A24: Open | B24: PEL-02 | C24: 46284 | D24: 3 | E24: Intermediate Stage Issue | F24: Gearbox | G24: Dados de CMS indicam um aumento de energia globa em variável no estágio intermediário, com possíveis danos no rolamento DnWind rear do HSIS. | H24: 46300 | I24: SS00979 | J24: Solicitada a realização da inspeção boroscópica em até 2 meses | K24: =IF(OR(H24="",J24=""),"",IF(ISNUMBER(SEARCH("15*dias",J24)),H24+15,IF(ISNUMBER(SEARCH("1*mês",J24)),EDATE(H24,1),IF(ISNUMBER(SEARCH("2*meses",J24)),EDATE(H24,2),"Prazo não definido")))) -> 46361 | O24: =IFERROR(VLOOKUP(Tabela1[[#This Row],[WTG]],Boroscopias!B:C,2,FALSE),"") | Q24: =VLOOKUP(Tabela1[[#This Row],[WTG]],Óleo!N:NA,27,FALSE) -> Anormal | R24: =VLOOKUP(Tabela1[[#This Row],[WTG]],Óleo!N:BL,51,FALSE) -> 118
A25: Open | B25: PEL-05 | D25: 3 | E25: Main Bearing ORBP | F25: Main Bearing | G25: Dados de CMS apresentam indícios de danos de pista externa do Main Bearing. Recomenda-se realizar uma boroscopia e uma purga de graxa. | H25: 46300 | I25: SS00989 | J25: Solicitada a realização da inspeção boroscópica em até 2 meses | K25: =IF(OR(H25="",J25=""),"",IF(ISNUMBER(SEARCH("15*dias",J25)),H25+15,IF(ISNUMBER(SEARCH("1*mês",J25)),EDATE(H25,1),IF(ISNUMBER(SEARCH("2*meses",J25)),EDATE(H25,2),"Prazo não definido")))) -> 46361 | O25: =IFERROR(VLOOKUP(Tabela1[[#This Row],[WTG]],Boroscopias!B:C,2,FALSE),"") | Q25: =VLOOKUP(Tabela1[[#This Row],[WTG]],Óleo!N:NA,27,FALSE) -> Normal | R25: =VLOOKUP(Tabela1[[#This Row],[WTG]],Óleo!N:BL,51,FALSE) -> 16
A26: Monitor | B26: PEL-12 | D26: 4 | E26: LSIS Issue | F26: Gearbox | H26: 46300 | J26: Manter monitoramento. | K26: =IF(OR(H26="",J26=""),"",IF(ISNUMBER(SEARCH("15*dias",J26)),H26+15,IF(ISNUMBER(SEARCH("1*mês",J26)),EDATE(H26,1),IF(ISNUMBER(SEARCH("2*meses",J26)),EDATE(H26,2),"Prazo não definido")))) -> Prazo não definido | N26: Monitoramento. | O26: =IFERROR(VLOOKUP(Tabela1[[#This Row],[WTG]],Boroscopias!B:C,2,FALSE),"") | Q26: =VLOOKUP(Tabela1[[#This Row],[WTG]],Óleo!N:NA,27,FALSE) -> Normal | R26: =VLOOKUP(Tabela1[[#This Row],[WTG]],Óleo!N:BL,51,FALSE) -> 18
A27: Open | B27: PEL-13 | D27: 3 | E27: Planetary Bearing Issue | F27: Gearbox | G27: Dados de CMS indicam possíveis danos nos rolamentos do estágio planetário. | H27: 46300 | I27: SS00990 | J27: Solicitada a realização da inspeção boroscópica em até 2 meses | K27: =IF(OR(H27="",J27=""),"",IF(ISNUMBER(SEARCH("15*dias",J27)),H27+15,IF(ISNUMBER(SEARCH("1*mês",J27)),EDATE(H27,1),IF(ISNUMBER(SEARCH("2*meses",J27)),EDATE(H27,2),"Prazo não definido")))) -> 46361 | O27: =IFERROR(VLOOKUP(Tabela1[[#This Row],[WTG]],Boroscopias!B:C,2,FALSE),"") | Q27: =VLOOKUP(Tabela1[[#This Row],[WTG]],Óleo!N:NA,27,FALSE) -> Normal | R27: =VLOOKUP(Tabela1[[#This Row],[WTG]],Óleo!N:BL,51,FALSE) -> 37

Sheet Consulta Óleo
A1: PAINEL DE ANÁLISES DE ÓLEO | X1: Todos | Y1: Todos
X2: Alto Sertão II | Y2: Anormal
A3: Consulta rápida por complexo e condição da amostra | X3: Asa Branca | Y3: Atenção
X4: Caetés | Y4: Crítico
A5: COMPLEXO | D5: STATUS DA AMOSTRA | G5: REGISTROS ENCONTRADOS | J5: Atualize a microfiltragem na base Óleo (colunas BJI e BJJ) | X5: Chapada | Y5: Normal
A6: Todos | D6: Crítico | G6: =IF(A11="Nenhum registro encontrado",0,IFERROR(ROWS(_xlfn.ANCHORARRAY(A11)),0)) -> 518 | X6: Não mapeado
A9: RESULTADOS DA CONSULTA
A10: Data de coleta | B10: Tag / frota | C10: Compartimento | D10: Obra / unidade | E10: Complexo | F10: Status da amostra | G10: Avaliação | H10: Ações de inspeção | I10: Ferro (ppm) | J10: Realizada Microfiltragem | K10: Data da Microfiltragem
A11: {=_xlfn.LET(_xlpm.dt,Óleo!E2:E2113,_xlpm.tag,Óleo!N2:N2113,_xlpm.cp,Óleo!R2:R2113,_xlpm.ob,Óleo!AK2:AK2113,_xlpm.ss,Óleo!AN2:AN2113,_xlpm.av,Óleo!AO2:AO2113,_xlpm.ac,Óleo!AQ2:AQ2113,_xlpm.fe,Óleo!BL2:BL2113,_xlpm.mf,Óleo!BJI2:BJI2113,_xlpm.dm,Óleo!BJJ2:BJJ2113,_xlpm.cx,IF(ISNUMBER(SEARCH("CAETÉS",_xlpm.ob)),"Caetés",IF(LEFT(_xlpm.ob,10)="Asa Branca","Asa Branca",IF(((LEFT(_xlpm.ob,11)="Santa Joana")+(LEFT(_xlpm.ob,13)="Santo Augusto")+ISNUMBER(SEARCH("MARCOLANDIA",_xlpm.ob)))>0,"Chapada",IF(ISNUMBER(_xlfn.XMATCH(_xlpm.ob,{"Ametista","Borgo","Caetité","Dourados","Espigão","Maron","Pelourinho","Pilões","Serra do Espinhaço"})),"Alto Sertão II","Não mapeado")))),_xlpm.c,$A$6,_xlpm.st,$D$6,_xlpm.out,_xlfn.HSTACK(_xlpm.dt,IF(_xlpm.tag="","",_xlpm.tag),IF(_xlpm.cp="","",_xlpm.cp),IF(_xlpm.ob="","",_xlpm.ob),_xlpm.cx,IF(_xlpm.ss="","",_xlpm.ss),IF(_xlpm.av="","",_xlpm.av),IF(_xlpm.ac="","",_xlpm.ac),_xlpm.fe,IF(_xlpm.mf="","",_xlpm.mf),IF(_xlpm.dm="","",_xlpm.dm)),_xlfn._xlws.FILTER(_xlpm.out,((_xlpm.c="Todos")+(_xlpm.cx=_xlpm.c)>0)*((_xlpm.st="Todos")+(_xlpm.ss=_xlpm.st)>0),"Nenhum registro encontrado"))} -> 13/08/2026 | B11: JOA12-13 | C11: Gearbox | D11: Santa Joana XII | E11: Chapada | F11: Crítico | G11: Condição do Lubrificante: A amostra apresenta grande quantidade de partículas sólidas em suspensão não identificados como metais de desgaste sendo assim podem ser oriundas de fibras, resíduos de filtros e derivados do processo. Condição do equipamento: Não há indícios de desgaste. [Diagnóstico Realizado de acordo com o Parâmetro do Cliente] | H11: Recomendamos que seja efetuada a micro filtragem para redução dos contaminantes sólidos, verificar condição dos filtros, problemas relacionados a vedações, entrada de contaminantes e sempre efetuar a transferência através de filtragem. | I11: 42
A12: 30/07/2026 | B12: JOA16-09 | C12: Gearbox | D12: Santa Joana XVI | E12: Chapada | F12: Crítico | G12: Condição do Lubrificante: A amostra apresenta partículas sólidas em suspensão de diversas fontes. Condição do equipamento: Apresenta moderada concentração de Ferro, a qual indica desgaste nos componentes. [Diagnóstico Realizado de acordo com o Parâmetro do Cliente] | H12: Recomendamos que seja efetuada a micro filtragem para redução dos contaminantes sólidos, verificar condição dos filtros, problemas relacionados a vedações, entrada de contaminantes e sempre efetuar a transferência através de filtragem. Avaliar as condições dos componentes. Efetuar nova coleta após 30 dias para acompanhamento. | I12: 54
A13: 30/07/2026 | B13: JOA12-01 | C13: Gearbox | D13: Santa Joana XII | E13: Chapada | F13: Crítico | G13: Condição do Lubrificante: A amostra apresenta grande quantidade de partículas sólidas em suspensão não identificados como metais de desgaste sendo assim podem ser oriundas de fibras, resíduos de filtros e derivados do processo. Condição do equipamento: Não há indícios de desgaste. [Diagnóstico Realizado de acordo com o Parâmetro do Cliente] | H13: Recomendamos que seja efetuada a micro filtragem para redução dos contaminantes sólidos, verificar condição dos filtros, problemas relacionados a vedações, entrada de contaminantes e sempre efetuar a transferência através de filtragem. | I13: 27
A14: 13/08/2026 | B14: JOA10-04 | C14: Gearbox | D14: Santa Joana X | E14: Chapada | F14: Crítico | G14: Condição do Lubrificante: A amostra apresenta grande quantidade de partículas sólidas em suspensão não identificados como metais de desgaste sendo assim podem ser oriundas de fibras, resíduos de filtros e derivados do processo. Condição do equipamento: Não há indícios de desgaste. [Diagnóstico Realizado de acordo com o Parâmetro do Cliente] | H14: Recomendamos que seja efetuada a micro filtragem para redução dos contaminantes sólidos, verificar condição dos filtros, problemas relacionados a vedações, entrada de contaminantes e sempre efetuar a transferência através de filtragem. | I14: 33
A15: 17/08/2026 | B15: JOA10-01 | C15: Gearbox | D15: Santa Joana X | E15: Chapada | F15: Crítico | G15: Condição do Lubrificante: A amostra apresenta grande quantidade de partículas sólidas em suspensão não identificados como metais de desgaste sendo assim podem ser oriundas de fibras, resíduos de filtros e derivados do processo. Condição do equipamento: Não há indícios de desgaste. [Diagnóstico Realizado de acordo com o Parâmetro do Cliente] | H15: Recomendamos que seja efetuada a micro filtragem para redução dos contaminantes sólidos, verificar condição dos filtros, problemas relacionados a vedações, entrada de contaminantes e sempre efetuar a transferência através de filtragem. | I15: 15
A16: 10/08/2026 | B16: AUG03-04 | C16: Gearbox | D16: Santo Augusto III | E16: Chapada | F16: Crítico | G16: Condição do Lubrificante: A amostra apresenta grande quantidade de partículas sólidas de diversas fontes. Condição do equipamento: Apresenta moderada concentração de Ferro a qual indica um desgaste nos componentes. [Diagnóstico Realizado de acordo com o Parâmetro do Cliente] | H16: Recomendamos que seja efetuada a micro filtragem para redução dos contaminantes sólidos, verificar condição dos filtros, problemas relacionados a vedações, entrada de contaminantes e sempre efetuar a transferência através de filtragem. Efetuar nova coleta após 15 dias para acompanhamento. | I16: 54
A17: 06/08/2026 | B17: JOA16-08 | C17: Gearbox | D17: Santa Joana XVI | E17: Chapada | F17: Crítico | G17: Condição do Lubrificante: A amostra apresenta grande quantidade de partículas sólidas em suspensão não identificados como metais de desgaste sendo assim podem ser oriundas de fibras, resíduos de filtros e derivados do processo. Condição do equipamento: Não há indícios de desgaste. [Diagnóstico Realizado de acordo com o Parâmetro do Cliente] | H17: Recomendamos que seja efetuada a micro filtragem para redução dos contaminantes sólidos, verificar condição dos filtros, problemas relacionados a vedações, entrada de contaminantes e sempre efetuar a transferência através de filtragem. | I17: 38
A18: 13/08/2026 | B18: JOA11-01 | C18: Gearbox | D18: Santa Joana XI | E18: Chapada | F18: Crítico | G18: Condição do Lubrificante: A amostra apresenta grande quantidade de partículas sólidas em suspensão não identificados como metais de desgaste sendo assim podem ser oriundas de fibras, resíduos de filtros e derivados do processo. Condição do equipamento: Não há indícios de desgaste. [Diagnóstico Realizado de acordo com o Parâmetro do Cliente] | H18: Recomendamos que seja efetuada a micro filtragem para redução dos contaminantes sólidos, verificar condição dos filtros, problemas relacionados a vedações, entrada de contaminantes e sempre efetuar a transferência através de filtragem. | I18: 35
A19: 28/07/2026 | B19: JOA11-01 | C19: Gearbox | D19: Santa Joana XI | E19: Chapada | F19: Crítico | G19: Condição do Lubrificante: A amostra apresenta grande quantidade de partículas sólidas em suspensão não identificados como metais de desgaste sendo assim podem ser oriundas de fibras, resíduos de filtros e derivados do processo. Condição do equipamento: Não há indícios de desgaste. [Diagnóstico Realizado de acordo com o Parâmetro do Cliente] | H19: Recomendamos que seja efetuada a micro filtragem para redução dos contaminantes sólidos, verificar condição dos filtros, problemas relacionados a vedações, entrada de contaminantes e sempre efetuar a transferência através de filtragem. | I19: 24
A20: 06/08/2026 | B20: JOA03-04 | C20: Gearbox | D20: Santa Joana III | E20: Chapada | F20: Crítico | G20: Condição do Lubrificante: A amostra apresenta grande quantidade de partículas sólidas de diversas fontes. Condição do equipamento: Apresenta moderada concentração de Ferro a qual indica um desgaste nos componentes. [Diagnóstico Realizado de acordo com o Parâmetro do Cliente] | H20: Recomendamos que seja efetuada a micro filtragem para redução dos contaminantes sólidos, verificar condição dos filtros, problemas relacionados a vedações, entrada de contaminantes e sempre efetuar a transferência através de filtragem. Efetuar nova coleta após 15 dias para acompanhamento. | I20: 65
A21: 06/08/2026 | B21: JOA01-14 | C21: Gearbox | D21: Santa Joana I | E21: Chapada | F21: Crítico | G21: Condição do Lubrificante: A amostra apresenta grande quantidade de partículas sólidas em suspensão não identificados como metais de desgaste sendo assim podem ser oriundas de fibras, resíduos de filtros e derivados do processo. Condição do equipamento: Não há indícios de desgaste. [Diagnóstico Realizado de acordo com o Parâmetro do Cliente] | H21: Recomendamos que seja efetuada a micro filtragem para redução dos contaminantes sólidos, verificar condição dos filtros, problemas relacionados a vedações, entrada de contaminantes e sempre efetuar a transferência através de filtragem. | I21: 37
A22: 13/08/2026 | B22: AUG05-11 | C22: Gearbox | D22: Santo Augusto V | E22: Chapada | F22: Crítico | G22: Condição do Lubrificante: A amostra apresenta grande quantidade de partículas sólidas de diversas fontes. Condição do equipamento: Apresenta moderada concentração de Ferro a qual indica um desgaste nos componentes. [Diagnóstico Realizado de acordo com o Parâmetro do Cliente] | H22: Recomendamos que seja efetuada a micro filtragem para redução dos contaminantes sólidos, verificar condição dos filtros, problemas relacionados a vedações, entrada de contaminantes e sempre efetuar a transferência através de filtragem. Efetuar nova coleta após 15 dias para acompanhamento. | I22: 76
A23: 29/07/2026 | B23: AUG04-02 | C23: Gearbox | D23: Santo Augusto IV | E23: Chapada | F23: Crítico | G23: Condição do Lubrificante: A amostra apresenta grande quantidade de partículas sólidas de diversas fontes. Condição do equipamento: Apresenta moderada concentração de Ferro a qual indica um desgaste nos componentes. [Diagnóstico Realizado de acordo com o Parâmetro do Cliente] | H23: Recomendamos que seja efetuada a micro filtragem para redução dos contaminantes sólidos, verificar condição dos filtros, problemas relacionados a vedações, entrada de contaminantes e sempre efetuar a transferência através de filtragem. Efetuar nova coleta após 15 dias para acompanhamento. | I23: 60
... A121: 11/04/2025 | B121: JOA01-14 | C121: Gearbox | D121: Santa Joana I | E121: Chapada | F121: Crítico | G121: Condição do Lubrificante: A amostra apresenta grande quantidade de partículas sólidas em suspensão não identificados como metais de desgaste sendo assim podem ser oriundas de fibras, resíduos de filtros e derivados do processo. Condição do equipamento: Não há indícios de desgaste. | H121: Recomendamos que seja efetuada a micro filtragem para redução dos contaminantes sólidos, verificar condição dos filtros, problemas relacionados a vedações, entrada de contaminantes e sempre efetuar a transferência através de filtragem. Informar o tipo de óleo utilizado. | I121: 1
A122: 0 | B122: JOA11-13 | C122: Gearbox | D122: Santa Joana XI | E122: Chapada | F122: Crítico | G122: Condição do Lubrificante: A amostra apresenta grande quantidade de partículas sólidas em suspensão não identificados como metais de desgaste sendo assim podem ser oriundas de fibras, resíduos de filtros e derivados do processo. Condição do equipamento: Não há indícios de desgaste. | H122: Recomendamos que seja efetuada a micro filtragem para redução dos contaminantes sólidos, verificar condição dos filtros, problemas relacionados a vedações, entrada de contaminantes e sempre efetuar a transferência através de filtragem. Informar o tipo de óleo utilizado. | I122: 8
A123: 14/02/2025 | B123: JOA12-13 | C123: Gearbox | D123: Santa Joana XII | E123: Chapada | F123: Crítico | G123: Condição do Lubrificante: A amostra apresenta partículas sólidas em suspensão de diversas fontes. Condição do equipamento: Apresenta moderada concentração de Ferro, a qual indica desgaste nos componentes. | H123: Recomendamos que seja efetuada a micro filtragem para redução dos contaminantes sólidos, verificar condição dos filtros, problemas relacionados a vedações, entrada de contaminantes e sempre efetuar a transferência através de filtragem. Efetuar nova coleta após 30 dias para acompanhamento. Informar o tipo de óleo utilizado. | I123: 103
A124: 27/02/2025 | B124: JOA04-05 | C124: Gearbox | D124: Santa Joana IV | E124: Chapada | F124: Crítico | G124: Condição do Lubrificante: A amostra apresenta grande quantidade de partículas sólidas em suspensão não identificados como metais de desgaste sendo assim podem ser oriundas de fibras, resíduos de filtros e derivados do processo. Condição do equipamento: Não há indícios de desgaste. | H124: Recomendamos que seja efetuada a micro filtragem para redução dos contaminantes sólidos, verificar condição dos filtros, problemas relacionados a vedações, entrada de contaminantes e sempre efetuar a transferência através de filtragem. | I124: 39
A125: 06/03/2025 | B125: JOA15-12 | C125: Gearbox | D125: Santa Joana XV | E125: Chapada | F125: Crítico | G125: Condição do Lubrificante: A amostra apresenta grande quantidade de partículas sólidas em suspensão não identificados como metais de desgaste sendo assim podem ser oriundas de fibras, resíduos de filtros e derivados do processo. Condição do equipamento: Não há indícios de desgaste. | H125: Recomendamos que seja efetuada a micro filtragem para redução dos contaminantes sólidos, verificar condição dos filtros, problemas relacionados a vedações, entrada de contaminantes e sempre efetuar a transferência através de filtragem. Informar o tipo de óleo utilizado. | I125: 9
A126: 09/04/2025 | B126: JOA15-03 | C126: Gearbox | D126: Santa Joana XV | E126: Chapada | F126: Crítico | G126: Condição do Lubrificante: A amostra apresenta grande quantidade de partículas sólidas em suspensão não identificados como metais de desgaste sendo assim podem ser oriundas de fibras, resíduos de filtros e derivados do processo. Condição do equipamento: Não há indícios de desgaste. | H126: Recomendamos que seja efetuada a micro filtragem para redução dos contaminantes sólidos, verificar condição dos filtros, problemas relacionados a vedações, entrada de contaminantes e sempre efetuar a transferência através de filtragem. Informar o tipo de óleo utilizado. | I126: 1
A127: 19/02/2025 | B127: AUG05-04 | C127: Gearbox | D127: Santo Augusto V | E127: Chapada | F127: Crítico | G127: Condição do Lubrificante: A amostra apresenta grande quantidade de partículas sólidas de diversas fontes. Condição do equipamento: Apresenta concentração de Ferro a qual indica um potencial desgaste nos componentes. | H127: Recomendamos que seja efetuada a micro filtragem para redução dos contaminantes sólidos, verificar condição dos filtros, problemas relacionados a vedações, entrada de contaminantes e sempre efetuar a transferência através de filtragem. Efetuar nova coleta após 15 dias para acompanhamento. | I127: 128
A128: 18/03/2025 | B128: AUG03-02 | C128: Gearbox | D128: Santo Augusto III | E128: Chapada | F128: Crítico | G128: Condição do Lubrificante: A amostra apresenta Pequena quantidade de impurezas em suspensão não magnéticas podendo ser oriundas de diversas fontes. Condição do equipamento: Apresenta elevada concentração de Ferro e moderado índice de PQI as quais indicam um potencial desgaste severo nos componentes. | H128: Verificar problemas relacionados a vedações e possíveis fontes de contaminação. Recomendamos avaliar as condições dos componentes e efetuar nova coleta após 15 dias para acompanhamento da evolução do desgaste. | I128: 293
A129: 0 | B129: JOA01-04 | C129: Gearbox | D129: Santa Joana I | E129: Chapada | F129: Crítico | G129: Condição do Lubrificante: A amostra apresenta grande quantidade de partículas sólidas em suspensão não identificados como metais de desgaste sendo assim podem ser oriundas de fibras, resíduos de filtros e derivados do processo. Condição do equipamento: Não há indícios de desgaste. | H129: Recomendamos que seja efetuada a micro filtragem para redução dos contaminantes sólidos, verificar condição dos filtros, problemas relacionados a vedações, entrada de contaminantes e sempre efetuar a transferência através de filtragem. Informar o tipo de óleo utilizado. | I129: 1
A130: 07/04/2025 | B130: AUG05-07 | C130: Gearbox | D130: Santo Augusto V | E130: Chapada | F130: Crítico | G130: Condição do Lubrificante: A amostra apresenta grande quantidade de partículas sólidas em suspensão não identificados como metais de desgaste sendo assim podem ser oriundas de fibras, resíduos de filtros e derivados do processo. Condição do equipamento: Não há indícios de desgaste. | H130: Recomendamos que seja efetuada a micro filtragem para redução dos contaminantes sólidos, verificar condição dos filtros, problemas relacionados a vedações, entrada de contaminantes e sempre efetuar a transferência através de filtragem. Informar o tipo de óleo utilizado. | I130: 1
A131: 12/03/2025 | B131: AUG05-14 | C131: Gearbox | D131: Santo Augusto V | E131: Chapada | F131: Crítico | G131: Condição do lubrificante: Apresenta condições normais de uso. Condição do equipamento: Apresenta elevada concentração de Ferro a qual indica um potencial desgaste severo nos componentes. | H131: Recomendamos avaliar as condições dos componentes e efetuar nova coleta após 15 dias para acompanhamento da evolução do desgaste. | I131: 364
A132: 08/04/2025 | B132: JOA01-11 | C132: Gearbox | D132: Santa Joana I | E132: Chapada | F132: Crítico | G132: Condição do Lubrificante: A amostra apresenta grande quantidade de partículas sólidas em suspensão não identificados como metais de desgaste sendo assim podem ser oriundas de fibras, resíduos de filtros e derivados do processo. Condição do equipamento: Não há indícios de desgaste. | H132: Recomendamos que seja efetuada a micro filtragem para redução dos contaminantes sólidos, verificar condição dos filtros, problemas relacionados a vedações, entrada de contaminantes e sempre efetuar a transferência através de filtragem. Informar o tipo de óleo utilizado. | I132: 1
A133: 17/04/2025 | B133: JOA05-04 | C133: Gearbox | D133: Santa Joana V | E133: Chapada | F133: Crítico | G133: Condição do Lubrificante: A amostra apresenta grande quantidade de partículas sólidas em suspensão não identificados como metais de desgaste sendo assim podem ser oriundas de fibras, resíduos de filtros e derivados do processo. Condição do equipamento: Não há indícios de desgaste. | H133: Recomendamos que seja efetuada a micro filtragem para redução dos contaminantes sólidos, verificar condição dos filtros, problemas relacionados a vedações, entrada de contaminantes e sempre efetuar a transferência através de filtragem. Informar o tipo de óleo utilizado. | I133: 19
A134: 12/03/2025 | B134: AUG05-15 | C134: Gearbox | D134: Santo Augusto V | E134: Chapada | F134: Crítico | G134: Condição do Lubrificante: A amostra apresenta partículas sólidas de diversas fontes. Condição do equipamento: Apresenta elevada concentração de Ferro a qual indica um potencial desgaste severo nos componentes. | H134: Recomendamos que seja efetuada a micro filtragem para redução dos contaminantes sólidos, verificar condição dos filtros, problemas relacionados a vedações, entrada de contaminantes e sempre efetuar a transferência através de filtragem. Efetuar nova coleta após 15 dias para acompanhamento. | I134: 187
A135: 19/03/2025 | B135: JOA04-06 | C135: Gearbox | D135: Santa Joana IV | E135: Chapada | F135: Crítico | G135: Condição do lubrificante: Apresenta condições normais de uso. Condição do equipamento: Apresenta elevada concentração de Ferro e partículas metálicas as quais indicam um potencial desgaste severo nos componentes. Devido a presença de partículas visíveis a olho nu apresentado nos resultados "Visual", não foi possível efetuar a análise de Contagem de Partículas. | H135: Recomendamos avaliar as condições dos componentes e efetuar nova coleta após 15 dias para acompanhamento da evolução do desgaste. Informar o tipo de óleo utilizado. | I135: 204
A136: 01/04/2025 | B136: AUG03-07 | C136: Gearbox | D136: Santo Augusto III | E136: Chapada | F136: Crítico | G136: Condição do Lubrificante: A amostra apresenta grande quantidade de partículas sólidas de diversas fontes. Condição do equipamento: Apresenta elevada concentração de Ferro a qual indica um potencial desgaste severo nos componentes. | H136: Recomendamos que seja efetuada a micro filtragem para redução dos contaminantes sólidos, verificar condição dos filtros, problemas relacionados a vedações, entrada de contaminantes e sempre efetuar a transferência através de filtragem. Efetuar nova coleta após 15 dias para acompanhamento. Informar o tipo de óleo utilizado. | I136: 253
A137: 04/04/2025 | B137: AUG04-06 | C137: Gearbox | D137: Santo Augusto IV | E137: Chapada | F137: Crítico | G137: Condição do Lubrificante: A amostra apresenta grande quantidade de partículas sólidas em suspensão não identificados como metais de desgaste sendo assim podem ser oriundas de fibras, resíduos de filtros e derivados do processo. Condição do equipamento: Não há indícios de desgaste. | H137: Recomendamos que seja efetuada a micro filtragem para redução dos contaminantes sólidos, verificar condição dos filtros, problemas relacionados a vedações, entrada de contaminantes e sempre efetuar a transferência através de filtragem. Informar o tipo de óleo utilizado. | I137: 4
A138: 09/04/2025 | B138: JOA05-01 | C138: Gearbox | D138: Santa Joana V | E138: Chapada | F138: Crítico | G138: Condição do Lubrificante: A amostra apresenta grande quantidade de partículas sólidas de diversas fontes. Condição do equipamento: Apresenta elevada concentração de Ferro, moderado índice de PQI e partículas metálicas as quais indicam um potencial desgaste severo nos componentes. | H138: Recomendamos que seja efetuada a micro filtragem para redução dos contaminantes sólidos, verificar condição dos filtros, problemas relacionados a vedações, entrada de contaminantes e sempre efetuar a transferência através de filtragem. Efetuar nova coleta após 15 dias para acompanhamento. | I138: 872
A139: 13/03/2025 | B139: AUG05-15 | C139: Gearbox | D139: Santo Augusto V | E139: Chapada | F139: Crítico | G139: Condição do lubrificante: Apresenta condições normais de uso. Condição do equipamento: Apresenta elevada concentração de Ferro e partículas metálicas as quais indicam um potencial desgaste severo nos componentes. Devido as condições do óleo não foi possível realizar todos os ensaios previstos. | H139: Recomendamos avaliar as condições dos componentes e efetuar nova coleta após 15 dias para acompanhamento da evolução do desgaste. Verificar o motivo da adição de óleo no período. | I139: 223
A140: 07/04/2025 | B140: JOA04-02 | C140: Gearbox | D140: Santa Joana IV | E140: Chapada | F140: Crítico | G140: Condição do Lubrificante: A amostra apresenta grande quantidade de partículas sólidas de diversas fontes. Condição do equipamento: Apresenta elevada concentração de Ferro a qual indica um potencial desgaste severo nos componentes. | H140: Recomendamos que seja efetuada a micro filtragem para redução dos contaminantes sólidos, verificar condição dos filtros, problemas relacionados a vedações, entrada de contaminantes e sempre efetuar a transferência através de filtragem. Efetuar nova coleta após 15 dias para acompanhamento. Informar o tipo de óleo utilizado. | I140: 412
A141: 25/03/2025 | B141: JOA05-06 | C141: Gearbox | D141: Santa Joana V | E141: Chapada | F141: Crítico | G141: Condição do Lubrificante: A amostra apresenta partículas sólidas de diversas fontes. Condição do equipamento: Apresenta elevada concentração de Ferro a qual indica um potencial desgaste severo nos componentes. | H141: Recomendamos que seja efetuada a micro filtragem para redução dos contaminantes sólidos, verificar condição dos filtros, problemas relacionados a vedações, entrada de contaminantes e sempre efetuar a transferência através de filtragem. Efetuar nova coleta após 15 dias para acompanhamento. Informar o tipo de óleo utilizado. | I141: 186
... A398: 10/08/2020 | B398: JOA07-04 | C398: Gearbox | D398: Santa Joana VII | E398: Chapada | F398: Crítico | G398: Condição do Lubrificante: A amostra apresenta grande quantidade de partículas sólidas em suspensão não identificados como metais de desgaste, sendo assim podem ser oriundas de fibras, resíduos de filtros e derivados do processo. Condição do equipamento: Apresenta elevada concentração de Ferro e leve índice de PQI, a qual indica um desgaste severo nos componentes. | H398: Recomendamos que seja efetuada a microfiltragem no sistema para redução dos contaminantes sólidos e avaliar as condições dos componentes. Verificar também condição dos filtros, problemas relacionados ao respiro, vedações e sempre efetuar a transferência do óleo utilizando o sistema de filtragem. Efetuar nova coleta após 15 dias para acompanhamento da evolução do desgaste. | I398: 152
A399: 0 | B399: JOA10-12 | C399: Gearbox | D399: Santa Joana X | E399: Chapada | F399: Crítico | G399: Condição do Lubrificante: A amostra apresenta grande quantidade de partículas sólidas em suspensão de diversas fontes. Condição do equipamento: Não apresenta desgaste anormal. OBS. Favor informar os dados do lubrificante para melhor Interpretação de resultados. | H399: Recomendamos que seja efetuada a micro filtragem para redução dos contaminantes sólidos, verificar condição dos filtros, problemas relacionados a vedações, entrada de contaminantes e sempre efetuar a transferência através de filtragem. | I399: 0
A400: 06/08/2020 | B400: JOA12-08 | C400: Gearbox | D400: Santa Joana XII | E400: Chapada | F400: Crítico | G400: Condição do Lubrificante: A amostra apresenta grande quantidade de partículas sólidas em suspensão de diversas fontes. Condição do equipamento: Não apresenta desgaste anormal. | H400: Recomendamos que seja efetuada a micro filtragem para redução dos contaminantes sólidos, verificar condição dos filtros, problemas relacionados a vedações, entrada de contaminantes e sempre efetuar a transferência através de filtragem. | I400: 36
A401: 24/07/2020 | B401: JOA04-12 | C401: Gearbox | D401: Santa Joana IV | E401: Chapada | F401: Crítico | G401: Condição do lubrificante: A amostra apresenta moderada concentração de Água por 326 ppm, esta característica promove oxidação dos componentes, degradação do óleo e falha na lubrificação e encontrado também moderada quantidade de partículas sólidas em suspensão não identificados como metais de desgaste, sendo assim podem ser oriundas de fibras, resíduos de filtros e derivados do processo. Condição do equipamento: Apresenta elevado índice de PQI e visual com partículas metálicas, a qual indica um potencial desgaste nos componentes. | H401: Recomendamos que seja feita a desidratação/centrifugação ou a substituição do lubrificante, e efetuar a microfiltragem no reservatório para redução dos contaminantes sólidos. Avaliar as condições dos componentes, verificar também condição dos filtros, problemas relacionados ao respiro, vedações e sempre efetuar a transferência do óleo utilizando o sistema de filtragem. Efetuar nova coleta após 15 dias para acompanhamento da evolução do desgaste. | I401: 42
A402: 24/07/2020 | B402: JOA10-09 | C402: Gearbox | D402: Santa Joana X | E402: Chapada | F402: Crítico | G402: Condição do Lubrificante: A amostra apresenta grande quantidade de partículas sólidas em suspensão não identificados como metais de desgaste, sendo assim podem ser oriundas de fibras, resíduos de filtros e derivados do processo. Condição do equipamento: Apresenta elevada concentração de Ferro, a qual indica um desgaste severo nos componentes. | H402: Recomendamos que seja efetuada a microfiltragem no sistema para redução dos contaminantes sólidos e avaliar as condições dos componentes. Verificar também condição dos filtros, problemas relacionados ao respiro, vedações e sempre efetuar a transferência do óleo utilizando o sistema de filtragem. Efetuar nova coleta após 15 dias para acompanhamento da evolução do desgaste. | I402: 117
A403: 29/07/2020 | B403: JOA01-03 | C403: Gearbox | D403: Santa Joana I | E403: Chapada | F403: Crítico | G403: Condição do Lubrificante: A amostra apresenta pequena quantidade de Impurezas visíveis a olho nu ( impossibilitando realizar o ensaio de contagem de partículas ) em suspensão não magnéticas, sendo assim podem ser oriundas de contaminação externa e do sistema. Condição do equipamento: Apresenta elevada concentração de Ferro e leve índice de PQI, a qual indica um potencial desgaste nos componentes. | H403: Recomendamos verificar problemas relacionados a respiros, vedações avaliar as condições dos componentes e efetuar a microfiltragem para redução dos contaminantes sólidos. Sempre efetuar a transferência do óleo utilizando o sistema de filtragem. Efetuar nova coleta após 15 dias para acompanhamento da evolução do desgaste. | I403: 137
A404: 0 | B404: JOA01-14 | C404: Gearbox | D404: Santa Joana I | E404: Chapada | F404: Crítico | G404: Condição do lubrificante: A amostra apresenta moderada concentração de Água por 349 ppm, esta característica promove oxidação dos componentes, degradação do óleo e falha na lubrificação e encontrado também moderada quantidade de partículas sólidas em suspensão não identificados como metais de desgaste, sendo assim podem ser oriundas de fibras, resíduos de filtros e derivados do processo. Condição do equipamento: Apresenta elevada concentração de Ferro, a qual indica um potencial desgaste nos componentes. | H404: Recomendamos que seja feita a desidratação/centrifugação ou a substituição do lubrificante, e efetuar a microfiltragem no reservatório para redução dos contaminantes sólidos. Avaliar as condições dos componentes e verificar também condição dos filtros, problemas relacionados ao respiro, vedações e sempre efetuar a transferência do óleo utilizando o sistema de filtragem. Efetuar nova coleta após 15 dias para acompanhamento da evolução do desgaste. | I404: 122
A405: 0 | B405: JOA13-02 | C405: Gearbox | D405: Santa Joana XIII | E405: Chapada | F405: Crítico | G405: Condição do lubrificante: A amostra apresenta moderada concentração de Água por 1815 ppm, esta característica promove oxidação dos componentes, degradação do óleo e falha na lubrificação e encontrado pequena quantidade de Impurezas ( impossibilitando realizar o ensaio de contagem de partículas ), que indicam contaminação externa. Condição do equipamento: Apresenta moderada concentração de Ferro, a qual não indica um desgaste nos componentes. | H405: Recomendamos avaliar entre a desidratação/centrifugação do lubrificante ou efetuar a substituição, verificar danos nas vedações, respiros e avaliar as condições dos componentes. Efetuar nova coleta após 15 dias acompanhamento da evolução do desgaste. OBS. Informar o volume de óleo do componente. | I405: 63
A406: 0 | B406: JOA04-07 | C406: Gearbox | D406: Santa Joana IV | E406: Chapada | F406: Crítico | G406: Condição do lubrificante: A amostra apresenta moderada concentração de Água por 319 ppm, esta característica promove oxidação dos componentes, degradação do óleo e falha na lubrificação e encontrado também moderada quantidade de partículas sólidas em suspensão não identificados como metais de desgaste, sendo assim podem ser oriundas de fibras, resíduos de filtros e derivados do processo. Condição do equipamento: Apresenta moderada concentração de Ferro, a qual não indica um desgaste severo nos componentes. | H406: Recomendamos que seja feita a desidratação/centrifugação ou a substituição do lubrificante, e efetuar a microfiltragem no reservatório para redução dos contaminantes sólidos. Verificar também condição dos filtros, problemas relacionados ao respiro, vedações e sempre efetuar a transferência do óleo utilizando o sistema de filtragem. Efetuar nova coleta após 30 dias para acompanhamento da evolução do desgaste. | I406: 85
A407: 0 | B407: JOA10-13 | C407: Gearbox | D407: Santa Joana X | E407: Chapada | F407: Crítico | G407: Condição do lubrificante: A amostra apresenta moderada concentração de Água, esta característica promove oxidação dos componentes, degradação do óleo e falha na lubrificação e encontrado também grande quantidade de partículas sólidas em suspensão não identificados como metais de desgaste, sendo assim podem ser oriundas de fibras, resíduos de filtros e derivados do processo. Condição do equipamento: Não há indícios de desgaste. | H407: Recomendamos que seja feita a desidratação/centrifugação ou a substituição do lubrificante, e efetuar a microfiltragem no reservatório para redução dos contaminantes sólidos. Verificar também condição dos filtros, problemas relacionados ao respiro, vedações e sempre efetuar a transferência do óleo utilizando o sistema de filtragem. Efetuar nova coleta após 30 dias para acompanhamento. | I407: 35
A408: 28/07/2020 | B408: JOA04-10 | C408: Gearbox | D408: Santa Joana IV | E408: Chapada | F408: Crítico | G408: Condição do lubrificante: A amostra apresenta moderada concentração de Água por 324 ppm, esta característica promove oxidação dos componentes, degradação do óleo e falha na lubrificação e encontrado também grande quantidade de partículas sólidas em suspensão não identificados como metais de desgaste, sendo assim podem ser oriundas de fibras, resíduos de filtros e derivados do processo. Condição do equipamento: Apresenta moderado concentração de Ferro e alto índice de PQI, a qual indica um potencial desgaste nos componentes. | H408: Recomendamos que seja feita a desidratação/centrifugação ou a substituição do lubrificante, e efetuar a microfiltragem no reservatório para redução dos contaminantes sólidos. Avaliar as condições dos componentes e verificar também condição dos filtros, problemas relacionados ao respiro, vedações e sempre efetuar a transferência do óleo utilizando o sistema de filtragem. Efetuar nova coleta após 15 dias para acompanhamento. | I408: 72
A409: 0 | B409: JOA04-01 | C409: Gearbox | D409: Santa Joana IV | E409: Chapada | F409: Crítico | G409: Condição do lubrificante: A amostra apresenta moderada concentração de Água por 371 ppm, esta característica promove oxidação dos componentes, degradação do óleo e falha na lubrificação e encontrado também moderada quantidade de partículas sólidas em suspensão não identificados como metais de desgaste, sendo assim podem ser oriundas de fibras, resíduos de filtros e derivados do processo. Condição do equipamento: Não há indícios de desgaste. | H409: Recomendamos que seja feita a desidratação/centrifugação ou a substituição do lubrificante, e efetuar a microfiltragem no reservatório para redução dos contaminantes sólidos. Verificar também condição dos filtros, problemas relacionados ao respiro, vedações e sempre efetuar a transferência do óleo utilizando o sistema de filtragem. Efetuar nova coleta após 30 dias para acompanhamento. | I409: 36
A410: 0 | B410: JOA04-06 | C410: Gearbox | D410: Santa Joana IV | E410: Chapada | F410: Crítico | G410: Condição do Lubrificante: A amostra apresenta grande quantidade de partículas sólidas em suspensão não identificados como metais de desgaste, sendo assim podem ser oriundas de fibras, resíduos de filtros e derivados do processo. Condição do equipamento: Apresenta moderada concentração de Ferro, a qual não indica um desgaste severo nos componentes. | H410: Recomendamos que seja efetuada a microfiltragem para redução dos contaminantes sólidos, verificar condição dos filtros, problemas relacionados ao respiro, vedações e sempre efetuar a transferência do óleo utilizando o sistema de filtragem. Efetuar nova coleta dentro de 30 dias para acompanhamento da evolução do desgaste. | I410: 57
A411: 28/07/2020 | B411: JOA01-15 | C411: Gearbox | D411: Santa Joana I | E411: Chapada | F411: Crítico | G411: Condição do lubrificante: A amostra apresenta moderada concentração de Água por 392 ppm, esta característica promove oxidação dos componentes, degradação do óleo e falha na lubrificação e encontrado também moderada quantidade de partículas sólidas em suspensão não identificados como metais de desgaste, sendo assim podem ser oriundas de fibras, resíduos de filtros e derivados do processo. Condição do equipamento: Não há indícios de desgaste. | H411: Recomendamos que seja feita a desidratação/centrifugação ou a substituição do lubrificante, e efetuar a microfiltragem no reservatório para redução dos contaminantes sólidos. Verificar também condição dos filtros, problemas relacionados ao respiro, vedações e sempre efetuar a transferência do óleo utilizando o sistema de filtragem. Efetuar nova coleta após 30 dias para acompanhamento. | I411: 22
A412: 0 | B412: JOA01-04 | C412: Gearbox | D412: Santa Joana I | E412: Chapada | F412: Crítico | G412: Condição do lubrificante: A amostra apresenta moderada concentração de Água por 356 ppm, esta característica promove oxidação dos componentes, degradação do óleo e falha na lubrificação e encontrado também grande quantidade de partículas sólidas em suspensão não identificados como metais de desgaste, sendo assim podem ser oriundas de fibras, resíduos de filtros e derivados do processo. Condição do equipamento: Apresenta moderada concentração de Ferro e moderado índice de PQI, a qual indica um desgaste nos componentes. | H412: Recomendamos que seja feita a desidratação/centrifugação ou a substituição do lubrificante, e efetuar a microfiltragem no reservatório para redução dos contaminantes sólidos. Verificar também condição dos filtros, problemas relacionados ao respiro, vedações e sempre efetuar a transferência do óleo utilizando o sistema de filtragem. Efetuar nova coleta após 30 dias para acompanhamento da evolução do desgaste. | I412: 50
A413: 0 | B413: JOA04-08 | C413: Gearbox | D413: Santa Joana IV | E413: Chapada | F413: Crítico | G413: Condição do lubrificante: A amostra apresenta moderada concentração de Água por 322 ppm, esta característica promove oxidação dos componentes, degradação do óleo e falha na lubrificação e encontrado também grande quantidade de partículas sólidas em suspensão não identificados como metais de desgaste, sendo assim podem ser oriundas de fibras, resíduos de filtros e derivados do processo. Condição do equipamento: Não há indícios de desgaste. | H413: Recomendamos que seja feita a desidratação/centrifugação ou a substituição do lubrificante, e efetuar a microfiltragem no reservatório para redução dos contaminantes sólidos. Verificar também condição dos filtros, problemas relacionados ao respiro, vedações e sempre efetuar a transferência do óleo utilizando o sistema de filtragem. Efetuar nova coleta após 30 dias para acompanhamento. | I413: 21
A414: 0 | B414: JOA15-04 | C414: Gearbox | D414: Santa Joana XV | E414: Chapada | F414: Crítico | G414: Condição do lubrificante: A amostra apresenta visual com presença de partículas magnéticas, impossibilitando realizar o ensaio de contagem de partículas. Condição do equipamento: Apresenta elevado índice de PQI, a qual indica um desgaste severo nos componentes. | H414: Recomendamos que seja efetuada a microfiltragem no sistema para redução das partículas sólidas ( magnéticas ) e avaliar as condições dos componentes. Verificar também condição dos filtros, problemas relacionados ao respiro, vedações e sempre efetuar a transferência do óleo utilizando o sistema de filtragem. Efetuar nova coleta após 15 dias para acompanhamento da evolução do desgaste. | I414: 23
A415: 20/07/2020 | B415: JOA04-02 | C415: Gearbox | D415: Santa Joana IV | E415: Chapada | F415: Crítico | G415: Condição do lubrificante: Não apresenta desgaste anormal. Condição do equipamento: Apresenta elevada concentração de Ferro e índice de PQI a qual indica um potencial desgaste severo nos componentes. Não foi possível efetuar a análise de contagem de partículas, devido ao volume insuficiente da amostra. | H415: Recomendamos avaliar as condições dos componentes e efetuar nova coleta após 15 dias para acompanhamento da evolução do desgaste. | I415: 123
A416: 27/07/2020 | C416: GEARBOX | D416: Santa Joana I | E416: Chapada | F416: Crítico | G416: Condição do Lubrificante: A amostra apresenta grande quantidade de partículas sólidas em suspensão de diversas fontes. Condição do equipamento: Não apresenta desgaste anormal. | H416: Recomendamos que seja efetuada a micro filtragem para redução dos contaminantes sólidos, verificar condição dos filtros, problemas relacionados a vedações, entrada de contaminantes e sempre efetuar a transferência através de filtragem. | I416: 50
A417: 0 | B417: JOA01-07 | C417: Gearbox | D417: Santa Joana I | E417: Chapada | F417: Crítico | G417: Condição do Lubrificante: A amostra apresenta grande quantidade de partículas sólidas em suspensão de diversas fontes. Condição do equipamento: Não apresenta desgaste anormal. | H417: Recomendamos que seja efetuada a micro filtragem para redução dos contaminantes sólidos, verificar condição dos filtros, problemas relacionados a vedações, entrada de contaminantes e sempre efetuar a transferência através de filtragem. | I417: 15
A418: 21/07/2020 | B418: JOA12-03 | C418: Gearbox | D418: Santa Joana XII | E418: Chapada | F418: Crítico | G418: Condição do Lubrificante: A amostra apresenta grande quantidade de partículas sólidas em suspensão de diversas fontes. Condição do equipamento: Não apresenta desgaste anormal. | H418: Recomendamos que seja efetuada a micro filtragem para redução dos contaminantes sólidos, verificar condição dos filtros, problemas relacionados a vedações, entrada de contaminantes e sempre efetuar a transferência através de filtragem. | I418: 43
A419: 24/07/2020 | C419: GEARBOX | D419: Santa Joana I | E419: Chapada | F419: Crítico | G419: Condição do Lubrificante: A amostra apresenta grande quantidade de partículas sólidas de diversas fontes. Condição do equipamento: Apresenta moderada concentração de Ferro a qual não indica um desgaste severo nos componentes. | H419: Recomendamos que seja efetuada a micro filtragem para redução dos contaminantes sólidos, verificar condição dos filtros, problemas relacionados a vedações, entrada de contaminantes e sempre efetuar a transferência através de filtragem. Efetuar nova coleta após 15 dias para acompanhamento. | I419: 63
A420: 0 | B420: JOA07-02 | C420: Gearbox | D420: Santa Joana VII | E420: Chapada | F420: Crítico | G420: Condição do Lubrificante: A amostra apresenta grande quantidade de partículas sólidas em suspensão de diversas fontes. Condição do equipamento: Não apresenta desgaste anormal. | H420: Recomendamos que seja efetuada a micro filtragem para redução dos contaminantes sólidos, verificar condição dos filtros, problemas relacionados a vedações, entrada de contaminantes e sempre efetuar a transferência através de filtragem. | I420: 2
A421: 0 | B421: JOA11-13 | C421: Gearbox | D421: Santa Joana XI | E421: Chapada | F421: Crítico | G421: Condição do Lubrificante: A amostra apresenta grande quantidade de partículas sólidas de diversas fontes. Condição do equipamento: Apresenta elevada concentração de Ferro a qual indica um potencial desgaste severo nos componentes. | H421: Recomendamos que seja efetuada a micro filtragem para redução dos contaminantes sólidos, verificar condição dos filtros, problemas relacionados a vedações, entrada de contaminantes e sempre efetuar a transferência através de filtragem. Efetuar nova coleta após 15 dias para acompanhamento. | I421: 113
A422: 0 | B422: JOA10-06 | C422: Gearbox | D422: Santa Joana X | E422: Chapada | F422: Crítico | G422: Condição do Lubrificante: A amostra apresenta grande quantidade de partículas sólidas de diversas fontes. Condição do equipamento: Apresenta moderada concentração de Ferro a qual não indica um desgaste severo nos componentes. | H422: Recomendamos que seja efetuada a micro filtragem para redução dos contaminantes sólidos, verificar condição dos filtros, problemas relacionados a vedações, entrada de contaminantes e sempre efetuar a transferência através de filtragem. Efetuar nova coleta após 15 dias para acompanhamento. | I422: 69
A423: 0 | B423: JOA07-15 | C423: Gearbox | D423: Santa Joana VII | E423: Chapada | F423: Crítico | G423: Condição do Lubrificante: A amostra apresenta grande quantidade de partículas sólidas em suspensão de diversas fontes. Condição do equipamento: Não apresenta desgaste anormal. | H423: Recomendamos que seja efetuada a micro filtragem para redução dos contaminantes sólidos, verificar condição dos filtros, problemas relacionados a vedações, entrada de contaminantes e sempre efetuar a transferência através de filtragem. | I423: 1
A424: 0 | B424: JOA13-16 | C424: Gearbox | D424: Santa Joana XIII | E424: Chapada | F424: Crítico | G424: Condição do Lubrificante: A amostra apresenta grande quantidade de partículas sólidas de diversas fontes. A amostra também apresenta Pequena quantidade de impurezas em suspensão não magnéticas podendo ser oriundas de diversas fontes. Condição do equipamento: Apresenta moderada concentração de Ferro a qual não indica um desgaste severo nos componentes. | H424: Recomendamos que seja efetuada a micro filtragem para redução dos contaminantes sólidos, verificar condição dos filtros, problemas relacionados a vedações, entrada de contaminantes e sempre efetuar a transferência através de filtragem. Efetuar nova coleta após 15 dias para acompanhamento. Informar o tipo de óleo utilizado. | I424: 77
A425: 0 | B425: JOA16-04 | C425: Gearbox | D425: Santa Joana XVI | E425: Chapada | F425: Crítico | G425: Condição do lubrificante: Não apresenta desgaste anormal. Condição do equipamento: Apresenta elevado índice de PQI e partículas metálicas visíveis a olho nu a qual indica um potencial desgaste severo nos componentes. Devido a condição da amostra, não foi possível realizar a analise de contagem de partículas da amostra. | H425: Recomendamos avaliar as condições dos componentes e efetuar nova coleta após 15 dias para acompanhamento da evolução do desgaste. | I425: 18
A426: 21/07/2020 | B426: JOA01-06 | C426: Gearbox | D426: Santa Joana I | E426: Chapada | F426: Crítico | G426: Condição do Lubrificante: A amostra apresenta grande quantidade de partículas sólidas de diversas fontes. Condição do equipamento: Apresenta elevada concentração de Ferro a qual indica um potencial desgaste severo nos componentes. | H426: Recomendamos que seja efetuada a micro filtragem para redução dos contaminantes sólidos, verificar condição dos filtros, problemas relacionados a vedações, entrada de contaminantes e sempre efetuar a transferência através de filtragem. Efetuar nova coleta após 15 dias para acompanhamento. | I426: 123
A427: 08/08/2020 | B427: AUG05-06 | C427: Gearbox | D427: Santo Augusto V | E427: Chapada | F427: Crítico | G427: Condição do Lubrificante: A amostra apresenta grande quantidade de partículas sólidas de diversas fontes. Condição do equipamento: Apresenta leve índice de PQI e Partículas metálicas visíveis a olho nu a qual indica um potencial desgaste severo nos componentes. | H427: Recomendamos que seja efetuada a micro filtragem para redução dos contaminantes sólidos, verificar condição dos filtros, problemas relacionados a vedações, entrada de contaminantes e sempre efetuar a transferência através de filtragem. Efetuar nova coleta após 15 dias para acompanhamento. | I427: 34
A428: 0 | B428: JOA04-04 | C428: Gearbox | D428: Santa Joana IV | E428: Chapada | F428: Crítico | G428: Condição do Lubrificante: A amostra apresenta grande quantidade de partículas sólidas de diversas fontes. Condição do equipamento: Apresenta elevada concentração de Ferro a qual indica um potencial desgaste severo nos componentes. | H428: Recomendamos que seja efetuada a micro filtragem para redução dos contaminantes sólidos, verificar condição dos filtros, problemas relacionados a vedações, entrada de contaminantes e sempre efetuar a transferência através de filtragem. Efetuar nova coleta após 15 dias para acompanhamento. | I428: 117
A429: 23/07/2020 | B429: JOA04-05 | C429: Gearbox | D429: Santa Joana IV | E429: Chapada | F429: Crítico | G429: Condição do Lubrificante: A amostra apresenta grande quantidade de partículas sólidas em suspensão de diversas fontes. Condição do equipamento: Não apresenta desgaste anormal. | H429: Recomendamos que seja efetuada a micro filtragem para redução dos contaminantes sólidos, verificar condição dos filtros, problemas relacionados a vedações, entrada de contaminantes e sempre efetuar a transferência através de filtragem. | I429: 22
A430: 0 | B430: JOA05-11 | C430: Gearbox | D430: Santa Joana V | E430: Chapada | F430: Crítico | G430: Condição do Lubrificante: A amostra apresenta grande quantidade de partículas sólidas de diversas fontes. Condição do equipamento: Apresenta moderada concentração de Ferro a qual não indica um desgaste severo nos componentes. | H430: Recomendamos que seja efetuada a micro filtragem para redução dos contaminantes sólidos, verificar condição dos filtros, problemas relacionados a vedações, entrada de contaminantes e sempre efetuar a transferência através de filtragem. Efetuar nova coleta após 15 dias para acompanhamento. | I430: 54
A431: 12/08/2020 | B431: JOA13-09 | C431: Gearbox | D431: Santa Joana XIII | E431: Chapada | F431: Crítico | G431: Condição do Lubrificante: A amostra apresenta grande quantidade de partículas sólidas de diversas fontes. Condição do equipamento: Apresenta moderada concentração de Ferro a qual não indica um desgaste severo nos componentes. | H431: Recomendamos que seja efetuada a micro filtragem para redução dos contaminantes sólidos, verificar condição dos filtros, problemas relacionados a vedações, entrada de contaminantes e sempre efetuar a transferência através de filtragem. Efetuar nova coleta após 15 dias para acompanhamento. | I431: 72
A432: 0 | B432: JOA15-06 | C432: Gearbox | D432: Santa Joana XV | E432: Chapada | F432: Crítico | G432: Condição do Lubrificante: A amostra apresenta grande quantidade de partículas sólidas em suspensão de diversas fontes. Condição do equipamento: Apresenta moderada concentração de Ferro, a qual não indica um desgaste severo nos componentes. | H432: Recomendamos que seja efetuada a micro filtragem para redução dos contaminantes sólidos, verificar condição dos filtros, problemas relacionados a vedações, entrada de contaminantes e sempre efetuar a transferência através de filtragem. Efetuar nova coleta após 15 dias para acompanhamento. | I432: 71
A433: 23/07/2020 | C433: GEARBOX | D433: Santa Joana I | E433: Chapada | F433: Crítico | G433: Condição do Lubrificante: A amostra apresenta grande quantidade de partículas sólidas em suspensão de diversas fontes. Condição do equipamento: Apresenta moderado índice de PQI e partículas metálicas visíveis a olho nu, a qual não indica um desgaste severo nos componentes. | H433: Recomendamos que seja efetuada a micro filtragem para redução dos contaminantes sólidos, verificar condição dos filtros, problemas relacionados a vedações, entrada de contaminantes e sempre efetuar a transferência através de filtragem. Efetuar nova coleta após 15 dias para acompanhamento. | I433: 50
A434: 20/07/2020 | B434: JOA04-03 | C434: Gearbox | D434: Santa Joana IV | E434: Chapada | F434: Crítico | G434: Condição do Lubrificante: A amostra apresenta grande quantidade de partículas sólidas de diversas fontes. Condição do equipamento: Apresenta moderada concentração de Ferro a qual não indica um desgaste severo nos componentes. | H434: Recomendamos que seja efetuada a micro filtragem para redução dos contaminantes sólidos, verificar condição dos filtros, problemas relacionados a vedações, entrada de contaminantes e sempre efetuar a transferência através de filtragem. Efetuar nova coleta após 15 dias para acompanhamento. | I434: 73
A435: 0 | B435: JOA04-11 | C435: Gearbox | D435: Santa Joana IV | E435: Chapada | F435: Crítico | G435: Condição do Lubrificante: A amostra apresenta grande quantidade de partículas sólidas em suspensão de diversas fontes. Condição do equipamento: Não apresenta desgaste anormal. | H435: Recomendamos que seja efetuada a micro filtragem para redução dos contaminantes sólidos, verificar condição dos filtros, problemas relacionados a vedações, entrada de contaminantes e sempre efetuar a transferência através de filtragem. | I435: 10
A436: 27/07/2020 | B436: JOA10-12 | C436: Gearbox | D436: Santa Joana X | E436: Chapada | F436: Crítico | G436: Condição do lubrificante: A amostra apresenta moderada concentração de Água por 326 ppm, esta característica promove oxidação dos componentes, degradação do óleo e falha na lubrificação e encontrado também grande quantidade de partículas sólidas em suspensão não identificados como metais de desgaste, sendo assim podem ser oriundas de fibras, resíduos de filtros e derivados do processo. Condição do equipamento: Não há indícios de desgaste. | H436: Recomendamos que seja feita a desidratação/centrifugação ou a substituição do lubrificante, e efetuar a microfiltragem no reservatório para redução dos contaminantes sólidos. Verificar também condição dos filtros, problemas relacionados ao respiro, vedações e sempre efetuar a transferência do óleo utilizando o sistema de filtragem. Efetuar nova coleta após 30 dias para acompanhamento. | I436: 26
A437: 10/07/2020 | B437: AUG03-05 | C437: Gearbox | D437: Santo Augusto III | E437: Chapada | F437: Crítico | G437: Condição do Lubrificante: A amostra apresenta grande quantidade de partículas sólidas em suspensão de diversas fontes. Condição do equipamento: Não apresenta desgaste anormal. | H437: Recomendamos que seja efetuada a micro filtragem para redução dos contaminantes sólidos, verificar condição dos filtros, problemas relacionados a vedações, entrada de contaminantes e sempre efetuar a transferência através de filtragem. | I437: 27
A438: 16/07/2020 | B438: AUG03-02 | C438: Gearbox | D438: Santo Augusto III | E438: Chapada | F438: Crítico | G438: Condição do Lubrificante: A amostra apresenta grande quantidade de partículas sólidas em suspensão de diversas fontes. Condição do equipamento: Não apresenta desgaste anormal. | H438: Recomendamos que seja efetuada a micro filtragem para redução dos contaminantes sólidos, verificar condição dos filtros, problemas relacionados a vedações, entrada de contaminantes e sempre efetuar a transferência através de filtragem. | I438: 15
A439: 17/07/2020 | B439: AUG03-10 | C439: Gearbox | D439: Santo Augusto III | E439: Chapada | F439: Crítico | G439: Condição do Lubrificante: A amostra apresenta grande quantidade de partículas sólidas em suspensão de diversas fontes. Condição do equipamento: Não apresenta desgaste anormal. | H439: Recomendamos que seja efetuada a micro filtragem para redução dos contaminantes sólidos, verificar condição dos filtros, problemas relacionados a vedações, entrada de contaminantes e sempre efetuar a transferência através de filtragem. | I439: 44
A440: 13/07/2020 | B440: JOA13-09 | C440: Gearbox | D440: Santa Joana XIII | E440: Chapada | F440: Crítico | G440: Condição do Lubrificante: A amostra apresenta grande quantidade de partículas sólidas de diversas fontes. Condição do equipamento: Apresenta elevado índice de PQI a qual indica um potencial desgaste severo nos componentes. | H440: Recomendamos que seja efetuada a micro filtragem para redução dos contaminantes sólidos, verificar condição dos filtros, problemas relacionados a vedações, entrada de contaminantes e sempre efetuar a transferência através de filtragem. Efetuar nova coleta após 15 dias para acompanhamento. | I440: 63
A441: 17/07/2020 | B441: JOA01-17 | C441: Gearbox | D441: Santa Joana I | E441: Chapada | F441: Crítico | G441: Condição do lubrificante: Não apresenta desgaste anormal. Condição do equipamento: Apresenta elevada concentração de Ferro a qual indica um potencial desgaste severo nos componentes. | H441: Recomendamos avaliar as condições dos componentes e efetuar nova coleta após 15 dias para acompanhamento da evolução do desgaste. | I441: 104
A442: 10/07/2020 | B442: JOA01-08 | C442: Gearbox | D442: Santa Joana I | E442: Chapada | F442: Crítico | G442: Condição do Lubrificante: A amostra apresenta grande quantidade de partículas sólidas em suspensão de diversas fontes. Condição do equipamento: Não apresenta desgaste anormal. | H442: Recomendamos que seja efetuada a micro filtragem para redução dos contaminantes sólidos, verificar condição dos filtros, problemas relacionados a vedações, entrada de contaminantes e sempre efetuar a transferência através de filtragem. | I442: 28
A443: 16/07/2020 | B443: JOA01-16 | C443: Gearbox | D443: Santa Joana I | E443: Chapada | F443: Crítico | G443: Condição do Lubrificante: A amostra apresenta grande quantidade de partículas sólidas em suspensão de diversas fontes. Condição do equipamento: Apresenta moderada concentração de Ferro, a qual não indica um desgaste severo nos componentes. | H443: Recomendamos que seja efetuada a micro filtragem para redução dos contaminantes sólidos, verificar condição dos filtros, problemas relacionados a vedações, entrada de contaminantes e sempre efetuar a transferência através de filtragem. Efetuar nova coleta após 15 dias para acompanhamento. | I443: 95
A444: 15/07/2020 | C444: GEARBOX | D444: Santa Joana I | E444: Chapada | F444: Crítico | G444: Condição do Lubrificante: A amostra apresenta grande quantidade de partículas sólidas em suspensão de diversas fontes. Condição do equipamento: Não apresenta desgaste anormal. | H444: Recomendamos que seja efetuada a micro filtragem para redução dos contaminantes sólidos, verificar condição dos filtros, problemas relacionados a vedações, entrada de contaminantes e sempre efetuar a transferência através de filtragem. | I444: 21
A445: 17/07/2020 | C445: GEARBOX | D445: Santa Joana I | E445: Chapada | F445: Crítico | G445: Condição do lubrificante: Não apresenta desgaste anormal. Condição do equipamento: Apresenta elevado índice de PQI e partículas metálicas visíveis a olho nu, a qual indica um potencial desgaste severo nos componentes. Devido a condição da amostra, não foi possível realizar a analise de contagem de partículas. | H445: Recomendamos avaliar as condições dos componentes e efetuar nova coleta após 15 dias para acompanhamento da evolução do desgaste. | I445: 44
A446: 0 | B446: JOA01-10 | C446: Gearbox | D446: Santa Joana I | E446: Chapada | F446: Crítico | G446: Condição do Lubrificante: A amostra apresenta grande quantidade de partículas sólidas em suspensão de diversas fontes. Condição do equipamento: Não apresenta desgaste anormal. | H446: Recomendamos que seja efetuada a micro filtragem para redução dos contaminantes sólidos, verificar condição dos filtros, problemas relacionados a vedações, entrada de contaminantes e sempre efetuar a transferência através de filtragem. | I446: 20
A447: 09/07/2020 | B447: JOA01-09 | C447: Gearbox | D447: Santa Joana I | E447: Chapada | F447: Crítico | G447: Condição do Lubrificante: A amostra apresenta grande quantidade de partículas sólidas de diversas fontes. Condição do equipamento: Apresenta moderada concentração de Ferro a qual indica um potencial desgaste severo nos componentes. | H447: Recomendamos que seja efetuada a micro filtragem para redução dos contaminantes sólidos, verificar condição dos filtros, problemas relacionados a vedações, entrada de contaminantes e sempre efetuar a transferência através de filtragem. Efetuar nova coleta após 15 dias para acompanhamento. Informar o tipo de óleo utilizado. | I447: 51
A448: 01/07/2020 | B448: JOA09-11 | C448: Gearbox | D448: Santa Joana IX | E448: Chapada | F448: Crítico | G448: Condição do Lubrificante: A amostra apresenta grande quantidade de partículas sólidas de diversas fontes. Condição do equipamento: Apresenta moderada concentração de Ferro a qual não indica um desgaste severo nos componentes. | H448: Recomendamos que seja efetuada a micro filtragem para redução dos contaminantes sólidos, verificar condição dos filtros, problemas relacionados a vedações, entrada de contaminantes e sempre efetuar a transferência através de filtragem. Efetuar nova coleta após 15 dias para acompanhamento. | I448: 65
A449: 0 | B449: JOA13-03 | C449: Gearbox | D449: Santa Joana XIII | E449: Chapada | F449: Crítico | G449: Condição do Lubrificante: A amostra apresenta grande quantidade de partículas sólidas em suspensão de diversas fontes. Condição do equipamento: Encontrado moderada concentração de Silício, podendo ser oriundo de contaminação externa. | H449: Recomendamos que seja efetuada a micro filtragem para redução dos contaminantes sólidos, verificar condição dos filtros, problemas relacionados a vedações, entrada de contaminantes e sempre efetuar a transferência através de filtragem. | I449: 49
A450: 30/06/2020 | B450: JOA09-05 | C450: Gearbox | D450: Santa Joana IX | E450: Chapada | F450: Crítico | G450: Condição do Lubrificante: A amostra apresenta grande quantidade de partículas sólidas em suspensão de diversas fontes. Condição do equipamento: Encontrado moderada concentração de Silício, podendo ser oriundo de contaminação externa. | H450: Recomendamos que seja efetuada a micro filtragem para redução dos contaminantes sólidos, verificar condição dos filtros, problemas relacionados a vedações, entrada de contaminantes e sempre efetuar a transferência através de filtragem. | I450: 41
A451: 0 | B451: JOA13-05 | C451: Gearbox | D451: Santa Joana XIII | E451: Chapada | F451: Crítico | G451: Condição do Lubrificante: A amostra apresenta grande quantidade de partículas sólidas em suspensão de diversas fontes. Condição do equipamento: Encontrado moderada concentração de Silício, podendo ser oriundo de contaminação externa. | H451: Recomendamos que seja efetuada a micro filtragem para redução dos contaminantes sólidos, verificar condição dos filtros, problemas relacionados a vedações, entrada de contaminantes e sempre efetuar a transferência através de filtragem. | I451: 48
A452: 08/07/2020 | B452: JOA13-07 | C452: Gearbox | D452: Santa Joana XIII | E452: Chapada | F452: Crítico | G452: Condição do Lubrificante: A amostra apresenta grande quantidade de partículas sólidas em suspensão de diversas fontes. Condição do equipamento: Encontrado moderada concentração de Silício, podendo ser oriundo de contaminação externa. | H452: Recomendamos que seja efetuada a micro filtragem para redução dos contaminantes sólidos, verificar condição dos filtros, problemas relacionados a vedações, entrada de contaminantes e sempre efetuar a transferência através de filtragem. | I452: 27
A453: 29/06/2020 | B453: JOA03-16 | C453: Gearbox | D453: Santa Joana III | E453: Chapada | F453: Crítico | G453: Condição do Lubrificante: A amostra apresenta grande quantidade de partículas sólidas em suspensão de diversas fontes. Condição do equipamento: Não apresenta desgaste anormal. | H453: Recomendamos que seja efetuada a micro filtragem para redução dos contaminantes sólidos, verificar condição dos filtros, problemas relacionados a vedações, entrada de contaminantes e sempre efetuar a transferência através de filtragem. | I453: 16
A454: 27/06/2020 | B454: JOA09-01 | C454: Gearbox | D454: Santa Joana IX | E454: Chapada | F454: Crítico | G454: Condição do Lubrificante: A amostra apresenta grande quantidade de partículas sólidas de diversas fontes. Condição do equipamento: Apresenta moderada concentração de Ferro a qual não indica um desgaste severo nos componentes. | H454: Recomendamos que seja efetuada a micro filtragem para redução dos contaminantes sólidos, verificar condição dos filtros, problemas relacionados a vedações, entrada de contaminantes e sempre efetuar a transferência através de filtragem. Efetuar nova coleta após 15 dias para acompanhamento. | I454: 52
A455: 07/07/2020 | B455: JOA01-02 | C455: Gearbox | D455: Santa Joana I | E455: Chapada | F455: Crítico | G455: Condição do Lubrificante: A amostra apresenta grande quantidade de partículas sólidas em suspensão de diversas fontes. Condição do equipamento: Encontrado moderada concentração de Silício, podendo ser oriundo de contaminação externa. | H455: Recomendamos que seja efetuada a micro filtragem para redução dos contaminantes sólidos, verificar condição dos filtros, problemas relacionados a vedações, entrada de contaminantes e sempre efetuar a transferência através de filtragem. | I455: 45
...

Sheet Óleo
A1: Operação | B1: Código laboratório | C1: Número da Amostra | D1: Código externo da amostra | E1: Data de coleta | F1: Data de recebimento | G1: Data de entrada no laboratório | H1: Data de liberação do resultado | I1: Data de atualização do resultado | J1: Programa | K1: Família do equipamento | L1: Fabricante do equipamento | M1: Modelo do equipamento | N1: Tag / frota | O1: Serie / chassi | P1: Código externo do equipamento | Q1: Programa do equipamento | R1: Nome do compartimento | S1: Tipo de compartimento | T1: Número de série do compartimento | U1: Volume do compartimento | V1: Código externo do compartimento | W1: Programa do compartimento | X1: Unidade controle | Y1: Horas do equipamento na coleta | Z1: Horas do óleo | AA1: Óleo trocado | AB1: Fabricante do óleo | AC1: Viscosidade do óleo | AD1: Modelo do óleo | AE1: Detalhes do óleo | AF1: Volume adicionado | AG1: Nome do cliente | AH1: Seguimento do cliente | AI1: Id do cliente | AJ1: Documento do cliente | AK1: Obra / unidade | AL1: Área | AM1: Setor | AN1: Status da amostra | AO1: Avaliação | AP1: Responsável pela avaliação | AQ1: Ações de inspeção | AR1: Comentário da coleta | AS1: Plano(s) de Análise | AT1: Data edição comentário | AU1: Responsavel edição comentário | AV1: >14µm | AW1: >4µm | AX1: >6µm | AY1: ABSORBÂNCIA FULIGEM | AZ1: Prata | BA1: Alumínio | BB1: Boro | BC1: Bário | BD1: Cálcio | BE1: Bário | BF1: Teor de Biodiesel | BG1: Cobre | BH1: Cálcio | BI1: Cromo | BJ1: Cobre | BK1: Diluição por diesel | BL1: Ferro | BM1: Dureza Total | BN1: Magnésio | BO1: Fuligem-FTIR | BP1: Molibdênio | BQ1: Nitração-FTIR | BR1: Sulfatação-FTIR | BS1: Fósforo | BT1: Índice de viscosidade | BU1: Potássio | BV1: Enxofre | BW1: Manganês | BX1: Molibdênio | BY1: Sódio | BZ1: Níquel | CA1: Nitrito | CB1: Zinco | CC1: Fósforo | CD1: Soot standart | CE1: Chumbo | CF1: pH | CG1: Ponto de fulgor vaso fechado Pensky-Martens | CH1: Silício | CI1: Estanho | CJ1: Presença de cloretos | CK1: Titânio | CL1: Vanádio | CM1: Macroscopia | CN1: Zinco | CO1: Foto 1 | CP1: Desgaste natural ferrosas | CQ1: Óxidos escuros | CR1: Óxidos vermelhos | CS1: Partículas de corrosão | CT1: Partículas de fadiga | CU1: Partículas de esfoliação | CV1: Partículas laminares | CW1: Esferas ferrosas | CX1: Partículas de abrasão ferrosas | CY1: Foto 2 | CZ1: Desgaste severo | DA1: Particulas não ferrosas | DB1: Foto 3 | DC1: Areia/Poeira | DD1: Fibras | DE1: Contaminantes amorfos | DF1: Gel/Borra | DG1: Penetração não trabalhada | DH1: Ponto de gota | DI1: Cádmio | DJ1: TBN-2896 | DK1: Insolúveis em pentano | DL1: KF Coulométrico | DM1: DR (L) | DN1: DR (S) | DO1: DR (L+S) | DP1: DR (PLP) | DQ1: Potencial de verniz | DR1: Fungos | DS1: Bactéria | DT1: RPVOT/RBOT | DU1: Ponto de fulgor vaso fechado | DV1: Hidrogênio | DW1: Oxigênio | DX1: Nitrogênio | DY1: Metano | DZ1: Óxido de carbono | EA1: Dióxido de carbono | EB1: Etileno | EC1: Etano | ED1: Acetileno | EE1: Conteúdo total de gás | EF1: Total de Gases Combustíveis | EG1: Rigidez dielétrica | EH1: Tensão interfacial | EI1: Teor de cloretos | EJ1: Viscosidade dinâmica @40°C | EK1: Perdas dielétricas @100°c | EL1: Pendencia CRD | EM1: Teor de Furfuradeído | EN1: Determinação de produtos clorados PCBA | EO1: Sulfatos | EP1: >4µm/100ml | EQ1: >21µm | ER1: >38µm | ES1: >70µm | ET1: >100µm | EU1: Polímeros de fricção | EV1: Espuma Sequência I | EW1: Espuma Sequência II | EX1: Espuma Sequência III | EY1: Massa específica a 20°C | EZ1: Antioxidante | FA1: Antidesgaste | FB1: >10µm | FC1: Perdas dielétricas @25°c | FD1: Demulsibilidade | FE1: DBPC | FF1: Água e Sedimentos | FG1: TAN Isolante | FH1: FUEL DILUTION | FI1: Densidade Isolante | FJ1: Deareação | FK1: Resistividade | FL1: Ponto de fulgor Passa-não-passa | FM1: Reserva Alcalina | FN1: Consistência e Penetração | FO1: 5-15µm.. | FP1: 15-25µm.. | FQ1: 25-50µm.. | FR1: 50-100µm.. | FS1: >100µm.. | FT1: Enxofre corrosivo | FU1: Dureza | FV1: RBOT (Óleo Isolante) | FW1: Contaminantes amorfos | FX1: Contaminantes orgânicos | FY1: Contaminantes inorgânicos | FZ1: Metais Brancos | GA1: Sulfatos Aq. | GB1: KF Coulométrica Codestilação | GC1: Diesel ANP (UFMG) | GD1: Índice de cetano | GE1: Cor ASTM ISOLANTE | GF1: Insolúvel | GG1: Insulator"s Coloumetric KF | GH1: Cinzas Sulfatadas | GI1: CP por membrana | GJ1: Viscosidad HTHS | GK1: GP por correlação | GL1: Gravidade API | GM1: Estimated service life loss | GN1: Água por destilação | GO1: MRV Baja Temperatura | GP1: Visual | GQ1: pH Aquoso | GR1: >25μm | GS1: Total de Sólidos Dissolvidos | GT1: >50μm | GU1: >2μm | GV1: >5μm | GW1: Boro | GX1: >15μm | GY1: FTIR Scan | GZ1: Ureia | HA1: Ponto de congelamento | HB1: Espuma | HC1: Corte | HD1: Simulador de Arranque en frío | HE1: Alcalinidade | HF1: Insolúveis em tolueno | HG1: PCB por cromatografia | HH1: Índice viscosidade | HI1: NAS por membrana | HJ1: Ponto de ebulição | HK1: Antimonio | HL1: Nitratos e Cloros | HM1: Glicol | HN1: BN Numero Basico | HO1: Cor | HP1: Filtagrama | HQ1: Conteúdo de enxofre | HR1: PQ Index | HS1: Aparência | HT1: Aparencia em lubrificante | HU1: Visible sediments | HV1: Visible petroleum traces | HW1: Inhibidor de Corrosión del Refrigerante ELC | HX1: Lamas Millipore | HY1: Grau Brix Optind | HZ1: Precipitado | IA1: Grau Brix Refrac | IB1: Cor em lubrificante | IC1: Classe ISO | ID1: Foto 4 | IE1: %V Glicol | IF1: Viscosidade 40°C | IG1: Viscosidade Dinâmica @60º C | IH1: Oxidação-FTIR | II1: Viscosidade Dinâmica @80º C | IJ1: Viscosidade @60° C | IK1: TAN Colorimétrico | IL1: Viscosidade @80°C | IM1: UC Sediment Rating | IN1: Glicol-FTIR | IO1: Colorimetria de adesivo de membrana | IP1: ABSORBÂNCIA AMOSTRA | IQ1: Odor | IR1: Óleo | IS1: pH em óleo | IT1: Classe SAE | IU1: Cinematic Viscosity 40°C - Insulating | IV1: Ponto de Fulgor Isolante | IW1: Ponto de fulgor vaso aberto (COC) | IX1: FTIR-Água | IY1: Água | IZ1: IC/DP/MD | JA1: Ponto de fluidez | JB1: Pressão de Vapor | JC1: Diluição por Gasolina | JD1: Coloração | JE1: Densidade | JF1: Aparência | JG1: Cor ASTM | JH1: 90% vol. Recuperados | JI1: Gravimetria | JJ1: 85% vol. Recuperados | JK1: 50%vol. Recuperados | JL1: 10%vol. Recuperados | JM1: 95% vol. Recuperados | JN1: Teor de Óleo Mineral | JO1: Presencia de Refrigerante | JP1: Lítio | JQ1: Magnésio | JR1: ZDDP | JS1: TBN-4739 | JT1: Enxofre | JU1: Viscosidade 100°C | JV1: NAS Classe | JW1: Destilação - Ponto Final | JX1: Análise Visual | JY1: Anti-ferrugem | JZ1: Corrosão em lâmina de cobre | KA1: Calor de combustão - Líquido | KB1: Aparência visual - Limpeza | KC1: Lubricidade | KD1: Condutividade | KE1: Enxofre Total | KF1: KF Volumétrico | KG1: Partículas poluentes | KH1: Teste de mata-borrão | KI1: Calor de Combustão - Bruto | KJ1: Número de Cetano | KK1: Destilação - ponto de partida | KL1: Liberação de ar | KM1: Valor de Dispersión (MD) | KN1: Índice de Contaminação (IC) | KO1: Estado del Aceite (DP) | KP1: Conteúdo de cinzas | KQ1: Ponto de Turbidez de Produtos Petrolíferos e Combustíveis Líquidos | KR1: Consistência pela penetração do cone - trabalhada 60 golpes, (10-¹ mm) | KS1: Consistência pela penetração do cone - trabalhada 100.000 golpes, (10-¹ mm) | KT1: Determinação do teor de cloro | KU1: Fenol | KV1: Amina | KW1: Oxigênio e não determinado | KX1: Ponto de Gota | KY1: Penetração Não Trabalhada | KZ1: Resíduo de Carbono (Conradson) | LA1: Four Ball EP Fluid - Solda | LB1: Four Ball Wear | LC1: % Sólidos | LD1: Viscosidade 40°C (degas) | LE1: Cálcio | LF1: Zinco | LG1: Fósforo | LH1: Bário | LI1: Presencia de Kerosene | LJ1: Karl Fischer | LK1: Determinação do teor de Passivador - TTA | LL1: Consistência pela penetração do cone - trabalhada 10.000 golpes | LM1: Concentração de ureia por índice de refração | LN1: Alcalinidade NH3 | LO1: Insolúveis pelo método gravimétrico - Arla 32 | LP1: Propriedades de destilação (10,50,85,90,95%) | LQ1: Destilação à pressão atmosférica - 50% do volume | LR1: Destilação à pressão atmosférica - 85% do volume | LS1: Alumínio | LT1: Bário | LU1: Boro | LV1: Cádmio | LW1: Cálcio | LX1: Chumbo | LY1: Cobre | LZ1: Chumbo | MA1: Estabilidade de Emulsão | MB1: Bactérias | MC1: Corrosão sobre Alumínio | MD1: Corrosão sobre Ferro | ME1: Ponto de obstrução do filtro frio | MF1: Ponto de Névoa | MG1: >14 | MH1: >6 | MI1: > 4 | MJ1: Classe ISO | MK1: Viscosidade 40°C | ML1: Viscosidade 100°C | MM1: Cromo | MN1: Enxofre | MO1: Estanho | MP1: Ferro | MQ1: Fósforo | MR1: Lítio | MS1: Magnésio | MT1: Manganês | MU1: Molibdênio | MV1: Níquel | MW1: Potássio | MX1: Prata | MY1: Silício | MZ1: Sódio | NA1: Titânio | NB1: Vanádio | NC1: Zinco | ND1: Alumínio | NE1: Bário | NF1: Boro | NG1: Cádmio | NH1: Cálcio | NI1: Chumbo | NJ1: Cobre | NK1: Cromo | NL1: Enxofre | NM1: Estanho | NN1: Zinco | NO1: Vanádio | NP1: Titânio | NQ1: Sódio | NR1: Silício | NS1: Prata | NT1: Potássio | NU1: Níquel | NV1: Molibdênio | NW1: Manganês | NX1: Magnésio | NY1: Lítio | NZ1: Fósforo | OA1: Ferro | OB1: Conteúdo de enxofre | OC1: >15µm | OD1: Separação de óleo durante a armazenagem em graxa lubrificante, 168 h a 40°C | OE1: VISCOSIDADE GRAXA 40°C/100°C | OF1: VISCOSIDADE BROOKFIELD a 25°C | OG1: MASSA ESPECIFICA EM GRAXA A 25°C | OH1: INDICE DE VISCOSIDADE DE GRAXA | OI1: Alcalinidade com NH3 | OJ1: índice de refração a 20ºC | OK1: Four Ball EP Fluid - Passa | OL1: Estabilidade ao cisalhamento | OM1: Viscosidade cinemática a 100°C/antes cisal. | ON1: Viscosidade cinemática a 100°C/pós cisal. | OO1: TAN Potenciométrico | OP1: Insolúveis em pentano | OQ1: Insolúveis em pentano | OR1: Diluição por combustível P | OS1: Diluição por etanol | OT1: KF Coulométrica | OU1: Ponto de fulgor | OV1: Água e Sedimentos | OW1: Viscosidade 100ºC | OX1: Identidade pelo método espectrométrico IR | OY1: Número de Cetano | OZ1: Insolúveis em pentano 5,0 µm | PA1: Perda por evaporação NOAK | PB1: Ponto de Entupimento de Filtro a Frio PEFF | PC1: Número de cetano | PD1: Oxidação-FTIR | PE1: Nitração-FTIR | PF1: Sulfatação-FTIR | PG1: Glicol-FTIR | PH1: Fuligem-FTIR | PI1: ABSORBÂNCIA AMOSTRA | PJ1: Ponto de combustão | PK1: Cloro espectrometria de Raio X | PL1: Determinação de Cloro | PM1: Estabilidade à Oxidação | PN1: Traços de elementos - Alumínio - Al | PO1: Traços de elementos - Cálcio - Ca | PP1: Traços de elementos - Cromo - Cr | PQ1: Traços de elementos - Cobre - Cu | PR1: Traços de elementos - Ferro - Fe | PS1: Traços de elementos - Magnésio - Mg | PT1: Traços de elementos - Sódio - Na | PU1: Traços de elementos - Níquel - Ni | PV1: Traços de elementos - Zinco - Zn | PW1: Ponto de Ebulição em Equilíbrio de Refluxo | PX1: Tensão interfacial | PY1: Moisture Content | PZ1: Dissolved Gas Analysis | QA1: PCB in Transformer oil | QB1: Enxofre Total | QC1: Carbono | QD1: Hidrogénio | QE1: Azoto | QF1: Residuo Carbonoso Conradson | QG1: Viscosidade 40°C | QH1: 5-Hidroximetil-2-Furaldehido | QI1: Alcohol Furfurilico | QJ1: Acetilfurano | QK1: 5-Metil-2-Furalehido | QL1: >23μm | QM1: >23µm | QN1: Bismuto | QO1: Viscosidade -10C | QP1: Viscosidade -30C | QQ1: Viscosidade 0C | QR1: Viscosidade 10C | QS1: Viscosidade 100C | QT1: Viscosidade 105C | QU1: Viscosidade 110C | QV1: Viscosidade 115C | QW1: Viscosidade 120C | QX1: Viscosidade 125C | QY1: Viscosidade 130C | QZ1: Viscosidade 15C | RA1: Viscosidade 16C | RB1: Viscosidade 20C | RC1: Viscosidade 25C | RD1: Viscosidade 30C | RE1: Viscosidade 32C | RF1: Viscosidade 35C | RG1: Viscosidade 38C | RH1: Viscosidade 45C | RI1: Viscosidade 50C | RJ1: Viscosidade 55C | RK1: Viscosidade 5C | RL1: Viscosidade 32C | RM1: Viscosidade 60C | RN1: Viscosidade 65C | RO1: Viscosidade 70C | RP1: Viscosidade 75C | RQ1: Viscosidade 80C | RR1: Viscosidade 85C | RS1: Viscosidade 90C | RT1: Viscosidade 95C | RU1: Viscosidade dinâmica 5°C | RV1: Viscosidade dinâmica 10 °C | RW1: Viscosidade dinâmica 15°C | RX1: Viscosidade dinâmica 20°C | RY1: Viscosidade dinâmica 22.5°C | RZ1: Viscosidade dinâmica 25°C | SA1: Viscosidade dinâmica 27.5°C | SB1: Viscosidade dinâmica 30°C | SC1: Viscosidade dinâmica 55°C | SD1: Densidade a 15C | SE1: Densidade a 16C | SF1: Densidade a 20C | SG1: Densidade a 25C | SH1: Densidade a 30C | SI1: pH água | SJ1: Densidade a 35C | SK1: Densidade a 40C | SL1: Densidade a 50C | SM1: Densidade a 55C | SN1: Densidade a 60C | SO1: Densidade a 80C | SP1: Propano e propen | SQ1: 1-buteno | SR1: SAE 6µm | SS1: SAE 14µm | ST1: SAE 21µm | SU1: SAE 38µm | SV1: SAE 70µm | SW1: Enxofre corrosivo em Prata | SX1: Ponto de congelamento (líquidos não à base de glicol) | SY1: Enxofre corrosivo em Cobre | SZ1: Determinação de DBDS | TA1: Partículas de desgaste deslizantes | TB1: Fator de dissipação a 20ºC | TC1: Fator de dissipação a 70ºC | TD1: Fator de dissipação a 90ºC | TE1: Aldeídos (formaldeído) | TF1: Biureto | TG1: Sólidos Dissolvidos Totais | TH1: hydroxymetyl furfural | TI1: furfuryl alcohol | TJ1: furfural | TK1: acetylfuran | TL1: methylfurfural | TM1: Benzotriazol | TN1: irgamet | TO1: Methyl benzotriazol | TP1: rezistivity at 20°C | TQ1: rezistivity ati 70°C | TR1: rezistivity at 90°C | TS1: permitivity at 20°C | TT1: permitivity at 70°C | TU1: permitivity at 90°C | TV1: cutting particles | TW1: cutting particles mean size | TX1: cutting particles max size | TY1: fatique particles | TZ1: fatique particles mean size | UA1: fatique particles max size | UB1: sliding particles | UC1: sliding particles mean size | UD1: sliding particles max size | UE1: nonmetal particles | UF1: nonmetal particles mean size | UG1: nonmetal particles max size | UH1: unidentified particles | UI1: unidentified particles mean size | UJ1: unidentified particles max size | UK1: fibers | UL1: Cooling curve (graph) | UM1: max. cooling speed | UN1: max. cooling temperature | UO1: max. cooling time | UP1: content of elements semiquantitatively tens of % | UQ1: content of elements semiquantitatively units of % | UR1: content of elements semiquantitatively tenths of % | US1: Total contamination on membrane filter | UT1: volume at 250°C | UU1: volume at 350°C | UV1: trichlorbifenyl | UW1: tetrachlorbifenyl | UX1: pentachlorbifenyl | UY1: pentachlorbifenyl | UZ1: hexachlorbifenyl | VA1: hexachlorbifenyl | VB1: heptachlorbifenyl | VC1: total content 6 bifenyls | VD1: total content all bifenyls | VE1: Hardness ( ppm CaCO3) | VF1: Hardness (mmol/l) | VG1: water content in insulating oil | VH1: Oil Quality index | VI1: Total acid number for insulating oil | VJ1: Total contamination on membrane filter - hydraulic on glycol base; with water | VK1: Total contamination on membrane filter - gear oil | VL1: Total contamination on membrane filter - gear oil on glycol base; with water | VM1: Total contamination on membrane filter - customer filter | VN1: Total impurities in engine oil | VO1: Demulsibility number | VP1: IR (FTIR) spectrum by ATR | VQ1: IR (FTIR) fuel | VR1: Miscibility of oils (mixturei 1:9, 1:1, 9:1; temperature 0°C/24h, lab temperature/24h, 60°C/24h) | VS1: Copper strip corrosion in oil (3h, 100°C) | VT1: Steel corrosion | VU1: Copper corrosion | VV1: Microscopic evaluation of particles on membrane | VW1: Antioxidant content by FTIR | VX1: Teor de ésteres | VY1: Chlorine content by XRF | VZ1: Teor de cloro por XRF | WA1: Chlorine content | WB1: Presence of glycol in oil | WC1: Presence of glycol in oil | WD1: Sample decomposition for AAS | WE1: Fe - AAS | WF1: Cu - AAS | WG1: Sn - AAS | WH1: Zn - AAS | WI1: Si - AAS | WJ1: Al - AAS | WK1: Cr - AAS | WL1: Ca - AAS | WM1: Li - AAS | WN1: Pb - AAS | WO1: TOST test | WP1: Penetration worked | WQ1: Viscosity of base oil (SEPARATION + kinematic viscosity at 40°C) | WR1: Total contamination o0,7 µm | WS1: Indicated cetan number , treated prior test | WT1: Copper strip test (3h, 50°C) | WU1: Microbiological contamination in diesel | WV1: Arsenic | WW1: Mercury | WX1: Sulphur in diesel by XRF | WY1: Oxidation stability for diesel | WZ1: Oxidation stability for diesel (16h., 95°C, 3 l oxygen/h.) | XA1: oxidative ash from 10% distillation residue | XB1: FAME by FTIR | XC1: Fame more than 20% | XD1: FAME in biofuel | XE1: net calorific value | XF1: gross calorific value | XG1: Conductivity (µS/cm) | XH1: Conductivity (mS/m) | XI1: Corrosion properties | XJ1: Chlorides in emulsion | XK1: Oil content by refractometre | XL1: Oil content by titration | XM1: oil content by acid splitting | XN1: oil content by acid splitting (Henkel) | XO1: Sulphates in emulsion | XP1: preparação da amostra | XQ1: Determination of factors for concentration calculation from concentrate by refractometer | XR1: Determination of factors for concentration calculation from concentrate by acid splitting | XS1: Determination of factors for concentration calculation from concentrate by titration | XT1: Teor de óleo estranho por meio de refratômetro e titulação + cálculos | XU1: Chlorides | XV1: Chlorides in water | XW1: Nitrates in water | XX1: Nitrates in water | XY1: Nitrites | XZ1: Nitrites in water | YA1: Silicates in water | YB1: Silicates in water | YC1: phoshates | YD1: molybdete | YE1: organic acid inhibitors | YF1: silicates in coolant by IC | YG1: 2-Ethyl hexanoic acid | YH1: mercaptobenzothiazol | YI1: octanoic acid | YJ1: sebacic acid | YK1: tolyltriazol | YL1: petroleum layer | YM1: asphaltenes | YN1: Brugger test | YO1: Filter image (picture on protocol) | YP1: Hydrogen content by TCD | YQ1: Nitrogen content by TCD | YR1: Carbon content by TCD | YS1: Oxygen content by TCD (calcutation) | YT1: titration of emulsion by KOH | YU1: temperature stability of oil at 150°C for 6 hours | YV1: temperature stability of oil at 160°C for 6 hours | YW1: temperature stability of oil at 160°C for 6 hours | YX1: text field | YY1: Total petroleum hydrocarbon (TPH) by FTIR | YZ1: KF Coulométrica | ZA1: SAE 4µm | ZB1: Toliltriazol | ZC1: Ácido Benzóico | ZD1: Ácido Tolúico | ZE1: Ácido 4-terc-butilbenzóico | ZF1: Cloreto por IC | ZG1: Sulfatos por IC | ZH1: Nitratos por IC | ZI1: Fosfatos por IC | ZJ1: Flash point Pensky-Abel | ZK1: Fluorides | ZL1: Soma de derivados de furano | ZM1: FTIR-Água | ZN1: Glycol-FTIR | ZO1: Demulsibility | ZP1: Foam Sequence I | ZQ1: Foam Sequence II | ZR1: Foam Sequence III | ZS1: Mg - AAS | ZT1: Total contamination 5 | ZU1: Particulado Total | ZV1: Claro e brilhante | ZW1: Moove | ZX1: Agua livre | ZY1: Particulado | ZZ1: Crescimento Microbiano | AAA1: Nitrite by IC | AAB1: Glycolate by IC | AAC1: Carboxylate Acid by UPLC | AAD1: Spectrochemical Analysis by RDE | AAE1: Die Extrusion | AAF1: Ferrous Debris | AAG1: FTIR (GRAXA) | AAH1: Colorimetria de graxa | AAI1: Consistência (Realogia) | AAJ1: Metais de Cinzas/Digestão Ácida por ICP | AAK1: Consistency by cone penetration - worked 60 blows+ incubation | AAL1: >4 | AAM1: >6 | AAN1: >14 | AAO1: >21 | AAP1: >38 | AAQ1: >70 | AAR1: Classe ISO | AAS1: Número de octanas - método do motor | AAT1: Índice de octanagem - método de pesquisa | AAU1: Chumbo | AAV1: Enxofre | AAW1: Resina (após o enxágue) | AAX1: Olefinas | AAY1: Aromáticos | AAZ1: Oxigênio | ABA1: Benzeno | ABB1: Metanol | ABC1: Etanol | ABD1: Outros oxigenados | ABE1: Destilação à pressão atmosférica - a 70°C | ABF1: Destilação à pressão atmosférica - a 100°C | ABG1: Destilação à pressão atmosférica - a 150°C | ABH1: Resíduo de destilação | ABI1: Density 70°C | ABJ1: Density 90°C | ABK1: Viscosity 70°C | ABL1: Viscosity 90°C | ABM1: Aspecto | ABN1: Condutividade | ABO1: Oxidation stability (100°C, oxygen) | ABP1: Manganese | ABQ1: Contaminação de combustível diesel com gasolina | ABR1: Imagem de cromatografia gasosa | ABS1: Viscosidade a Alta Temperatura e Alto Cisalhamento (HTHS), a 150 ºC | ABT1: Fungos e Leveduras | ABU1: Teor de cloro por XRF (mg/l) | ABV1: WS-OIL | ABW1: WS-WTR | ABX1: WS-EML | ABY1: WS-MIN | ABZ1: Temperatura | ACA1: Consistency | ACB1: Densidade a 100C | ACC1: Perda de graxa durante a lavabilidade | ACD1: Viscosidade -20C | ACE1: Massa Específica a 15 °C | ACF1: KF Coulométrico | ACG1: TBN-4739 | ACH1: TAN Colorimétrico | ACI1: TAN Potenciométrico | ACJ1: TBN-2896 | ACK1: Viscosidade dinâmica 23°C | ACL1: ABS AMOSTRA - M Oil | ACM1: ABS FULIGEM - M Oil | ACN1: Água - M Oil | ACO1: Fuligem 3800 - M Oil | ACP1: Glicol - M Oil | ACQ1: Nitração - M Oil | ACR1: Oxidação - M Oil | ACS1: Sulfatação - M Oil | ACT1: Viscosidad 40°C / V40 / ASTM D7042 | ACU1: Contagem de partículas | ACV1: Separação de Óleo durante a Armazenagem em Graxa Lubrificante - 24 h a 25 °C | ACW1: Microscopia eletrônica de varredura | ACX1: Reichert test | ACY1: Teor de carbono | ACZ1: Viscosidad Cinemática a 20°C | ADA1: Viscosidade Brookfield a -40 °C (mPas.s) | ADB1: % Ruler | ADC1: Contaminação total - papel de filtragem | ADD1: Grado ISO VG/Grado SAE ISO 3448 | ADE1: Características de Espumación | ADF1: Control de Herrumbre | ADG1: Blotter Test | ADH1: Nitrates | ADI1: Nitrites | ADJ1: Densidad a 15°C | ADK1: Aromáticos | ADL1: Índice de Cetano Calculado* | ADM1: Punto Inicial de Ebullición | ADN1: 10% Vol. Recuperado | ADO1: 50% Vol. Recuperado | ADP1: 90% Vol. Recuperado | ADQ1: Punto Final de Ebullición, PFE | ADR1: Cloruros | ADS1: Estabilidad de la Oxidación | ADT1: Densidad a 15°C | ADU1: Contenido en biodiésel | ADV1: Antimonio | ADW1: , | ADX1: . | ADY1: Viscosidade 100°C | ADZ1: Viscosidade 40°C | AEA1: Cantidad de grafito | AEB1: Evaporación a 280°C | AEC1: Evaporación a 250°C | AED1: Carbon Ramsbottom | AEE1: Sedimento por extracción | AEF1: Vanadio | AEG1: Aluminio | AEH1: Silicio | AEI1: Punto de goteo | AEJ1: Oxidación FTIR | AEK1: Corrosion Test | AEL1: Etanol Etílico Anidro na Gasolina | AEM1: Isoparafinas | AEN1: Naftênicos | AEO1: Oxigenados | AEP1: Parafínicos | AEQ1: Total Desconhecidos | AER1: Total C14+ | AES1: Viscosidade dinâmica -20°C | AET1: Microrresíduo de carbono | AEU1: Ester Base-Stock Breakdown I | AEV1: Ester Base-Stock Breakdown II | AEW1: teststepanftir | AEX1: Resíduo de carbono | AEY1: Chlorine determination | AEZ1: >14µm | AFA1: >4µm | AFB1: >6µm | AFC1: ABSORBÂNCIA FULIGEM | AFD1: Prata | AFE1: Alumínio | AFF1: Boro | AFG1: Bário | AFH1: Cálcio | AFI1: Bário | AFJ1: Teor de Biodiesel | AFK1: Cobre | AFL1: Cálcio | AFM1: Cromo | AFN1: Cobre | AFO1: Diluição por diesel | AFP1: Ferro | AFQ1: Dureza Total | AFR1: Magnésio | AFS1: Fuligem-FTIR | AFT1: Molibdênio | AFU1: Nitração-FTIR | AFV1: Sulfatação-FTIR | AFW1: Fósforo | AFX1: Índice de viscosidade | AFY1: Potássio | AFZ1: Enxofre | AGA1: Manganês | AGB1: Molibdênio | AGC1: Sódio | AGD1: Níquel | AGE1: Nitrito | AGF1: Zinco | AGG1: Fósforo | AGH1: Soot standart | AGI1: Chumbo | AGJ1: pH | AGK1: Ponto de fulgor vaso fechado Pensky-Martens | AGL1: Silício | AGM1: Estanho | AGN1: Presença de cloretos | AGO1: Titânio | AGP1: Vanádio | AGQ1: Macroscopia | AGR1: Zinco | AGS1: Foto 1 | AGT1: Desgaste natural ferrosas | AGU1: Óxidos escuros | AGV1: Óxidos vermelhos | AGW1: Partículas de corrosão | AGX1: Partículas de fadiga | AGY1: Partículas de esfoliação | AGZ1: Partículas laminares | AHA1: Esferas ferrosas | AHB1: Partículas de abrasão ferrosas | AHC1: Foto 2 | AHD1: Desgaste severo | AHE1: Particulas não ferrosas | AHF1: Foto 3 | AHG1: Areia/Poeira | AHH1: Fibras | AHI1: Contaminantes amorfos | AHJ1: Gel/Borra | AHK1: Penetração não trabalhada | AHL1: Ponto de gota | AHM1: Cádmio | AHN1: TBN-2896 | AHO1: Insolúveis em pentano | AHP1: KF Coulométrico | AHQ1: DR (L) | AHR1: DR (S) | AHS1: DR (L+S) | AHT1: DR (PLP) | AHU1: Potencial de verniz | AHV1: Fungos | AHW1: Bactéria | AHX1: RPVOT/RBOT | AHY1: Ponto de fulgor vaso fechado | AHZ1: Hidrogênio | AIA1: Oxigênio | AIB1: Nitrogênio | AIC1: Metano | AID1: Óxido de carbono | AIE1: Dióxido de carbono | AIF1: Etileno | AIG1: Etano | AIH1: Acetileno | AII1: Conteúdo total de gás | AIJ1: Total de Gases Combustíveis | AIK1: Rigidez dielétrica | AIL1: Tensão interfacial | AIM1: Teor de cloretos | AIN1: Viscosidade dinâmica @40°C | AIO1: Perdas dielétricas @100°c | AIP1: Pendencia CRD | AIQ1: Teor de Furfuradeído | AIR1: Determinação de produtos clorados PCBA | AIS1: Sulfatos | AIT1: >4µm/100ml | AIU1: >21µm | AIV1: >38µm | AIW1: >70µm | AIX1: >100µm | AIY1: Polímeros de fricção | AIZ1: Espuma Sequência I | AJA1: Espuma Sequência II | AJB1: Espuma Sequência III | AJC1: Massa específica a 20°C | AJD1: Antioxidante | AJE1: Antidesgaste | AJF1: >10µm | AJG1: Perdas dielétricas @25°c | AJH1: Demulsibilidade | AJI1: DBPC | AJJ1: Água e Sedimentos | AJK1: TAN Isolante | AJL1: FUEL DILUTION | AJM1: Densidade Isolante | AJN1: Deareação | AJO1: Resistividade | AJP1: Ponto de fulgor Passa-não-passa | AJQ1: Reserva Alcalina | AJR1: Consistência e Penetração | AJS1: 5-15µm.. | AJT1: 15-25µm.. | AJU1: 25-50µm.. | AJV1: 50-100µm.. | AJW1: >100µm.. | AJX1: Enxofre corrosivo | AJY1: Dureza | AJZ1: RBOT (Óleo Isolante) | AKA1: Contaminantes amorfos | AKB1: Contaminantes orgânicos | AKC1: Contaminantes inorgânicos | AKD1: Metais Brancos | AKE1: Sulfatos Aq. | AKF1: KF Coulométrica Codestilação | AKG1: Diesel ANP (UFMG) | AKH1: Índice de cetano | AKI1: Cor ASTM ISOLANTE | AKJ1: Insolúvel | AKK1: Insulator"s Coloumetric KF | AKL1: Cinzas Sulfatadas | AKM1: CP por membrana | AKN1: Viscosidad HTHS | AKO1: GP por correlação | AKP1: Gravidade API | AKQ1: Estimated service life loss | AKR1: Água por destilação | AKS1: MRV Baja Temperatura | AKT1: Visual | AKU1: pH Aquoso | AKV1: >25μm | AKW1: Total de Sólidos Dissolvidos | AKX1: >50μm | AKY1: >2μm | AKZ1: >5μm | ALA1: Boro | ALB1: >15μm | ALC1: FTIR Scan | ALD1: Ureia | ALE1: Ponto de congelamento | ALF1: Espuma | ALG1: Corte | ALH1: Simulador de Arranque en frío | ALI1: Alcalinidade | ALJ1: Insolúveis em tolueno | ALK1: PCB por cromatografia | ALL1: Índice viscosidade | ALM1: NAS por membrana | ALN1: Ponto de ebulição | ALO1: Antimonio | ALP1: Nitratos e Cloros | ALQ1: Glicol | ALR1: BN Numero Basico | ALS1: Cor | ALT1: Filtagrama | ALU1: Conteúdo de enxofre | ALV1: PQ Index | ALW1: Aparência | ALX1: Aparencia em lubrificante | ALY1: Visible sediments | ALZ1: Visible petroleum traces | AMA1: Inhibidor de Corrosión del Refrigerante ELC | AMB1: Lamas Millipore | AMC1: Grau Brix Optind | AMD1: Precipitado | AME1: Grau Brix Refrac | AMF1: Cor em lubrificante | AMG1: Classe ISO | AMH1: Foto 4 | AMI1: %V Glicol | AMJ1: Viscosidade 40°C | AMK1: Viscosidade Dinâmica @60º C | AML1: Oxidação-FTIR | AMM1: Viscosidade Dinâmica @80º C | AMN1: Viscosidade @60° C | AMO1: TAN Colorimétrico | AMP1: Viscosidade @80°C | AMQ1: UC Sediment Rating | AMR1: Glicol-FTIR | AMS1: Colorimetria de adesivo de membrana | AMT1: ABSORBÂNCIA AMOSTRA | AMU1: Odor | AMV1: Óleo | AMW1: pH em óleo | AMX1: Classe SAE | AMY1: Cinematic Viscosity 40°C - Insulating | AMZ1: Ponto de Fulgor Isolante | ANA1: Ponto de fulgor vaso aberto (COC) | ANB1: FTIR-Água | ANC1: Água | AND1: IC/DP/MD | ANE1: Ponto de fluidez | ANF1: Pressão de Vapor | ANG1: Diluição por Gasolina | ANH1: Coloração | ANI1: Densidade | ANJ1: Aparência | ANK1: Cor ASTM | ANL1: 90% vol. Recuperados | ANM1: Gravimetria | ANN1: 85% vol. Recuperados | ANO1: 50%vol. Recuperados | ANP1: 10%vol. Recuperados | ANQ1: 95% vol. Recuperados | ANR1: Teor de Óleo Mineral | ANS1: Presencia de Refrigerante | ANT1: Lítio | ANU1: Magnésio | ANV1: ZDDP | ANW1: TBN-4739 | ANX1: Enxofre | ANY1: Viscosidade 100°C | ANZ1: NAS Classe | AOA1: Destilação - Ponto Final | AOB1: Análise Visual | AOC1: Anti-ferrugem | AOD1: Corrosão em lâmina de cobre | AOE1: Calor de combustão - Líquido | AOF1: Aparência visual - Limpeza | AOG1: Lubricidade | AOH1: Condutividade | AOI1: Enxofre Total | AOJ1: KF Volumétrico | AOK1: Partículas poluentes | AOL1: Teste de mata-borrão | AOM1: Calor de Combustão - Bruto | AON1: Número de Cetano | AOO1: Destilação - ponto de partida | AOP1: Liberação de ar | AOQ1: Valor de Dispersión (MD) | AOR1: Índice de Contaminação (IC) | AOS1: Estado del Aceite (DP) | AOT1: Conteúdo de cinzas | AOU1: Ponto de Turbidez de Produtos Petrolíferos e Combustíveis Líquidos | AOV1: Consistência pela penetração do cone - trabalhada 60 golpes, (10-¹ mm) | AOW1: Consistência pela penetração do cone - trabalhada 100.000 golpes, (10-¹ mm) | AOX1: Determinação do teor de cloro | AOY1: Fenol | AOZ1: Amina | APA1: Oxigênio e não determinado | APB1: Ponto de Gota | APC1: Penetração Não Trabalhada | APD1: Resíduo de Carbono (Conradson) | APE1: Four Ball EP Fluid - Solda | APF1: Four Ball Wear | APG1: % Sólidos | APH1: Viscosidade 40°C (degas) | API1: Cálcio | APJ1: Zinco | APK1: Fósforo | APL1: Bário | APM1: Presencia de Kerosene | APN1: Karl Fischer | APO1: Determinação do teor de Passivador - TTA | APP1: Consistência pela penetração do cone - trabalhada 10.000 golpes | APQ1: Concentração de ureia por índice de refração | APR1: Alcalinidade NH3 | APS1: Insolúveis pelo método gravimétrico - Arla 32 | APT1: Propriedades de destilação (10,50,85,90,95%) | APU1: Destilação à pressão atmosférica - 50% do volume | APV1: Destilação à pressão atmosférica - 85% do volume | APW1: Alumínio | APX1: Bário | APY1: Boro | APZ1: Cádmio | AQA1: Cálcio | AQB1: Chumbo | AQC1: Cobre | AQD1: Chumbo | AQE1: Estabilidade de Emulsão | AQF1: Bactérias | AQG1: Corrosão sobre Alumínio | AQH1: Corrosão sobre Ferro | AQI1: Ponto de obstrução do filtro frio | AQJ1: Ponto de Névoa | AQK1: >14 | AQL1: >6 | AQM1: > 4 | AQN1: Classe ISO | AQO1: Viscosidade 40°C | AQP1: Viscosidade 100°C | AQQ1: Cromo | AQR1: Enxofre | AQS1: Estanho | AQT1: Ferro | AQU1: Fósforo | AQV1: Lítio | AQW1: Magnésio | AQX1: Manganês | AQY1: Molibdênio | AQZ1: Níquel | ARA1: Potássio | ARB1: Prata | ARC1: Silício | ARD1: Sódio | ARE1: Titânio | ARF1: Vanádio | ARG1: Zinco | ARH1: Alumínio | ARI1: Bário | ARJ1: Boro | ARK1: Cádmio | ARL1: Cálcio | ARM1: Chumbo | ARN1: Cobre | ARO1: Cromo | ARP1: Enxofre | ARQ1: Estanho | ARR1: Zinco | ARS1: Vanádio | ART1: Titânio | ARU1: Sódio | ARV1: Silício | ARW1: Prata | ARX1: Potássio | ARY1: Níquel | ARZ1: Molibdênio | ASA1: Manganês | ASB1: Magnésio | ASC1: Lítio | ASD1: Fósforo | ASE1: Ferro | ASF1: Conteúdo de enxofre | ASG1: >15µm | ASH1: Separação de óleo durante a armazenagem em graxa lubrificante, 168 h a 40°C | ASI1: VISCOSIDADE GRAXA 40°C/100°C | ASJ1: VISCOSIDADE BROOKFIELD a 25°C | ASK1: MASSA ESPECIFICA EM GRAXA A 25°C | ASL1: INDICE DE VISCOSIDADE DE GRAXA | ASM1: Alcalinidade com NH3 | ASN1: índice de refração a 20ºC | ASO1: Four Ball EP Fluid - Passa | ASP1: Estabilidade ao cisalhamento | ASQ1: Viscosidade cinemática a 100°C/antes cisal. | ASR1: Viscosidade cinemática a 100°C/pós cisal. | ASS1: TAN Potenciométrico | AST1: Insolúveis em pentano | ASU1: Insolúveis em pentano | ASV1: Diluição por combustível P | ASW1: Diluição por etanol | ASX1: KF Coulométrica | ASY1: Ponto de fulgor | ASZ1: Água e Sedimentos | ATA1: Viscosidade 100ºC | ATB1: Identidade pelo método espectrométrico IR | ATC1: Número de Cetano | ATD1: Insolúveis em pentano 5,0 µm | ATE1: Perda por evaporação NOAK | ATF1: Ponto de Entupimento de Filtro a Frio PEFF | ATG1: Número de cetano | ATH1: Oxidação-FTIR | ATI1: Nitração-FTIR | ATJ1: Sulfatação-FTIR | ATK1: Glicol-FTIR | ATL1: Fuligem-FTIR | ATM1: ABSORBÂNCIA AMOSTRA | ATN1: Ponto de combustão | ATO1: Cloro espectrometria de Raio X | ATP1: Determinação de Cloro | ATQ1: Estabilidade à Oxidação | ATR1: Traços de elementos - Alumínio - Al | ATS1: Traços de elementos - Cálcio - Ca | ATT1: Traços de elementos - Cromo - Cr | ATU1: Traços de elementos - Cobre - Cu | ATV1: Traços de elementos - Ferro - Fe | ATW1: Traços de elementos - Magnésio - Mg | ATX1: Traços de elementos - Sódio - Na | ATY1: Traços de elementos - Níquel - Ni | ATZ1: Traços de elementos - Zinco - Zn | AUA1: Ponto de Ebulição em Equilíbrio de Refluxo | AUB1: Tensão interfacial | AUC1: Moisture Content | AUD1: Dissolved Gas Analysis | AUE1: PCB in Transformer oil | AUF1: Enxofre Total | AUG1: Carbono | AUH1: Hidrogénio | AUI1: Azoto | AUJ1: Residuo Carbonoso Conradson | AUK1: Viscosidade 40°C | AUL1: 5-Hidroximetil-2-Furaldehido | AUM1: Alcohol Furfurilico | AUN1: Acetilfurano | AUO1: 5-Metil-2-Furalehido | AUP1: >23μm | AUQ1: >23µm | AUR1: Bismuto | AUS1: Viscosidade -10C | AUT1: Viscosidade -30C | AUU1: Viscosidade 0C | AUV1: Viscosidade 10C | AUW1: Viscosidade 100C | AUX1: Viscosidade 105C | AUY1: Viscosidade 110C | AUZ1: Viscosidade 115C | AVA1: Viscosidade 120C | AVB1: Viscosidade 125C | AVC1: Viscosidade 130C | AVD1: Viscosidade 15C | AVE1: Viscosidade 16C | AVF1: Viscosidade 20C | AVG1: Viscosidade 25C | AVH1: Viscosidade 30C | AVI1: Viscosidade 32C | AVJ1: Viscosidade 35C | AVK1: Viscosidade 38C | AVL1: Viscosidade 45C | AVM1: Viscosidade 50C | AVN1: Viscosidade 55C | AVO1: Viscosidade 5C | AVP1: Viscosidade 32C | AVQ1: Viscosidade 60C | AVR1: Viscosidade 65C | AVS1: Viscosidade 70C | AVT1: Viscosidade 75C | AVU1: Viscosidade 80C | AVV1: Viscosidade 85C | AVW1: Viscosidade 90C | AVX1: Viscosidade 95C | AVY1: Viscosidade dinâmica 5°C | AVZ1: Viscosidade dinâmica 10 °C | AWA1: Viscosidade dinâmica 15°C | AWB1: Viscosidade dinâmica 20°C | AWC1: Viscosidade dinâmica 22.5°C | AWD1: Viscosidade dinâmica 25°C | AWE1: Viscosidade dinâmica 27.5°C | AWF1: Viscosidade dinâmica 30°C | AWG1: Viscosidade dinâmica 55°C | AWH1: Densidade a 15C | AWI1: Densidade a 16C | AWJ1: Densidade a 20C | AWK1: Densidade a 25C | AWL1: Densidade a 30C | AWM1: pH água | AWN1: Densidade a 35C | AWO1: Densidade a 40C | AWP1: Densidade a 50C | AWQ1: Densidade a 55C | AWR1: Densidade a 60C | AWS1: Densidade a 80C | AWT1: Propano e propen | AWU1: 1-buteno | AWV1: SAE 6µm | AWW1: SAE 14µm | AWX1: SAE 21µm | AWY1: SAE 38µm | AWZ1: SAE 70µm | AXA1: Enxofre corrosivo em Prata | AXB1: Ponto de congelamento (líquidos não à base de glicol) | AXC1: Enxofre corrosivo em Cobre | AXD1: Determinação de DBDS | AXE1: Partículas de desgaste deslizantes | AXF1: Fator de dissipação a 20ºC | AXG1: Fator de dissipação a 70ºC | AXH1: Fator de dissipação a 90ºC | AXI1: Aldeídos (formaldeído) | AXJ1: Biureto | AXK1: Sólidos Dissolvidos Totais | AXL1: hydroxymetyl furfural | AXM1: furfuryl alcohol | AXN1: furfural | AXO1: acetylfuran | AXP1: methylfurfural | AXQ1: Benzotriazol | AXR1: irgamet | AXS1: Methyl benzotriazol | AXT1: rezistivity at 20°C | AXU1: rezistivity ati 70°C | AXV1: rezistivity at 90°C | AXW1: permitivity at 20°C | AXX1: permitivity at 70°C | AXY1: permitivity at 90°C | AXZ1: cutting particles | AYA1: cutting particles mean size | AYB1: cutting particles max size | AYC1: fatique particles | AYD1: fatique particles mean size | AYE1: fatique particles max size | AYF1: sliding particles | AYG1: sliding particles mean size | AYH1: sliding particles max size | AYI1: nonmetal particles | AYJ1: nonmetal particles mean size | AYK1: nonmetal particles max size | AYL1: unidentified particles | AYM1: unidentified particles mean size | AYN1: unidentified particles max size | AYO1: fibers | AYP1: Cooling curve (graph) | AYQ1: max. cooling speed | AYR1: max. cooling temperature | AYS1: max. cooling time | AYT1: content of elements semiquantitatively tens of % | AYU1: content of elements semiquantitatively units of % | AYV1: content of elements semiquantitatively tenths of % | AYW1: Total contamination on membrane filter | AYX1: volume at 250°C | AYY1: volume at 350°C | AYZ1: trichlorbifenyl | AZA1: tetrachlorbifenyl | AZB1: pentachlorbifenyl | AZC1: pentachlorbifenyl | AZD1: hexachlorbifenyl | AZE1: hexachlorbifenyl | AZF1: heptachlorbifenyl | AZG1: total content 6 bifenyls | AZH1: total content all bifenyls | AZI1: Hardness ( ppm CaCO3) | AZJ1: Hardness (mmol/l) | AZK1: water content in insulating oil | AZL1: Oil Quality index | AZM1: Total acid number for insulating oil | AZN1: Total contamination on membrane filter - hydraulic on glycol base; with water | AZO1: Total contamination on membrane filter - gear oil | AZP1: Total contamination on membrane filter - gear oil on glycol base; with water | AZQ1: Total contamination on membrane filter - customer filter | AZR1: Total impurities in engine oil | AZS1: Demulsibility number | AZT1: IR (FTIR) spectrum by ATR | AZU1: IR (FTIR) fuel | AZV1: Miscibility of oils (mixturei 1:9, 1:1, 9:1; temperature 0°C/24h, lab temperature/24h, 60°C/24h) | AZW1: Copper strip corrosion in oil (3h, 100°C) | AZX1: Steel corrosion | AZY1: Copper corrosion | AZZ1: Microscopic evaluation of particles on membrane | BAA1: Antioxidant content by FTIR | BAB1: Teor de ésteres | BAC1: Chlorine content by XRF | BAD1: Teor de cloro por XRF | BAE1: Chlorine content | BAF1: Presence of glycol in oil | BAG1: Presence of glycol in oil | BAH1: Sample decomposition for AAS | BAI1: Fe - AAS | BAJ1: Cu - AAS | BAK1: Sn - AAS | BAL1: Zn - AAS | BAM1: Si - AAS | BAN1: Al - AAS | BAO1: Cr - AAS | BAP1: Ca - AAS | BAQ1: Li - AAS | BAR1: Pb - AAS | BAS1: TOST test | BAT1: Penetration worked | BAU1: Viscosity of base oil (SEPARATION + kinematic viscosity at 40°C) | BAV1: Total contamination o0,7 µm | BAW1: Indicated cetan number , treated prior test | BAX1: Copper strip test (3h, 50°C) | BAY1: Microbiological contamination in diesel | BAZ1: Arsenic | BBA1: Mercury | BBB1: Sulphur in diesel by XRF | BBC1: Oxidation stability for diesel | BBD1: Oxidation stability for diesel (16h., 95°C, 3 l oxygen/h.) | BBE1: oxidative ash from 10% distillation residue | BBF1: FAME by FTIR | BBG1: Fame more than 20% | BBH1: FAME in biofuel | BBI1: net calorific value | BBJ1: gross calorific value | BBK1: Conductivity (µS/cm) | BBL1: Conductivity (mS/m) | BBM1: Corrosion properties | BBN1: Chlorides in emulsion | BBO1: Oil content by refractometre | BBP1: Oil content by titration | BBQ1: oil content by acid splitting | BBR1: oil content by acid splitting (Henkel) | BBS1: Sulphates in emulsion | BBT1: preparação da amostra | BBU1: Determination of factors for concentration calculation from concentrate by refractometer | BBV1: Determination of factors for concentration calculation from concentrate by acid splitting | BBW1: Determination of factors for concentration calculation from concentrate by titration | BBX1: Teor de óleo estranho por meio de refratômetro e titulação + cálculos | BBY1: Chlorides | BBZ1: Chlorides in water | BCA1: Nitrates in water | BCB1: Nitrates in water | BCC1: Nitrites | BCD1: Nitrites in water | BCE1: Silicates in water | BCF1: Silicates in water | BCG1: phoshates | BCH1: molybdete | BCI1: organic acid inhibitors | BCJ1: silicates in coolant by IC | BCK1: 2-Ethyl hexanoic acid | BCL1: mercaptobenzothiazol | BCM1: octanoic acid | BCN1: sebacic acid | BCO1: tolyltriazol | BCP1: petroleum layer | BCQ1: asphaltenes | BCR1: Brugger test | BCS1: Filter image (picture on protocol) | BCT1: Hydrogen content by TCD | BCU1: Nitrogen content by TCD | BCV1: Carbon content by TCD | BCW1: Oxygen content by TCD (calcutation) | BCX1: titration of emulsion by KOH | BCY1: temperature stability of oil at 150°C for 6 hours | BCZ1: temperature stability of oil at 160°C for 6 hours | BDA1: temperature stability of oil at 160°C for 6 hours | BDB1: text field | BDC1: Total petroleum hydrocarbon (TPH) by FTIR | BDD1: KF Coulométrica | BDE1: SAE 4µm | BDF1: Toliltriazol | BDG1: Ácido Benzóico | BDH1: Ácido Tolúico | BDI1: Ácido 4-terc-butilbenzóico | BDJ1: Cloreto por IC | BDK1: Sulfatos por IC | BDL1: Nitratos por IC | BDM1: Fosfatos por IC | BDN1: Flash point Pensky-Abel | BDO1: Fluorides | BDP1: Soma de derivados de furano | BDQ1: FTIR-Água | BDR1: Glycol-FTIR | BDS1: Demulsibility | BDT1: Foam Sequence I | BDU1: Foam Sequence II | BDV1: Foam Sequence III | BDW1: Mg - AAS | BDX1: Total contamination 5 | BDY1: Particulado Total | BDZ1: Claro e brilhante | BEA1: Moove | BEB1: Agua livre | BEC1: Particulado | BED1: Crescimento Microbiano | BEE1: Nitrite by IC | BEF1: Glycolate by IC | BEG1: Carboxylate Acid by UPLC | BEH1: Spectrochemical Analysis by RDE | BEI1: Die Extrusion | BEJ1: Ferrous Debris | BEK1: FTIR (GRAXA) | BEL1: Colorimetria de graxa | BEM1: Consistência (Realogia) | BEN1: Metais de Cinzas/Digestão Ácida por ICP | BEO1: Consistency by cone penetration - worked 60 blows+ incubation | BEP1: >4 | BEQ1: >6 | BER1: >14 | BES1: >21 | BET1: >38 | BEU1: >70 | BEV1: Classe ISO | BEW1: Número de octanas - método do motor | BEX1: Índice de octanagem - método de pesquisa | BEY1: Chumbo | BEZ1: Enxofre | BFA1: Resina (após o enxágue) | BFB1: Olefinas | BFC1: Aromáticos | BFD1: Oxigênio | BFE1: Benzeno | BFF1: Metanol | BFG1: Etanol | BFH1: Outros oxigenados | BFI1: Destilação à pressão atmosférica - a 70°C | BFJ1: Destilação à pressão atmosférica - a 100°C | BFK1: Destilação à pressão atmosférica - a 150°C | BFL1: Resíduo de destilação | BFM1: Density 70°C | BFN1: Density 90°C | BFO1: Viscosity 70°C | BFP1: Viscosity 90°C | BFQ1: Aspecto | BFR1: Condutividade | BFS1: Oxidation stability (100°C, oxygen) | BFT1: Manganese | BFU1: Contaminação de combustível diesel com gasolina | BFV1: Imagem de cromatografia gasosa | BFW1: Viscosidade a Alta Temperatura e Alto Cisalhamento (HTHS), a 150 ºC | BFX1: Fungos e Leveduras | BFY1: Teor de cloro por XRF (mg/l) | BFZ1: WS-OIL | BGA1: WS-WTR | BGB1: WS-EML | BGC1: WS-MIN | BGD1: Temperatura | BGE1: Consistency | BGF1: Densidade a 100C | BGG1: Perda de graxa durante a lavabilidade | BGH1: Viscosidade -20C | BGI1: Massa Específica a 15 °C | BGJ1: KF Coulométrico | BGK1: TBN-4739 | BGL1: TAN Colorimétrico | BGM1: TAN Potenciométrico | BGN1: TBN-2896 | BGO1: Viscosidade dinâmica 23°C | BGP1: ABS AMOSTRA - M Oil | BGQ1: ABS FULIGEM - M Oil | BGR1: Água - M Oil | BGS1: Fuligem 3800 - M Oil | BGT1: Glicol - M Oil | BGU1: Nitração - M Oil | BGV1: Oxidação - M Oil | BGW1: Sulfatação - M Oil | BGX1: Viscosidad 40°C / V40 / ASTM D7042 | BGY1: Contagem de partículas | BGZ1: Separação de Óleo durante a Armazenagem em Graxa Lubrificante - 24 h a 25 °C | BHA1: Microscopia eletrônica de varredura | BHB1: Reichert test | BHC1: Teor de carbono | BHD1: Viscosidad Cinemática a 20°C | BHE1: Viscosidade Brookfield a -40 °C (mPas.s) | BHF1: % Ruler | BHG1: Contaminação total - papel de filtragem | BHH1: Grado ISO VG/Grado SAE ISO 3448 | BHI1: Características de Espumación | BHJ1: Control de Herrumbre | BHK1: Blotter Test | BHL1: Nitrates | BHM1: Nitrites | BHN1: Densidad a 15°C | BHO1: Aromáticos | BHP1: Índice de Cetano Calculado* | BHQ1: Punto Inicial de Ebullición | BHR1: 10% Vol. Recuperado | BHS1: 50% Vol. Recuperado | BHT1: 90% Vol. Recuperado | BHU1: Punto Final de Ebullición, PFE | BHV1: Cloruros | BHW1: Estabilidad de la Oxidación | BHX1: Densidad a 15°C | BHY1: Contenido en biodiésel | BHZ1: Antimonio | BIA1: , | BIB1: . | BIC1: Viscosidade 100°C | BID1: Viscosidade 40°C | BIE1: Cantidad de grafito | BIF1: Evaporación a 280°C | BIG1: Evaporación a 250°C | BIH1: Carbon Ramsbottom | BII1: Sedimento por extracción | BIJ1: Vanadio | BIK1: Aluminio | BIL1: Silicio | BIM1: Punto de goteo | BIN1: Oxidación FTIR | BIO1: Corrosion Test | BIP1: Etanol Etílico Anidro na Gasolina | BIQ1: Isoparafinas | BIR1: Naftênicos | BIS1: Oxigenados | BIT1: Parafínicos | BIU1: Total Desconhecidos | BIV1: Total C14+ | BIW1: Viscosidade dinâmica -20°C | BIX1: Microrresíduo de carbono | BIY1: Ester Base-Stock Breakdown I | BIZ1: Ester Base-Stock Breakdown II | BJA1: teststepanftir | BJB1: Resíduo de carbono | BJC1: Chlorine determination | BJD1: Retornos de inspeção | BJE1: Retornos de inspeção | BJF1: Retornos de inspeção | BJG1: Retornos de inspeção | BJH1: Retornos de inspeção | BJI1: Realizada Microfiltragem | BJJ1: Data da Microfiltragem
A2: Brasil | B2: 26010361496 | C2: 2600436901 | E2: 24/08/2026 | F2: 22/09/2026 15:15 | G2: 22/09/2026 17:17 | H2: 25/09/2026 20:09 | K2: AEROGERADOR | L2: - | M2: - | N2: AUG04-17 | O2: AUG04-17 | R2: Gearbox | S2: Engrenagens | X2: Período | Y2: 1 | AA2: N/I | AB2: AMSOIL | AC2: ISO 320 | AG2: INVENERGY - MARCOLANDIA PI (EXLUB) | AH2: USINAS DE ENERGIA | AI2: 8641 | AJ2: 28483203000448 | AK2: Santo Augusto IV | AL2: CHAPADA II | AN2: Normal | AO2: Os resultados são aceitáveis ​​quanto a taxa de desgaste e propriedades químicas. Recomendamos coletas regulares conforme plano de manutenção preditiva. | AP2: Marcus Silva - ALS | AS2: ALSAE (72H) | AV2: 56 | AW2: 5041 | AX2: 645 | AZ2: 0 | BA2: 0 | BE2: 0 | BH2: 5 | BI2: 0 | BJ2: 0 | BL2: 42 | BU2: 0 | BW2: 0 | BX2: 7 | BY2: 2 | BZ2: 0 | CC2: 355 | CE2: 0 | CH2: 1 | CI2: 1 | CK2: 0 | CL2: 0 | CN2: 9 | DI2: 0 | DL2: 79 | GP2: Normal | GW2: 16 | HR2: 7 | IC2: 20/17/13 | IF2: 314,96 | IH2: 54 | IK2: 0,781 | IT2: 10A | JQ2: 1 | JU2: 33,70
A3: Brasil | B3: 26010361428 | C3: 2600436981 | E3: 20/08/2026 | F3: 22/09/2026 15:15 | G3: 22/09/2026 16:58 | H3: 25/09/2026 17:03 | K3: AEROGERADOR | L3: NANJING | M3: FDMD | N3: JOA09-12 | O3: JOA09-12 | R3: Gearbox | S3: Engrenagens | T3: OPTIGEAR SYNTHETIC X320 | X3: Período | Y3: 1 | AA3: N/I | AB3: CASTROL | AC3: ISO 320 | AG3: INVENERGY - MARCOLANDIA PI (EXLUB) | AH3: USINAS DE ENERGIA | AI3: 8641 | AJ3: 28483203000448 | AK3: Santa Joana IX | AN3: Normal | AO3: Os resultados são aceitáveis ​​quanto a taxa de desgaste e propriedades químicas. Recomendamos coletas regulares conforme plano de manutenção preditiva. | AP3: Carlos Damasceno - Interpretação ALS | AS3: ALSAE (72H) | AV3: 316 | AW3: 18796 | AX3: 3704 | AZ3: 0 | BA3: 0 | BE3: 2 | BH3: 4 | BI3: 1 | BJ3: 0 | BL3: 47 | BU3: 4 | BW3: 0 | BX3: 0 | BY3: 3 | BZ3: 0 | CC3: 312 | CE3: 3 | CH3: 0 | CI3: 0 | CK3: 0 | CL3: 0 | CN3: 3 | DI3: 0 | DL3: 178 | GP3: Normal | GW3: 20 | HR3: 7 | IC3: 21/19/15 | IF3: 330,08 | IH3: 55 | IK3: 1,149 | IT3: >12F | JQ3: 0 | JU3: 37,56
A4: Brasil | B4: 26010361440 | C4: 2600436841 | E4: 20/08/2026 | F4: 22/09/2026 15:15 | G4: 22/09/2026 16:58 | H4: 25/09/2026 17:01 | K4: AEROGERADOR | L4: NANJING | M4: FDMD | N4: JOA09-08 | O4: JOA09-08 | R4: Gearbox | S4: Engrenagens | T4: OPTIGEAR SYNTHETIC X320 | X4: Período | Y4: 1 | AA4: N/I | AB4: AMSOIL | AC4: ISO 320 | AG4: INVENERGY - MARCOLANDIA PI (EXLUB) | AH4: USINAS DE ENERGIA | AI4: 8641 | AJ4: 28483203000448 | AK4: Santa Joana IX | AN4: Normal | AO4: Os resultados são aceitáveis ​​quanto a taxa de desgaste e propriedades químicas. Recomendamos coletas regulares conforme plano de manutenção preditiva. | AP4: Carlos Damasceno - Interpretação ALS | AS4: ALSAE (72H) | AV4: 118 | AW4: 8381 | AX4: 1154 | AZ4: 0 | BA4: 0 | BE4: 3 | BH4: 38 | BI4: 1 | BJ4: 0 | BL4: 43 | BU4: 5 | BW4: 0 | BX4: 55 | BY4: 5 | BZ4: 0 | CC4: 290 | CE4: 3 | CH4: 0 | CI4: 0 | CK4: 0 | CL4: 0 | CN4: 3 | DI4: 0 | DL4: 138 | GP4: Normal | GW4: 18 | HR4: 4 | IC4: 20/17/14 | IF4: 318,47 | IH4: 52 | IK4: 0,974 | IT4: 12F | JQ4: 0 | JU4: 34,54
A5: Brasil | B5: 26010361439 | C5: 2600455120 | E5: 18/08/2026 | F5: 22/09/2026 15:15 | G5: 22/09/2026 16:58 | H5: 25/09/2026 16:56 | K5: AEROGERADOR | L5: NANJING | M5: FDMD | N5: JOA10-11 | O5: JOA10-11 | R5: Gearbox | S5: Engrenagens | T5: OPTIGEAR SYNTHETIC X320 | X5: Período | Y5: 1 | AA5: N/I | AB5: MOBIL | AC5: ISO 320 | AG5: INVENERGY - MARCOLANDIA PI (EXLUB) | AH5: USINAS DE ENERGIA | AI5: 8641 | AJ5: 28483203000448 | AK5: Santa Joana X | AN5: Normal | AO5: Os resultados são aceitáveis ​​quanto a taxa de desgaste e propriedades químicas. Recomendamos coletas regulares conforme plano de manutenção preditiva. | AP5: Carlos Damasceno - Interpretação ALS | AS5: ALSAE (72H) | AV5: 235 | AW5: 21950 | AX5: 3057 | AZ5: 0 | BA5: 0 | BE5: 4 | BH5: 5 | BI5: 1 | BJ5: 0 | BL5: 49 | BU5: 6 | BW5: 0 | BX5: 0 | BY5: 4 | BZ5: 0 | CC5: 324 | CE5: 3 | CH5: 0 | CI5: 0 | CK5: 0 | CL5: 0 | CN5: 7 | DI5: 0 | DL5: 177 | GP5: Normal | GW5: 20 | HR5: 10 | IC5: 22/19/15 | IF5: 334,15 | IH5: 55 | IK5: 1,150 | IT5: 12A | JQ5: 0 | JU5: 38,08
A6: Brasil | B6: 26010361415 | C6: 2600436971 | E6: 31/08/2026 | F6: 22/09/2026 15:15 | G6: 22/09/2026 16:58 | H6: 25/09/2026 16:56 | K6: AEROGERADOR | L6: NANJING | M6: FDMD | N6: JOA07-09 | O6: JOA07-09 | R6: Gearbox | S6: Engrenagens | T6: OPTIGEAR SYNTHETIC X320 | X6: Período | Y6: 1 | AA6: N/I | AB6: AMSOIL | AC6: ISO 320 | AG6: INVENERGY - MARCOLANDIA PI (EXLUB) | AH6: USINAS DE ENERGIA | AI6: 8641 | AJ6: 28483203000448 | AK6: Santa Joana VII | AN6: Anormal | AO6: Condição do Lubrificante: A amostra apresenta moderada quantidade de partículas sólidas em suspensão de diversas fontes. Condição do equipamento: Apresenta moderada concentração de Ferro, a qual indica desgaste nos componentes. | AP6: Carlos Damasceno - Interpretação ALS | AQ6: Recomendamos que seja efetuada a micro filtragem para redução dos contaminantes sólidos, verificar condição dos filtros, problemas relacionados a vedações, entrada de contaminantes e sempre efetuar a transferência através de filtragem. Efetuar nova coleta após 30 dias para acompanhamento. | AS6: ALSAE (72H) | AV6: 265 | AW6: 14526 | AX6: 2143 | AZ6: 0 | BA6: 0 | BE6: 2 | BH6: 4 | BI6: 1 | BJ6: 0 | BL6: 51 | BU6: 3 | BW6: 0 | BX6: 0 | BY6: 3 | BZ6: 0 | CC6: 324 | CE6: 3 | CH6: 0 | CI6: 0 | CK6: 0 | CL6: 0 | CN6: 4 | DI6: 0 | DL6: 133 | GP6: Normal | GW6: 17 | HR6: 6 | IC6: 21/18/15 | IF6: 300,36 | IH6: 53 | IK6: 1,077 | IT6: 12F | JQ6: 0 | JU6: 42,91 | AEZ6: Anormal | AFP6: Anormal | AMG6: Anormal
A7: Brasil | B7: 26010361422 | C7: 2600437003 | E7: 10/09/2026 | F7: 22/09/2026 15:15 | G7: 22/09/2026 16:58 | H7: 25/09/2026 12:44 | K7: AEROGERADOR | L7: NANJING | M7: FDMD | N7: JOA11-12 | O7: JOA11-12 | R7: Gearbox | S7: Engrenagens | T7: OPTIGEAR SYNTHETIC X320 | X7: Período | Y7: 1 | AA7: N/I | AB7: CASTROL | AC7: ISO 320 | AG7: INVENERGY - MARCOLANDIA PI (EXLUB) | AH7: USINAS DE ENERGIA | AI7: 8641 | AJ7: 28483203000448 | AK7: Santa Joana XI | AN7: Normal | AO7: Os resultados são aceitáveis ​​quanto a taxa de desgaste e propriedades químicas. Recomendamos coletas regulares conforme plano de manutenção preditiva. | AP7: Carlos Damasceno - Interpretação ALS | AS7: ALSAE (72H) | AV7: 729 | AW7: 20724 | AX7: 8673 | AZ7: 0 | BA7: 1 | BE7: 0 | BH7: 47 | BI7: 0 | BJ7: 1 | BL7: 18 | BU7: 1 | BW7: 0 | BX7: 36 | BY7: 1 | BZ7: 0 | CC7: 332 | CE7: 2 | CH7: 2 | CI7: 0 | CK7: 0 | CL7: 0 | CN7: 2 | DI7: 0 | DL7: 168 | GP7: Normal | GW7: 18 | HR7: 8 | IC7: 22/20/17 | IF7: 313,49 | IH7: 51 | IK7: 0,896 | IT7: 12A | JQ7: 1 | JU7: 33,14
A8: Brasil | B8: 26010361408 | C8: 2600436923 | E8: 26/08/2026 | F8: 22/09/2026 15:15 | G8: 22/09/2026 16:58 | H8: 25/09/2026 12:44 | K8: AEROGERADOR | L8: NANJING | M8: FDMD | N8: JOA10-16 | O8: JOA10-16 | R8: Gearbox | S8: Engrenagens | T8: OPTIGEAR SYNTHETIC X320 | X8: Período | Y8: 1 | AA8: N/I | AB8: CASTROL | AC8: ISO 320 | AG8: INVENERGY - MARCOLANDIA PI (EXLUB) | AH8: USINAS DE ENERGIA | AI8: 8641 | AJ8: 28483203000448 | AK8: Santa Joana X | AN8: Normal | AO8: Os resultados são aceitáveis ​​quanto a taxa de desgaste e propriedades químicas. Recomendamos coletas regulares conforme plano de manutenção preditiva. | AP8: Carlos Damasceno - Interpretação ALS | AS8: ALSAE (72H) | AV8: 396 | AW8: 33980 | AX8: 7928 | AZ8: 0 | BA8: 1 | BE8: 2 | BH8: 157 | BI8: 0 | BJ8: 0 | BL8: 16 | BU8: 2 | BW8: 0 | BX8: 175 | BY8: 2 | BZ8: 0 | CC8: 242 | CE8: 1 | CH8: 1 | CI8: 1 | CK8: 0 | CL8: 0 | CN8: 2 | DI8: 0 | DL8: 122 | GP8: Normal | GW8: 15 | HR8: 8 | IC8: 22/20/16 | IF8: 322,08 | IH8: 45 | IK8: 0,761 | IT8: >12A | JQ8: 1 | JU8: 35,62
A9: Brasil | B9: 26010361425 | C9: 2600436998 | E9: 26/08/2026 | F9: 22/09/2026 15:15 | G9: 22/09/2026 16:58 | H9: 25/09/2026 12:44 | K9: AEROGERADOR | L9: NANJING | M9: FDMD | N9: JOA16-05 | O9: JOA16-05 | R9: Gearbox | S9: Engrenagens | T9: OPTIGEAR SYNTHETIC X320 | X9: Período | Y9: 1 | AA9: N/I | AB9: AMSOIL | AC9: ISO 320 | AG9: INVENERGY - MARCOLANDIA PI (EXLUB) | AH9: USINAS DE ENERGIA | AI9: 8641 | AJ9: 28483203000448 | AK9: Santa Joana XVI | AN9: Anormal | AO9: Condição do Lubrificante: A amostra apresenta grande quantidade de partículas sólidas de diversas fontes. Condição do equipamento: Apresenta concentração de Ferro a qual indica um desgaste nos componentes. | AP9: Carlos Damasceno - Interpretação ALS | AQ9: Recomendamos que seja efetuada a micro filtragem para redução dos contaminantes sólidos, verificar condição dos filtros, problemas relacionados a vedações, entrada de contaminantes e sempre efetuar a transferência através de filtragem. Efetuar nova coleta após 30 dias para acompanhamento. | AS9: ALSAE (72H) | AV9: 254 | AW9: 47316 | AX9: 5839 | AZ9: 0 | BA9: 0 | BE9: 0 | BH9: 132 | BI9: 1 | BJ9: 3 | BL9: 59 | BU9: 3 | BW9: 1 | BX9: 59 | BY9: 0 | BZ9: 0 | CC9: 341 | CE9: 1 | CH9: 6 | CI9: 0 | CK9: 0 | CL9: 0 | CN9: 7 | DI9: 0 | DL9: 193 | GP9: Normal | GW9: 1 | HR9: 5 | IC9: 23/20/15 | IF9: 317,15 | IH9: 50 | IK9: 1,202 | IT9: >12A | JQ9: 1 | JU9: 37,14 | AEZ9: Anormal | AFB9: Crítico | AFP9: Anormal | AMG9: Crítico
A10: Brasil | B10: 26010361409 | C10: 2600436972 | E10: 10/09/2026 | F10: 22/09/2026 15:15 | G10: 22/09/2026 16:57 | H10: 25/09/2026 12:43 | K10: AEROGERADOR | L10: WINERGY | M10: PEAB 4431 | N10: JOA15-12 | O10: JOA15-12 | R10: Gearbox | S10: Engrenagens | T10: OPTIGEAR SYNTHETIC X320 | X10: Período | Y10: 1 | AA10: N/I | AB10: MOBIL | AC10: ISO 320 | AG10: INVENERGY - MARCOLANDIA PI (EXLUB) | AH10: USINAS DE ENERGIA | AI10: 8641 | AJ10: 28483203000448 | AK10: Santa Joana XV | AN10: Normal | AO10: Os resultados são aceitáveis ​​quanto a taxa de desgaste e propriedades químicas. Recomendamos coletas regulares conforme plano de manutenção preditiva. | AP10: Carlos Damasceno - Interpretação ALS | AS10: ALSAE (72H) | AV10: 227 | AW10: 23995 | AX10: 2720 | AZ10: 0 | BA10: 0 | BE10: 2 | BH10: 7 | BI10: 1 | BJ10: 0 | BL10: 49 | BU10: 5 | BW10: 1 | BX10: 0 | BY10: 1 | BZ10: 0 | CC10: 322 | CE10: 3 | CH10: 1 | CI10: 0 | CK10: 0 | CL10: 0 | CN10: 4 | DI10: 0 | DL10: 118 | GP10: Normal | GW10: 23 | HR10: 8 | IC10: 22/19/15 | IF10: 324,75 | IH10: 57 | IK10: 1,133 | IT10: 12A | JQ10: 1 | JU10: 38,40
A11: Brasil | B11: 26010361403 | C11: 2600436938 | E11: 26/08/2026 | F11: 22/09/2026 15:15 | G11: 22/09/2026 16:58 | H11: 25/09/2026 12:43 | K11: AEROGERADOR | L11: NANJING | M11: FDMD | N11: JOA11-03 | O11: JOA11-03 | R11: Gearbox | S11: Engrenagens | T11: OPTIGEAR SYNTHETIC X320 | X11: Período | Y11: 1 | AA11: N/I | AB11: AMSOIL | AC11: ISO 320 | AG11: INVENERGY - MARCOLANDIA PI (EXLUB) | AH11: USINAS DE ENERGIA | AI11: 8641 | AJ11: 28483203000448 | AK11: Santa Joana XI | AN11: Normal | AO11: Os resultados são aceitáveis ​​quanto a taxa de desgaste e propriedades químicas. Recomendamos coletas regulares conforme plano de manutenção preditiva. | AP11: Carlos Damasceno - Interpretação ALS | AS11: ALSAE (72H) | AV11: 247 | AW11: 23574 | AX11: 6924 | AZ11: 0 | BA11: 0 | BE11: 0 | BH11: 6 | BI11: 0 | BJ11: 0 | BL11: 48 | BU11: 0 | BW11: 0 | BX11: 3 | BY11: 0 | BZ11: 0 | CC11: 3 | CE11: 0 | CH11: 0 | CI11: 0 | CK11: 0 | CL11: 0 | CN11: 0 | DI11: 0 | DL11: 140 | GP11: Normal | GW11: 8 | HR11: 4 | IC11: 22/20/15 | IF11: 313,30 | IH11: 53 | IK11: 1,004 | IT11: 12A | JQ11: 0 | JU11: 33,57
A12: Brasil | B12: 26010361393 | C12: 2600436858 | E12: 27/08/2026 | F12: 22/09/2026 15:15 | G12: 22/09/2026 16:58 | H12: 25/09/2026 12:43 | K12: AEROGERADOR | L12: NANJING | M12: FDMD | N12: JOA10-15 | O12: JOA10-15 | R12: Gearbox | S12: Engrenagens | T12: OPTIGEAR SYNTHETIC X320 | X12: Período | Y12: 1 | AA12: N/I | AB12: MOBIL | AC12: ISO 320 | AG12: INVENERGY - MARCOLANDIA PI (EXLUB) | AH12: USINAS DE ENERGIA | AI12: 8641 | AJ12: 28483203000448 | AK12: Santa Joana X | AN12: Anormal | AO12: Condição do lubrificante: Apresenta condições normais de uso. Condição do equipamento: Apresenta moderada concentração de Ferro a qual indica um desgaste nos componentes. | AP12: Carlos Damasceno - Interpretação ALS | AQ12: Recomendamos que seja feita nova coleta dentro de 30 dias para acompanhamento da evolução do desgaste. | AS12: ALSAE (72H) | AV12: 53 | AW12: 1172 | AX12: 443 | AZ12: 0 | BA12: 0 | BE12: 1 | BH12: 4 | BI12: 1 | BJ12: 0 | BL12: 57 | BU12: 0 | BW12: 0 | BX12: 0 | BY12: 7 | BZ12: 0 | CC12: 4 | CE12: 2 | CH12: 0 | CI12: 0 | CK12: 0 | CL12: 0 | CN12: 4 | DI12: 0 | DL12: 158 | GP12: Normal | GW12: 15 | HR12: 5 | IC12: 17/16/13 | IF12: 333,74 | IH12: 55 | IK12: 1,153 | IT12: 10F | JQ12: 0 | JU12: 39,99 | AFP12: Anormal
A13: Brasil | B13: 26010361417 | C13: 2600436921 | E13: 27/08/2026 | F13: 22/09/2026 15:15 | G13: 22/09/2026 16:58 | H13: 25/09/2026 12:43 | K13: AEROGERADOR | L13: NANJING | M13: FDMD | N13: JOA10-14 | O13: JOA10-14 | R13: Gearbox | S13: Engrenagens | T13: OPTIGEAR SYNTHETIC X320 | X13: Período | Y13: 1 | AA13: N/I | AB13: AMSOIL | AC13: ISO 320 | AG13: INVENERGY - MARCOLANDIA PI (EXLUB) | AH13: USINAS DE ENERGIA | AI13: 8641 | AJ13: 28483203000448 | AK13: Santa Joana X | AN13: Normal | AO13: Os resultados são aceitáveis ​​quanto a taxa de desgaste e propriedades químicas. Recomendamos coletas regulares conforme plano de manutenção preditiva. | AP13: Carlos Damasceno - Interpretação ALS | AS13: ALSAE (72H) | AV13: 267 | AW13: 20312 | AX13: 4245 | AZ13: 0 | BA13: 0 | BE13: 0 | BH13: 53 | BI13: 1 | BJ13: 1 | BL13: 38 | BU13: 1 | BW13: 0 | BX13: 50 | BY13: 0 | BZ13: 0 | CC13: 339 | CE13: 2 | CH13: 2 | CI13: 0 | CK13: 0 | CL13: 0 | CN13: 2 | DI13: 0 | DL13: 136 | GP13: Normal | GW13: 21 | HR13: 6 | IC13: 22/19/15 | IF13: 312,75 | IH13: 54 | IK13: 0,968 | IT13: 12A | JQ13: 1 | JU13: 33,72
A14: Brasil | B14: 26010361405 | C14: 2600436828 | E14: 10/09/2026 | F14: 22/09/2026 15:15 | G14: 22/09/2026 16:58 | H14: 25/09/2026 12:42 | K14: AEROGERADOR | L14: NANJING | M14: FDMD | N14: JOA09-03 | O14: JOA09-03 | R14: Gearbox | S14: Engrenagens | T14: OPTIGEAR SYNTHETIC X320 | X14: Período | Y14: 1 | AA14: N/I | AB14: MOBIL | AC14: ISO 320 | AG14: INVENERGY - MARCOLANDIA PI (EXLUB) | AH14: USINAS DE ENERGIA | AI14: 8641 | AJ14: 28483203000448 | AK14: Santa Joana IX | AN14: Normal | AO14: Os resultados são aceitáveis ​​quanto a taxa de desgaste e propriedades químicas. Recomendamos coletas regulares conforme plano de manutenção preditiva. | AP14: Carlos Damasceno - Interpretação ALS | AS14: ALSAE (72H) | AV14: 194 | AW14: 14063 | AX14: 2530 | AZ14: 0 | BA14: 0 | BE14: 0 | BH14: 39 | BI14: 0 | BJ14: 0 | BL14: 17 | BU14: 0 | BW14: 0 | BX14: 67 | BY14: 2 | BZ14: 0 | CC14: 5 | CE14: 0 | CH14: 0 | CI14: 0 | CK14: 0 | CL14: 0 | CN14: 0 | DI14: 0 | DL14: 138 | GP14: Normal | GW14: 6 | HR14: 6 | IC14: 21/19/15 | IF14: 311,95 | IH14: 51 | IK14: 0,958 | IT14: 11A | JQ14: 0 | JU14: 33,38
A15: Brasil | B15: 26010361413 | C15: 2600436970 | E15: 26/03/2026 | F15: 22/09/2026 15:15 | G15: 22/09/2026 16:58 | H15: 25/09/2026 12:42 | K15: AEROGERADOR | L15: NANJING | M15: FDMD | N15: JOA07-13 | O15: JOA07-13 | R15: Gearbox | S15: Engrenagens | T15: OPTIGEAR SYNTHETIC X320 | X15: Período | Y15: 1 | AA15: N/I | AB15: MOBIL | AC15: ISO 320 | AG15: INVENERGY - MARCOLANDIA PI (EXLUB) | AH15: USINAS DE ENERGIA | AI15: 8641 | AJ15: 28483203000448 | AK15: Santa Joana VII | AN15: Anormal | AO15: Condição do Lubrificante: A amostra apresenta grande quantidade de partículas sólidas de diversas fontes. Condição do equipamento: Apresenta concentração de Ferro a qual indica um desgaste nos componentes. | AP15: Carlos Damasceno - Interpretação ALS | AQ15: Recomendamos que seja efetuada a micro filtragem para redução dos contaminantes sólidos, verificar condição dos filtros, problemas relacionados a vedações, entrada de contaminantes e sempre efetuar a transferência através de filtragem. Efetuar nova coleta após 30 dias para acompanhamento. | AS15: ALSAE (72H) | AV15: 374 | AW15: 12537 | AX15: 3002 | AZ15: 0 | BA15: 0 | BE15: 2 | BH15: 5 | BI15: 2 | BJ15: 1 | BL15: 88 | BU15: 3 | BW15: 1 | BX15: 0 | BY15: 2 | BZ15: 1 | CC15: 322 | CE15: 3 | CH15: 2 | CI15: 0 | CK15: 0 | CL15: 0 | CN15: 9 | DI15: 0 | DL15: 156 | GP15: Normal | GW15: 20 | HR15: 8 | IC15: 21/19/16 | IF15: 330,58 | IH15: 56 | IK15: 1,141 | IT15: 11A | JQ15: 1 | JU15: 39,35 | AEZ15: Crítico | AFB15: Anormal | AFP15: Anormal | AMG15: Crítico
A16: Brasil | B16: 26010361418 | C16: 2600436982 | E16: 31/08/2026 | F16: 22/09/2026 15:15 | G16: 22/09/2026 16:58 | H16: 25/09/2026 12:42 | K16: AEROGERADOR | L16: NANJING | M16: FDMD | N16: JOA10-08 | O16: JOA10-08 | R16: Gearbox | S16: Engrenagens | T16: OPTIGEAR SYNTHETIC X320 | X16: Período | Y16: 1 | AA16: N/I | AB16: CASTROL | AC16: ISO 320 | AG16: INVENERGY - MARCOLANDIA PI (EXLUB) | AH16: USINAS DE ENERGIA | AI16: 8641 | AJ16: 28483203000448 | AK16: Santa Joana X | AN16: Normal | AO16: Os resultados são aceitáveis ​​quanto a taxa de desgaste e propriedades químicas. Recomendamos coletas regulares conforme plano de manutenção preditiva. | AP16: Ana Tallita Souza - ALS | AS16: ALSAE (72H) | AV16: 181 | AW16: 6312 | AX16: 1418 | AZ16: 0 | BA16: 0 | BE16: 0 | BH16: 50 | BI16: 0 | BJ16: 0 | BL16: 16 | BU16: 0 | BW16: 0 | BX16: 33 | BY16: 6 | BZ16: 1 | CC16: 325 | CE16: 3 | CH16: 2 | CI16: 2 | CK16: 0 | CL16: 0 | CN16: 2 | DI16: 0 | DL16: 186 | GP16: Normal | GW16: 20 | HR16: 6 | IC16: 20/18/15 | IF16: 310,95 | IH16: 47 | IK16: 0,830 | IT16: 12F | JQ16: 1 | JU16: 32,45
A17: Brasil | B17: 26010361401 | C17: 2600436950 | E17: 26/08/2026 | F17: 22/09/2026 15:15 | G17: 22/09/2026 16:58 | H17: 25/09/2026 12:42 | K17: AEROGERADOR | L17: NANJING | M17: FDMD | N17: JOA07-08 | O17: JOA07-08 | R17: Gearbox | S17: Engrenagens | T17: OPTIGEAR SYNTHETIC X320 | X17: Período | Y17: 1 | AA17: N/I | AB17: AMSOIL | AC17: ISO 320 | AG17: INVENERGY - MARCOLANDIA PI (EXLUB) | AH17: USINAS DE ENERGIA | AI17: 8641 | AJ17: 28483203000448 | AK17: Santa Joana VII | AN17: Normal | AO17: Os resultados são aceitáveis ​​quanto a taxa de desgaste e propriedades químicas. Recomendamos coletas regulares conforme plano de manutenção preditiva. | AP17: Carlos Damasceno - Interpretação ALS | AS17: ALSAE (72H) | AV17: 303 | AW17: 11735 | AX17: 2393 | AZ17: 0 | BA17: 0 | BE17: 0 | BH17: 10 | BI17: 0 | BJ17: 0 | BL17: 37 | BU17: 0 | BW17: 0 | BX17: 4 | BY17: 6 | BZ17: 0 | CC17: 4 | CE17: 0 | CH17: 0 | CI17: 0 | CK17: 0 | CL17: 0 | CN17: 4 | DI17: 0 | DL17: 154 | GP17: Normal | GW17: 9 | HR17: 7 | IC17: 21/18/15 | IF17: 315,57 | IH17: 53 | IK17: 1,020 | IT17: 12F | JQ17: 0 | JU17: 33,31
A18: Brasil | B18: 26010361407 | C18: 2600436959 | E18: 21/08/2026 | F18: 22/09/2026 15:15 | G18: 22/09/2026 16:57 | H18: 25/09/2026 12:41 | K18: AEROGERADOR | L18: NANJING | M18: FDMD | N18: JOA07-01 | O18: JOA07-01 | R18: Gearbox | S18: Engrenagens | T18: OPTIGEAR SYNTHETIC X320 | X18: Período | Y18: 1 | AA18: N/I | AB18: AMSOIL | AC18: ISO 320 | AG18: INVENERGY - MARCOLANDIA PI (EXLUB) | AH18: USINAS DE ENERGIA | AI18: 8641 | AJ18: 28483203000448 | AK18: Santa Joana VII | AN18: Normal | AO18: Os resultados são aceitáveis ​​quanto a taxa de desgaste e propriedades químicas. Recomendamos coletas regulares conforme plano de manutenção preditiva. | AP18: Carlos Damasceno - Interpretação ALS | AS18: ALSAE (72H) | AV18: 3493 | AW18: 29428 | AX18: 20346 | AZ18: 0 | BA18: 1 | BE18: 0 | BH18: 11 | BI18: 0 | BJ18: 1 | BL18: 26 | BU18: 1 | BW18: 0 | BX18: 5 | BY18: 1 | BZ18: 0 | CC18: 324 | CE18: 1 | CH18: 2 | CI18: 0 | CK18: 0 | CL18: 0 | CN18: 13 | DI18: 0 | DL18: 127 | GP18: Normal | GW18: 13 | HR18: 4 | IC18: 22/22/19 | IF18: 315,64 | IH18: 54 | IK18: 0,976 | IT18: >12B | JQ18: 1 | JU18: 32,85
A19: Brasil | B19: 26010361427 | C19: 2600437002 | E19: 25/05/2026 | F19: 22/09/2026 15:15 | G19: 22/09/2026 16:57 | H19: 25/09/2026 12:18 | I19: 25/09/2026 12:47 | K19: AEROGERADOR | L19: NANJING | M19: FDMD | N19: AUG03-15 | O19: AUG03-15 | R19: Gearbox | S19: Engrenagens | T19: OPTIGEAR SYNTHETIC X320 | X19: Período | Y19: 1 | AA19: N/I | AB19: AMSOIL | AC19: ISO 320 | AG19: INVENERGY - MARCOLANDIA PI (EXLUB) | AH19: USINAS DE ENERGIA | AI19: 8641 | AJ19: 28483203000448 | AK19: Santo Augusto III | AN19: Normal | AO19: Os resultados são aceitáveis ​​quanto a taxa de desgaste e propriedades químicas. Recomendamos coletas regulares conforme plano de manutenção preditiva. | AP19: Carlos Damasceno - Interpretação ALS | AS19: ALSAE (72H) | AV19: 238 | AW19: 8607 | AX19: 2030 | AZ19: 0 | BA19: 1 | BE19: 0 | BH19: 32 | BI19: 0 | BJ19: 0 | BL19: 15 | BU19: 1 | BW19: 0 | BX19: 32 | BY19: 10 | BZ19: 1 | CC19: 299 | CE19: 3 | CH19: 2 | CI19: 1 | CK19: 0 | CL19: 0 | CN19: 4 | DI19: 0 | DL19: 130 | GP19: Normal | GW19: 17 | HR19: 4 | IC19: 20/18/15 | IF19: 314,75 | IH19: 52 | IK19: 0,977 | IT19: >12F | JQ19: 1 | JU19: 33,25
A20: Brasil | B20: 26010361529 | C20: 2600436889 | E20: 01/09/2026 | F20: 22/09/2026 15:15 | G20: 22/09/2026 17:17 | H20: 24/09/2026 14:19 | K20: AEROGERADOR | L20: NANJING | M20: FDMD | N20: JOA13-05 | O20: JOA13-05 | R20: Gearbox | S20: Engrenagens | T20: OPTIGEAR SYNTHETIC X320 | X20: Período | Y20: 1 | AA20: N/I | AB20: AMSOIL | AC20: ISO 320 | AG20: INVENERGY - MARCOLANDIA PI (EXLUB) | AH20: USINAS DE ENERGIA | AI20: 8641 | AJ20: 28483203000448 | AK20: Santa Joana XIII | AN20: Normal | AO20: Os resultados são aceitáveis ​​quanto a taxa de desgaste e propriedades químicas. Recomendamos coletas regulares conforme plano de manutenção preditiva. | AP20: Carlos Damasceno - Interpretação ALS | AS20: ALSAE (72H) | AV20: 298 | AW20: 7925 | AX20: 2160 | AZ20: 0 | BA20: 0 | BE20: 0 | BH20: 3 | BI20: 1 | BJ20: 0 | BL20: 35 | BU20: 0 | BW20: 1 | BX20: 0 | BY20: 1 | BZ20: 0 | CC20: 352 | CE20: 0 | CH20: 1 | CI20: 1 | CK20: 0 | CL20: 0 | CN20: 5 | DI20: 0 | DL20: 86 | GP20: Normal | GW20: 25 | HR20: 6 | IC20: 20/18/15 | IF20: 309,77 | IH20: 53 | IK20: 0,864 | IT20: 11D | JQ20: 0 | JU20: 32,45
A21: Brasil | B21: 26010361540 | C21: 2600421271 | E21: 24/08/2026 | F21: 22/09/2026 15:15 | G21: 22/09/2026 17:17 | H21: 24/09/2026 14:19 | K21: AEROGERADOR | L21: NANJING | M21: FDMD | N21: JOA12-01 | O21: JOA12-01 | R21: Gearbox | S21: Engrenagens | T21: OPTIGEAR SYNTHETIC X320 | X21: Período | Y21: 1 | AA21: N/I | AB21: CASTROL | AC21: ISO 320 | AG21: INVENERGY - MARCOLANDIA PI (EXLUB) | AH21: USINAS DE ENERGIA | AI21: 8641 | AJ21: 28483203000448 | AK21: Santa Joana XII | AN21: Normal | AO21: Os resultados são aceitáveis ​​quanto a taxa de desgaste e propriedades químicas. Recomendamos coletas regulares conforme plano de manutenção preditiva. | AP21: Carlos Damasceno - Interpretação ALS | AS21: ALSAE (72H) | AV21: 413 | AW21: 12708 | AX21: 3779 | AZ21: 0 | BA21: 0 | BE21: 0 | BH21: 7 | BI21: 0 | BJ21: 1 | BL21: 33 | BU21: 0 | BW21: 0 | BX21: 6 | BY21: 6 | BZ21: 0 | CC21: 358 | CE21: 0 | CH21: 1 | CI21: 1 | CK21: 0 | CL21: 0 | CN21: 5 | DI21: 0 | DL21: 135 | GP21: Normal | GW21: 11 | HR21: 7 | IC21: 21/19/16 | IF21: 311,35 | IH21: 51 | IK21: 0,694 | IT21: 12E | JQ21: 0 | JU21: 33,74
A22: Brasil | B22: 26010361561 | C22: 2600436933 | E22: 26/08/2026 | F22: 22/09/2026 15:15 | G22: 22/09/2026 17:17 | H22: 24/09/2026 14:09 | K22: AEROGERADOR | L22: WINERGY | M22: PEAB 4431 | N22: JOA16-04 | O22: JOA16-04 | R22: Gearbox | S22: Engrenagens | T22: OPTIGEAR SYNTHETIC X320 | X22: Período | Y22: 1 | AA22: N/I | AB22: MOBIL | AC22: ISO 320 | AG22: INVENERGY - MARCOLANDIA PI (EXLUB) | AH22: USINAS DE ENERGIA | AI22: 8641 | AJ22: 28483203000448 | AK22: Santa Joana XVI | AN22: Anormal | AO22: Condição do Lubrificante: A amostra apresenta grande quantidade de partículas sólidas de diversas fontes. Condição do equipamento: Apresenta concentração de Ferro a qual indica um desgaste nos componentes. | AP22: Carlos Damasceno - Interpretação ALS | AQ22: Recomendamos que seja efetuada a micro filtragem para redução dos contaminantes sólidos, verificar condição dos filtros, problemas relacionados a vedações, entrada de contaminantes e sempre efetuar a transferência através de filtragem. Efetuar nova coleta após 30 dias para acompanhamento. | AS22: ALSAE (72H) | AV22: 602 | AW22: 22067 | AX22: 5245 | AZ22: 0 | BA22: 0 | BE22: 3 | BH22: 5 | BI22: 1 | BJ22: 0 | BL22: 64 | BU22: 3 | BW22: 1 | BX22: 0 | BY22: 2 | BZ22: 1 | CC22: 336 | CE22: 2 | CH22: 1 | CI22: 1 | CK22: 0 | CL22: 0 | CN22: 5 | DI22: 0 | DL22: 76 | GP22: Normal | GW22: 25 | HR22: 7 | IC22: 22/20/16 | IF22: 335,39 | IH22: 57 | IK22: 0,883 | IT22: 12A | JQ22: 1 | JU22: 44,64 | AEZ22: Crítico | AFB22: Crítico | AFP22: Anormal | AMG22: Crítico
A23: Brasil | B23: 26010361495 | C23: 2600436957 | E23: 26/08/2026 | F23: 22/09/2026 15:15 | G23: 22/09/2026 17:17 | H23: 24/09/2026 14:09 | K23: AEROGERADOR | L23: NANJING | M23: FDMD | N23: JOA11-16 | O23: JOA11-16 | R23: Gearbox | S23: Engrenagens | T23: OPTIGEAR SYNTHETIC X320 | X23: Período | Y23: 1 | AA23: N/I | AB23: AMSOIL | AC23: ISO 320 | AG23: INVENERGY - MARCOLANDIA PI (EXLUB) | AH23: USINAS DE ENERGIA | AI23: 8641 | AJ23: 28483203000448 | AK23: Santa Joana XI | AN23: Normal | AO23: Os resultados são aceitáveis ​​quanto a taxa de desgaste e propriedades químicas. Recomendamos coletas regulares conforme plano de manutenção preditiva. | AP23: Carlos Damasceno - Interpretação ALS | AS23: ALSAE (72H) | AV23: 379 | AW23: 4286 | AX23: 2128 | AZ23: 0 | BA23: 0 | BE23: 0 | BH23: 3 | BI23: 0 | BJ23: 0 | BL23: 32 | BU23: 0 | BW23: 0 | BX23: 0 | BY23: 1 | BZ23: 0 | CC23: 370 | CE23: 0 | CH23: 1 | CI23: 1 | CK23: 0 | CL23: 0 | CN23: 12 | DI23: 0 | DL23: 168 | GP23: Normal | GW23: 16 | HR23: 7 | IC23: 19/18/16 | IF23: 314,01 | IH23: 51 | IK23: 0,783 | IT23: 12E | JQ23: 0 | JU23: 32,22
A24: Brasil | B24: 26010361498 | C24: 2600437004 | E24: 28/08/2026 | F24: 22/09/2026 15:15 | G24: 22/09/2026 17:18 | H24: 24/09/2026 14:09 | K24: AEROGERADOR | L24: NANJING | M24: FDMD | N24: JOA11-02 | O24: JOA11-02 | R24: Gearbox | S24: Engrenagens | T24: OPTIGEAR SYNTHETIC X320 | X24: Período | Y24: 1 | AA24: N/I | AB24: AMSOIL | AC24: ISO 320 | AG24: INVENERGY - MARCOLANDIA PI (EXLUB) | AH24: USINAS DE ENERGIA | AI24: 8641 | AJ24: 28483203000448 | AK24: Santa Joana XI | AN24: Normal | AO24: Os resultados são aceitáveis ​​quanto a taxa de desgaste e propriedades químicas. Recomendamos coletas regulares conforme plano de manutenção preditiva. | AP24: Carlos Damasceno - Interpretação ALS | AS24: ALSAE (72H) | AV24: 378 | AW24: 7663 | AX24: 2259 | AZ24: 0 | BA24: 0 | BE24: 0 | BH24: 30 | BI24: 0 | BJ24: 0 | BL24: 26 | BU24: 0 | BW24: 0 | BX24: 27 | BY24: 10 | BZ24: 0 | CC24: 351 | CE24: 3 | CH24: 3 | CI24: 1 | CK24: 0 | CL24: 0 | CN24: 7 | DI24: 0 | DL24: 83 | GP24: Normal | GW24: 14 | HR24: 3 | IC24: 20/18/16 | IF24: 314,54 | IH24: 57 | IK24: 0,742 | IT24: 12E | JQ24: 0 | JU24: 34,14
A25: Brasil | B25: 26010361499 | C25: 2600436993 | E25: 01/09/2026 | F25: 22/09/2026 15:15 | G25: 22/09/2026 17:17 | H25: 24/09/2026 14:08 | K25: AEROGERADOR | L25: NANJING | M25: FDMD | N25: JOA10-10 | O25: JOA10-10 | R25: Gearbox | S25: Engrenagens | T25: OPTIGEAR SYNTHETIC X320 | X25: Período | Y25: 1 | AA25: N/I | AB25: CASTROL | AC25: ISO 320 | AG25: INVENERGY - MARCOLANDIA PI (EXLUB) | AH25: USINAS DE ENERGIA | AI25: 8641 | AJ25: 28483203000448 | AK25: Santa Joana X | AN25: Normal | AO25: Os resultados são aceitáveis ​​quanto a taxa de desgaste e propriedades químicas. Recomendamos coletas regulares conforme plano de manutenção preditiva. | AP25: Carlos Damasceno - Interpretação ALS | AS25: ALSAE (72H) | AV25: 136 | AW25: 8948 | AX25: 1296 | AZ25: 0 | BA25: 0 | BE25: 0 | BH25: 40 | BI25: 0 | BJ25: 0 | BL25: 12 | BU25: 0 | BW25: 0 | BX25: 44 | BY25: 2 | BZ25: 0 | CC25: 317 | CE25: 2 | CH25: 2 | CI25: 0 | CK25: 0 | CL25: 0 | CN25: 2 | DI25: 0 | DL25: 150 | GP25: Normal | GW25: 15 | HR25: 4 | IC25: 20/17/14 | IF25: 309,24 | IH25: 50 | IK25: 0,636 | IT25: 11A | JQ25: 0 | JU25: 33,25
A26: Brasil | B26: 26010361531 | C26: 2600436924 | E26: 31/08/2026 | F26: 22/09/2026 15:15 | G26: 22/09/2026 17:17 | H26: 24/09/2026 14:08 | K26: AEROGERADOR | L26: NANJING | M26: FDMD | N26: JOA10-09 | O26: JOA10-09 | R26: Gearbox | S26: Engrenagens | T26: OPTIGEAR SYNTHETIC X320 | X26: Período | Y26: 1 | AA26: N/I | AB26: AMSOIL | AC26: ISO 320 | AG26: INVENERGY - MARCOLANDIA PI (EXLUB) | AH26: USINAS DE ENERGIA | AI26: 8641 | AJ26: 28483203000448 | AK26: Santa Joana X | AN26: Normal | AO26: Os resultados são aceitáveis ​​quanto a taxa de desgaste e propriedades químicas. Recomendamos coletas regulares conforme plano de manutenção preditiva. | AP26: Carlos Damasceno - Interpretação ALS | AS26: ALSAE (72H) | AV26: 342 | AW26: 5749 | AX26: 1717 | AZ26: 0 | BA26: 0 | BE26: 0 | BH26: 16 | BI26: 0 | BJ26: 0 | BL26: 30 | BU26: 0 | BW26: 0 | BX26: 7 | BY26: 2 | BZ26: 0 | CC26: 362 | CE26: 0 | CH26: 1 | CI26: 0 | CK26: 0 | CL26: 0 | CN26: 16 | DI26: 0 | DL26: 102 | GP26: Normal | GW26: 15 | HR26: 9 | IC26: 20/18/16 | IF26: 314,01 | IH26: 52 | IK26: 0,776 | IT26: 11D | JQ26: 0 | JU26: 33,66
A27: Brasil | B27: 26010361489 | C27: 2600421242 | E27: 25/08/2026 | F27: 22/09/2026 15:15 | G27: 22/09/2026 17:17 | H27: 24/09/2026 14:08 | K27: AEROGERADOR | L27: NANJING | M27: FDMD | N27: JOA09-15 | O27: JOA09-15 | R27: Gearbox | S27: Engrenagens | T27: OPTIGEAR SYNTHETIC X320 | X27: Período | Y27: 1 | AA27: N/I | AB27: CASTROL | AC27: ISO 320 | AG27: INVENERGY - MARCOLANDIA PI (EXLUB) | AH27: USINAS DE ENERGIA | AI27: 8641 | AJ27: 28483203000448 | AK27: Santa Joana IX | AN27: Normal | AO27: Os resultados são aceitáveis ​​quanto a taxa de desgaste e propriedades químicas. Recomendamos coletas regulares conforme plano de manutenção preditiva. | AP27: Carlos Damasceno - Interpretação ALS | AS27: ALSAE (72H) | AV27: 1305 | AW27: 11294 | AX27: 3952 | AZ27: 0 | BA27: 0 | BE27: 0 | BH27: 47 | BI27: 1 | BJ27: 0 | BL27: 29 | BU27: 0 | BW27: 0 | BX27: 35 | BY27: 2 | BZ27: 0 | CC27: 354 | CE27: 2 | CH27: 3 | CI27: 1 | CK27: 0 | CL27: 0 | CN27: 4 | DI27: 0 | DL27: 149 | GP27: Normal | GW27: 16 | HR27: 6 | IC27: 21/19/18 | IF27: 310,76 | IH27: 49 | IK27: 0,655 | IT27: >12D | JQ27: 1 | JU27: 33,35
A28: Brasil | B28: 26010361546 | C28: 2600436833 | E28: 09/09/2026 | F28: 22/09/2026 15:15 | G28: 22/09/2026 17:17 | H28: 24/09/2026 14:08 | K28: AEROGERADOR | L28: NANJING | M28: FDMD | N28: JOA07-16 | O28: JOA07-16 | R28: Gearbox | S28: Engrenagens | T28: OPTIGEAR SYNTHETIC X320 | X28: Período | Y28: 1 | AA28: N/I | AB28: AMSOIL | AC28: ISO 320 | AG28: INVENERGY - MARCOLANDIA PI (EXLUB) | AH28: USINAS DE ENERGIA | AI28: 8641 | AJ28: 28483203000448 | AK28: Santa Joana VII | AN28: Normal | AO28: Os resultados são aceitáveis ​​quanto a taxa de desgaste e propriedades químicas. Recomendamos coletas regulares conforme plano de manutenção preditiva. | AP28: Carlos Damasceno - Interpretação ALS | AS28: ALSAE (72H) | AV28: 470 | AW28: 7613 | AX28: 2541 | AZ28: 0 | BA28: 0 | BE28: 0 | BH28: 10 | BI28: 0 | BJ28: 0 | BL28: 26 | BU28: 1 | BW28: 0 | BX28: 6 | BY28: 2 | BZ28: 0 | CC28: 370 | CE28: 1 | CH28: 2 | CI28: 1 | CK28: 0 | CL28: 0 | CN28: 4 | DI28: 0 | DL28: 152 | GP28: Normal | GW28: 20 | HR28: 7 | IC28: 20/19/16 | IF28: 312,23 | IH28: 53 | IK28: 0,771 | IT28: 12D | JQ28: 0 | JU28: 33,59
A29: Brasil | B29: 26010361538 | C29: 2600436955 | E29: 19/08/2026 | F29: 22/09/2026 15:15 | G29: 22/09/2026 17:17 | H29: 24/09/2026 14:07 | I29: 24/09/2026 14:17 | K29: AEROGERADOR | L29: NANJING | M29: FDMD | N29: JOA07-12 | O29: JOA07-12 | R29: Gearbox | S29: Engrenagens | T29: OPTIGEAR SYNTHETIC X320 | X29: Período | Y29: 1 | AA29: N/I | AB29: AMSOIL | AC29: ISO 320 | AG29: INVENERGY - MARCOLANDIA PI (EXLUB) | AH29: USINAS DE ENERGIA | AI29: 8641 | AJ29: 28483203000448 | AK29: Santa Joana VII | AN29: Normal | AO29: Os resultados são aceitáveis ​​quanto a taxa de desgaste e propriedades químicas. Recomendamos coletas regulares conforme plano de manutenção preditiva. | AP29: Carlos Damasceno - Interpretação ALS | AS29: ALSAE (72H) | AV29: 2099 | AW29: 17262 | AX29: 7857 | AZ29: 0 | BA29: 0 | BE29: 0 | BH29: 6 | BI29: 0 | BJ29: 0 | BL29: 30 | BU29: 0 | BW29: 0 | BX29: 2 | BY29: 9 | BZ29: 0 | CC29: 359 | CE29: 0 | CH29: 1 | CI29: 0 | CK29: 0 | CL29: 0 | CN29: 4 | DI29: 0 | DL29: 152 | GP29: Normal | GW29: 15 | HR29: 3 | IC29: 21/20/18 | IF29: 313,52 | IH29: 51 | IK29: 0,741 | IT29: >12D | JQ29: 0 | JU29: 33,18
A30: Brasil | B30: 26010361554 | C30: 2600436864 | E30: 25/08/2026 | F30: 22/09/2026 15:15 | G30: 22/09/2026 17:17 | H30: 24/09/2026 14:07 | K30: AEROGERADOR | L30: NANJING | M30: FDMD | N30: JOA05-09 | O30: JOA05-09 | R30: Gearbox | S30: Engrenagens | T30: OPTIGEAR SYNTHETIC X320 | X30: Período | Y30: 1 | AA30: N/I | AB30: AMSOIL | AC30: ISO 320 | AG30: INVENERGY - MARCOLANDIA PI (EXLUB) | AH30: USINAS DE ENERGIA | AI30: 8641 | AJ30: 28483203000448 | AK30: Santa Joana V | AN30: Normal | AO30: Os resultados são aceitáveis ​​quanto a taxa de desgaste e propriedades químicas. Recomendamos coletas regulares conforme plano de manutenção preditiva. | AP30: Carlos Damasceno - Interpretação ALS | AS30: ALSAE (72H) | AV30: 137 | AW30: 5263 | AX30: 1488 | AZ30: 0 | BA30: 0 | BE30: 0 | BH30: 11 | BI30: 1 | BJ30: 0 | BL30: 43 | BU30: 1 | BW30: 1 | BX30: 5 | BY30: 3 | BZ30: 0 | CC30: 348 | CE30: 0 | CH30: 2 | CI30: 1 | CK30: 0 | CL30: 0 | CN30: 4 | DI30: 0 | DL30: 151 | GP30: Normal | GW30: 18 | HR30: 6 | IC30: 20/18/14 | IF30: 307,74 | IH30: 51 | IK30: 0,759 | IT30: 10A | JQ30: 0 | JU30: 33,87
A31: Brasil | B31: 26010361532 | C31: 2600436925 | E31: 02/09/2026 | F31: 22/09/2026 15:15 | G31: 22/09/2026 17:17 | H31: 24/09/2026 14:07 | K31: AEROGERADOR | L31: NANJING | M31: FDMD | N31: JOA05-05 | O31: JOA05-05 | R31: Gearbox | S31: Engrenagens | T31: OPTIGEAR SYNTHETIC X320 | X31: Período | Y31: 1 | AA31: N/I | AB31: MOBIL | AC31: ISO 320 | AG31: INVENERGY - MARCOLANDIA PI (EXLUB) | AH31: USINAS DE ENERGIA | AI31: 8641 | AJ31: 28483203000448 | AK31: Santa Joana V | AN31: Anormal | AO31: Condição do Lubrificante: A amostra apresenta grande quantidade de partículas sólidas de diversas fontes. Condição do equipamento: Apresenta concentração de Ferro a qual indica um desgaste nos componentes. | AP31: Carlos Damasceno - Interpretação ALS | AQ31: Recomendamos que seja efetuada a micro filtragem para redução dos contaminantes sólidos, verificar condição dos filtros, problemas relacionados a vedações, entrada de contaminantes e sempre efetuar a transferência através de filtragem. Efetuar nova coleta após 30 dias para acompanhamento. | AS31: ALSAE (72H) | AV31: 403 | AW31: 8294 | AX31: 1997 | AZ31: 0 | BA31: 0 | BE31: 2 | BH31: 11 | BI31: 1 | BJ31: 0 | BL31: 59 | BU31: 2 | BW31: 1 | BX31: 0 | BY31: 3 | BZ31: 0 | CC31: 360 | CE31: 3 | CH31: 2 | CI31: 1 | CK31: 0 | CL31: 0 | CN31: 11 | DI31: 0 | DL31: 149 | GP31: Normal | GW31: 22 | HR31: 13 | IC31: 20/18/16 | IF31: 334,14 | IH31: 55 | IK31: 0,854 | IT31: 12E | JQ31: 1 | JU31: 41,51 | AEZ31: Crítico | AFP31: Anormal | AMG31: Crítico
A32: Brasil | B32: 26010361530 | C32: 2600436907 | E32: 09/09/2026 | F32: 22/09/2026 15:15 | G32: 22/09/2026 17:17 | H32: 24/09/2026 14:07 | K32: AEROGERADOR | L32: NANJING | M32: FDMD | N32: JOA04-01 | O32: JOA04-01 | R32: Gearbox | S32: Engrenagens | T32: OPTIGEAR SYNTHETIC X320 | X32: Período | Y32: 1 | AA32: N/I | AB32: MOBIL | AC32: ISO 320 | AG32: INVENERGY - MARCOLANDIA PI (EXLUB) | AH32: USINAS DE ENERGIA | AI32: 8641 | AJ32: 28483203000448 | AK32: Santa Joana IV | AN32: Anormal | AO32: Condição do Lubrificante: A amostra apresenta grande quantidade de partículas sólidas de diversas fontes. Condição do equipamento: Apresenta moderada concentração de Ferro a qual indica um desgaste nos componentes. | AP32: Carlos Damasceno - Interpretação ALS | AQ32: Recomendamos que seja efetuada a micro filtragem para redução dos contaminantes sólidos, verificar condição dos filtros, problemas relacionados a vedações, entrada de contaminantes e sempre efetuar a transferência através de filtragem. Efetuar nova coleta após 30 dias para acompanhamento. | AS32: ALSAE (72H) | AV32: 488 | AW32: 9172 | AX32: 2585 | AZ32: 0 | BA32: 0 | BE32: 2 | BH32: 5 | BI32: 2 | BJ32: 0 | BL32: 72 | BU32: 3 | BW32: 1 | BX32: 0 | BY32: 2 | BZ32: 0 | CC32: 339 | CE32: 3 | CH32: 1 | CI32: 1 | CK32: 0 | CL32: 0 | CN32: 7 | DI32: 0 | DL32: 152 | GP32: Normal | GW32: 24 | HR32: 5 | IC32: 20/19/16 | IF32: 335,58 | IH32: 55 | IK32: 0,894 | IT32: 12D | JQ32: 1 | JU32: 43,19 | AEZ32: Crítico | AFB32: Anormal | AFP32: Anormal | AMG32: Crítico
A33: Brasil | B33: 26010361493 | C33: 2600421289 | E33: 25/08/2026 | F33: 22/09/2026 15:15 | G33: 22/09/2026 17:17 | H33: 24/09/2026 14:06 | K33: AEROGERADOR | L33: NANJING | M33: FDMD | N33: JOA01-09 | O33: JOA01-09 | R33: Gearbox | S33: Engrenagens | T33: OPTIGEAR SYNTHETIC X320 | X33: Período | Y33: 1 | AA33: N/I | AB33: AMSOIL | AC33: ISO VG 320 | AG33: INVENERGY - MARCOLANDIA PI (EXLUB) | AH33: USINAS DE ENERGIA | AI33: 8641 | AJ33: 28483203000448 | AK33: Santa Joana I | AN33: Normal | AO33: Os resultados são aceitáveis ​​quanto a taxa de desgaste e propriedades químicas. Recomendamos coletas regulares conforme plano de manutenção preditiva. | AP33: Carlos Damasceno - Interpretação ALS | AS33: ALSAE (72H) | AV33: 307 | AW33: 8742 | AX33: 1970 | AZ33: 0 | BA33: 0 | BE33: 0 | BH33: 9 | BI33: 1 | BJ33: 0 | BL33: 43 | BU33: 0 | BW33: 1 | BX33: 15 | BY33: 3 | BZ33: 0 | CC33: 373 | CE33: 0 | CH33: 2 | CI33: 1 | CK33: 0 | CL33: 0 | CN33: 7 | DI33: 0 | DL33: 149 | GP33: Normal | GW33: 17 | HR33: 7 | IC33: 20/18/15 | IF33: 310,67 | IH33: 52 | IK33: 0,703 | IT33: 12F | JQ33: 1 | JU33: 33,90
A34: Brasil | B34: 26010338295 | C34: 2600419506 | E34: 13/08/2026 | F34: 08/09/2026 15:22 | G34: 08/09/2026 17:45 | H34: 14/09/2026 18:02 | K34: AEROGERADOR | L34: NANJING | M34: FDMD | N34: JOA12-13 | O34: JOA12-13 | R34: Gearbox | S34: Engrenagens | T34: OPTIGEAR SYNTHETIC X320 | X34: Período | Y34: 1 | AA34: N/I | AB34: AMSOIL | AC34: ISO 320 | AG34: INVENERGY - MARCOLANDIA PI (EXLUB) | AH34: USINAS DE ENERGIA | AI34: 8641 | AJ34: 28483203000448 | AK34: Santa Joana XII | AN34: Crítico | AO34: Condição do Lubrificante: A amostra apresenta grande quantidade de partículas sólidas em suspensão não identificados como metais de desgaste sendo assim podem ser oriundas de fibras, resíduos de filtros e derivados do processo. Condição do equipamento: Não há indícios de desgaste. [Diagnóstico Realizado de acordo com o Parâmetro do Cliente] | AP34: Franciel Ferreira Nantes - ALS | AQ34: Recomendamos que seja efetuada a micro filtragem para redução dos contaminantes sólidos, verificar condição dos filtros, problemas relacionados a vedações, entrada de contaminantes e sempre efetuar a transferência através de filtragem. | AS34: ALSAE (72H) | AV34: 752 | AW34: 21012 | AX34: 4117 | AZ34: 0 | BA34: 2 | BE34: 3 | BH34: 11 | BI34: 1 | BJ34: 0 | BL34: 42 | BU34: 4 | BW34: 1 | BX34: 1 | BY34: 2 | BZ34: 2 | CC34: 319 | CE34: 2 | CH34: 2 | CI34: 1 | CK34: 0 | CL34: 0 | CN34: 7 | DI34: 0 | DL34: 77 | GP34: Normal | GW34: 22 | HR34: 5 | IC34: 22/19/17 | IF34: 325,83 | IH34: 54 | IK34: 0,886 | IT34: 12A | JQ34: 2 | JU34: 36,51 | AEZ34: Crítico | AFB34: Anormal | AMG34: Crítico
A35: Brasil | B35: 26010338367 | C35: 2600421277 | E35: 05/08/2026 | F35: 08/09/2026 15:22 | G35: 08/09/2026 17:57 | H35: 14/09/2026 18:01 | K35: AEROGERADOR | L35: NANJING | M35: FDMD | N35: JOA07-11 | O35: JOA07-11 | R35: Gearbox | S35: Engrenagens | T35: OPTIGEAR SYNTHETIC X320 | X35: Período | Y35: 1 | AA35: N/I | AB35: AMSOIL | AC35: ISO 320 | AG35: INVENERGY - MARCOLANDIA PI (EXLUB) | AH35: USINAS DE ENERGIA | AI35: 8641 | AJ35: 28483203000448 | AK35: Santa Joana VII | AN35: Anormal | AO35: Condição do lubrificante: Apresenta condições normais de uso. Condição do equipamento: Apresenta moderada concentração de Ferro a qual indica um desgaste nos componentes. [Diagnóstico Realizado de acordo com o Parâmetro do Cliente] | AP35: Franciel Ferreira Nantes - ALS | AQ35: Recomendamos que seja feita nova coleta dentro de 30 dias para acompanhamento da evolução do desgaste. | AS35: ALSAE (72H) | AV35: 153 | AW35: 10209 | AX35: 1450 | AZ35: 0 | BA35: 0 | BE35: 2 | BH35: 8 | BI35: 2 | BJ35: 0 | BL35: 81 | BU35: 5 | BW35: 1 | BX35: 0 | BY35: 3 | BZ35: 1 | CC35: 352 | CE35: 2 | CH35: 0 | CI35: 0 | CK35: 0 | CL35: 0 | CN35: 28 | DI35: 0 | DL35: 100 | GP35: Normal | GW35: 23 | HR35: 7 | IC35: 21/18/14 | IF35: 331,77 | IH35: 55 | IK35: 0,939 | IT35: 11A | JQ35: 0 | JU35: 41,06 | AFP35: Anormal
A36: Brasil | B36: 26010338375 | C36: 2600455166 | E36: 07/08/2026 | F36: 08/09/2026 15:22 | G36: 08/09/2026 17:58 | H36: 14/09/2026 18:01 | K36: AEROGERADOR | L36: NANJING | M36: FDMD | N36: JOA05-06 | O36: JOA05-06 | R36: Gearbox | S36: Engrenagens | T36: OPTIGEAR SYNTHETIC X320 | X36: Período | Y36: 1 | AA36: N/I | AB36: AMSOIL | AC36: ISO 320 | AG36: INVENERGY - MARCOLANDIA PI (EXLUB) | AH36: USINAS DE ENERGIA | AI36: 8641 | AJ36: 28483203000448 | AK36: Santa Joana V | AN36: Anormal | AO36: Condição do lubrificante: Apresenta condições normais de uso. Condição do equipamento: Apresenta moderada concentração de Ferro a qual indica um desgaste nos componentes. [Diagnóstico Realizado de acordo com o Parâmetro do Cliente] | AP36: Franciel Ferreira Nantes - ALS | AQ36: Recomendamos que seja feita nova coleta dentro de 30 dias para acompanhamento da evolução do desgaste. | AS36: ALSAE (72H) | AV36: 87 | AW36: 3945 | AX36: 755 | AZ36: 0 | BA36: 0 | BE36: 2 | BH36: 5 | BI36: 1 | BJ36: 0 | BL36: 54 | BU36: 4 | BW36: 0 | BX36: 0 | BY36: 2 | BZ36: 1 | CC36: 354 | CE36: 1 | CH36: 0 | CI36: 0 | CK36: 0 | CL36: 0 | CN36: 6 | DI36: 0 | DL36: 88 | GP36: Normal | GW36: 19 | HR36: 5 | IC36: 19/17/14 | IF36: 329,26 | IH36: 55 | IK36: 1,001 | IT36: 9A | JQ36: 0 | JU36: 43,81 | AFP36: Anormal
A37: Brasil | B37: 26010338385 | C37: 2600421260 | E37: 05/08/2026 | F37: 08/09/2026 15:22 | G37: 08/09/2026 17:58 | H37: 14/09/2026 17:49 | K37: AEROGERADOR | L37: WINERGY | M37: PEAB 4431 | N37: AUG05-13 | O37: AUG05-13 | R37: Gearbox | S37: Engrenagens | T37: OPTIGEAR SYNTHETIC X320 | X37: Período | Y37: 1 | AA37: N/I | AB37: AMSOIL | AC37: ISO 320 | AG37: INVENERGY - MARCOLANDIA PI (EXLUB) | AH37: USINAS DE ENERGIA | AI37: 8641 | AJ37: 28483203000448 | AK37: Santo Augusto V | AN37: Anormal | AO37: Condição do lubrificante: Apresenta condições normais de uso. Condição do equipamento: Apresenta moderada concentração de Ferro a qual indica um desgaste nos componentes. [Diagnóstico Realizado de acordo com o Parâmetro do Cliente] | AP37: Franciel Ferreira Nantes - ALS | AQ37: Recomendamos que seja feita nova coleta dentro de 30 dias para acompanhamento da evolução do desgaste. | AS37: ALSAE (72H) | AV37: 114 | AW37: 6070 | AX37: 1352 | AZ37: 0 | BA37: 0 | BE37: 3 | BH37: 4 | BI37: 1 | BJ37: 0 | BL37: 61 | BU37: 4 | BW37: 0 | BX37: 0 | BY37: 3 | BZ37: 1 | CC37: 358 | CE37: 0 | CH37: 0 | CI37: 0 | CK37: 0 | CL37: 0 | CN37: 10 | DI37: 0 | DL37: 83 | GP37: Normal | GW37: 18 | HR37: 6 | IC37: 20/18/14 | IF37: 332,35 | IH37: 55 | IK37: 1,023 | IT37: 10A | JQ37: 0 | JU37: 42,45 | AFP37: Anormal
A38: Brasil | B38: 26010338343 | C38: 2600421291 | E38: 29/07/2026 | F38: 08/09/2026 15:22 | G38: 08/09/2026 17:58 | H38: 14/09/2026 17:48 | K38: AEROGERADOR | L38: WINERGY | M38: PEAB 4431 | N38: AUG05-13 | O38: AUG05-13 | R38: Gearbox | S38: Engrenagens | T38: OPTIGEAR SYNTHETIC X320 | X38: Período | Y38: 1 | AA38: N/I | AB38: AMSOIL | AC38: ISO 320 | AG38: INVENERGY - MARCOLANDIA PI (EXLUB) | AH38: USINAS DE ENERGIA | AI38: 8641 | AJ38: 28483203000448 | AK38: Santo Augusto V | AN38: Anormal | AO38: Condição do lubrificante: Apresenta condições normais de uso. Condição do equipamento: Apresenta moderada concentração de Ferro a qual indica um desgaste nos componentes. [Diagnóstico Realizado de acordo com o Parâmetro do Cliente] | AP38: Franciel Ferreira Nantes - ALS | AQ38: Recomendamos que seja feita nova coleta dentro de 30 dias para acompanhamento da evolução do desgaste. | AS38: ALSAE (72H) | AV38: 157 | AW38: 3853 | AX38: 1098 | AZ38: 0 | BA38: 0 | BE38: 3 | BH38: 10 | BI38: 1 | BJ38: 0 | BL38: 60 | BU38: 5 | BW38: 0 | BX38: 0 | BY38: 4 | BZ38: 1 | CC38: 343 | CE38: 0 | CH38: 0 | CI38: 0 | CK38: 0 | CL38: 0 | CN38: 16 | DI38: 0 | DL38: 98 | GP38: Normal | GW38: 20 | HR38: 9 | IC38: 19/17/14 | IF38: 338,14 | IH38: 54 | IK38: 1,011 | IT38: 12F | JQ38: 0 | JU38: 42,60 | AFP38: Anormal
