Workbook
Name SegmentaçãodeDados_Site: #N/A
Name SegmentaçãodeDados_Site1: #N/A

Sheet Relatório Executivo
B2: RELATÓRIO EXECUTIVO - TURBINAS PARADAS ≥7 DIAS | N2: DADOS AUXILIARES - GRÁFICO
B3: ="Consolidado Essentia + Auren | Data: "&DAY(TODAY())&"/"&MONTH(TODAY())&"/"&YEAR(TODAY()) -> Consolidado Essentia + Auren | Data: 25/9/2026 | N3: Semana | O3: Ano | P3: 2025 | Q3: 2026 | R3: Variação
N4: W21 | O4: 21 | P4: =IFERROR(INDEX(Historic!$H:$H,MATCH("2025W"&TEXT(O4,"00"),Historic!$A:$A,0)),0) -> 11 | Q4: =IFERROR(INDEX(Historic!$H:$H,MATCH("2026W"&TEXT(O4,"00"),Historic!$A:$A,0)),0) -> 6 | R4: =IFERROR(Q4-P4,0) -> -5
B5: RESUMO EXECUTIVO | N5: W22 | O5: 22 | P5: =IFERROR(INDEX(Historic!$H:$H,MATCH("2025W"&TEXT(O5,"00"),Historic!$A:$A,0)),0) -> 12 | Q5: =IFERROR(INDEX(Historic!$H:$H,MATCH("2026W"&TEXT(O5,"00"),Historic!$A:$A,0)),0) -> 2 | R5: =IFERROR(Q5-P5,0) -> -10
N6: W23 | O6: 23 | P6: =IFERROR(INDEX(Historic!$H:$H,MATCH("2025W"&TEXT(O6,"00"),Historic!$A:$A,0)),0) -> 11 | Q6: =IFERROR(INDEX(Historic!$H:$H,MATCH("2026W"&TEXT(O6,"00"),Historic!$A:$A,0)),0) -> 4 | R6: =IFERROR(Q6-P6,0) -> -7
B7: Indicador | C7: Essentia | D7: Auren | E7: Total | G7: ANÁLISE POR COMPONENTE | N7: W24 | O7: 24 | P7: =IFERROR(INDEX(Historic!$H:$H,MATCH("2025W"&TEXT(O7,"00"),Historic!$A:$A,0)),0) -> 11 | Q7: =IFERROR(INDEX(Historic!$H:$H,MATCH("2026W"&TEXT(O7,"00"),Historic!$A:$A,0)),0) -> 3 | R7: =IFERROR(Q7-P7,0) -> -8
B8: Turbinas Paradas ≥7 dias | C8: =COUNTIFS('Fonte de Dados - Essentia'!$E$4:$E$222,"Parada",'Fonte de Dados - Essentia'!$F$4:$F$222,">=7") -> 1 | D8: =COUNTIFS('Fonte de Dados - Auren'!$E$6:$E$50,"Parada",'Fonte de Dados - Auren'!$F$6:$F$50,">=7") -> 3 | E8: =C8+D8 -> 4 | G8: Gerador | H8: =COUNTIFS('Fonte de Dados - Essentia'!$E$4:$E$222,"Parada",'Fonte de Dados - Essentia'!$F$4:$F$222,">=7",'Fonte de Dados - Essentia'!$I$4:$I$222,"*Gerador*")+COUNTIFS('Fonte de Dados - Auren'!$E$6:$E$50,"Parada",'Fonte de Dados - Auren'!$F$6:$F$50,">=7",'Fonte de Dados - Auren'!$I$6:$I$50,"*Gerador*") -> 0 | N8: W25 | O8: 25 | P8: =IFERROR(INDEX(Historic!$H:$H,MATCH("2025W"&TEXT(O8,"00"),Historic!$A:$A,0)),0) -> 17 | Q8: =IFERROR(INDEX(Historic!$H:$H,MATCH("2026W"&TEXT(O8,"00"),Historic!$A:$A,0)),0) -> 4 | R8: =IFERROR(Q8-P8,0) -> -13
B9: Média Dias Parada | C9: =IFERROR(AVERAGEIFS('Fonte de Dados - Essentia'!$F$4:$F$222,'Fonte de Dados - Essentia'!$E$4:$E$222,"Parada",'Fonte de Dados - Essentia'!$F$4:$F$222,">=7"),0) -> 78 | D9: =IFERROR(AVERAGEIFS('Fonte de Dados - Auren'!$F$6:$F$50,'Fonte de Dados - Auren'!$E$6:$E$50,"Parada",'Fonte de Dados - Auren'!$F$6:$F$50,">=7"),0) -> 62 | E9: =IFERROR((C9*C8+D9*D8)/E8,0) -> 66 | G9: Pitch Bearing | H9: =COUNTIFS('Fonte de Dados - Essentia'!$E$4:$E$222,"Parada",'Fonte de Dados - Essentia'!$F$4:$F$222,">=7",'Fonte de Dados - Essentia'!$I$4:$I$222,"*Pitch Bearing*")+COUNTIFS('Fonte de Dados - Auren'!$E$6:$E$50,"Parada",'Fonte de Dados - Auren'!$F$6:$F$50,">=7",'Fonte de Dados - Auren'!$I$6:$I$50,"*Pitch Bearing*") -> 1 | N9: W26 | O9: 26 | P9: =IFERROR(INDEX(Historic!$H:$H,MATCH("2025W"&TEXT(O9,"00"),Historic!$A:$A,0)),0) -> 18 | Q9: =IFERROR(INDEX(Historic!$H:$H,MATCH("2026W"&TEXT(O9,"00"),Historic!$A:$A,0)),0) -> 3 | R9: =IFERROR(Q9-P9,0) -> -15
G10: Blade | H10: =COUNTIFS('Fonte de Dados - Essentia'!$E$4:$E$222,"Parada",'Fonte de Dados - Essentia'!$F$4:$F$222,">=7",'Fonte de Dados - Essentia'!$I$4:$I$222,"*Blade*")+COUNTIFS('Fonte de Dados - Auren'!$E$6:$E$50,"Parada",'Fonte de Dados - Auren'!$F$6:$F$50,">=7",'Fonte de Dados - Auren'!$I$6:$I$50,"*Blade*") -> 2 | N10: W27 | O10: 27 | P10: =IFERROR(INDEX(Historic!$H:$H,MATCH("2025W"&TEXT(O10,"00"),Historic!$A:$A,0)),0) -> 18 | Q10: =IFERROR(INDEX(Historic!$H:$H,MATCH("2026W"&TEXT(O10,"00"),Historic!$A:$A,0)),0) -> 2 | R10: =IFERROR(Q10-P10,0) -> -16
G11: Main Bearing | H11: =COUNTIFS('Fonte de Dados - Essentia'!$E$4:$E$222,"Parada",'Fonte de Dados - Essentia'!$F$4:$F$222,">=7",'Fonte de Dados - Essentia'!$I$4:$I$222,"*Main Bearing*")+COUNTIFS('Fonte de Dados - Auren'!$E$6:$E$50,"Parada",'Fonte de Dados - Auren'!$F$6:$F$50,">=7",'Fonte de Dados - Auren'!$I$6:$I$50,"*Main Bearing*") -> 0 | N11: W28 | O11: 28 | P11: =IFERROR(INDEX(Historic!$H:$H,MATCH("2025W"&TEXT(O11,"00"),Historic!$A:$A,0)),0) -> 16 | Q11: =IFERROR(INDEX(Historic!$H:$H,MATCH("2026W"&TEXT(O11,"00"),Historic!$A:$A,0)),0) -> 2 | R11: =IFERROR(Q11-P11,0) -> -14
G12: Yaw Drive | H12: =COUNTIFS('Fonte de Dados - Essentia'!$E$4:$E$222,"Parada",'Fonte de Dados - Essentia'!$F$4:$F$222,">=7",'Fonte de Dados - Essentia'!$I$4:$I$222,"*Yaw Drive*")+COUNTIFS('Fonte de Dados - Auren'!$E$6:$E$50,"Parada",'Fonte de Dados - Auren'!$F$6:$F$50,">=7",'Fonte de Dados - Auren'!$I$6:$I$50,"*Yaw Drive*") -> 0 | N12: W29 | O12: 29 | P12: =IFERROR(INDEX(Historic!$H:$H,MATCH("2025W"&TEXT(O12,"00"),Historic!$A:$A,0)),0) -> 12 | Q12: =IFERROR(INDEX(Historic!$H:$H,MATCH("2026W"&TEXT(O12,"00"),Historic!$A:$A,0)),0) -> 4 | R12: =IFERROR(Q12-P12,0) -> -8
G13: Gearbox | H13: =COUNTIFS('Fonte de Dados - Essentia'!$E$4:$E$222,"Parada",'Fonte de Dados - Essentia'!$F$4:$F$222,">=7",'Fonte de Dados - Essentia'!$I$4:$I$222,"*Gearbox*")+COUNTIFS('Fonte de Dados - Auren'!$E$6:$E$50,"Parada",'Fonte de Dados - Auren'!$F$6:$F$50,">=7",'Fonte de Dados - Auren'!$I$6:$I$50,"*Gearbox*") -> 1 | N13: W30 | O13: 30 | P13: =IFERROR(INDEX(Historic!$H:$H,MATCH("2025W"&TEXT(O13,"00"),Historic!$A:$A,0)),0) -> 10 | Q13: =IFERROR(INDEX(Historic!$H:$H,MATCH("2026W"&TEXT(O13,"00"),Historic!$A:$A,0)),0) -> 4 | R13: =IFERROR(Q13-P13,0) -> -6
N14: W31 | O14: 31 | P14: =IFERROR(INDEX(Historic!$H:$H,MATCH("2025W"&TEXT(O14,"00"),Historic!$A:$A,0)),0) -> 7 | Q14: =IFERROR(INDEX(Historic!$H:$H,MATCH("2026W"&TEXT(O14,"00"),Historic!$A:$A,0)),0) -> 3 | R14: =IFERROR(Q14-P14,0) -> -4
B15: EVOLUÇÃO SEMANAL - COMPARATIVO ANUAL | N15: W32 | O15: 32 | P15: =IFERROR(INDEX(Historic!$H:$H,MATCH("2025W"&TEXT(O15,"00"),Historic!$A:$A,0)),0) -> 8 | Q15: =IFERROR(INDEX(Historic!$H:$H,MATCH("2026W"&TEXT(O15,"00"),Historic!$A:$A,0)),0) -> 6 | R15: =IFERROR(Q15-P15,0) -> -2
I17: TOP 5 - MAIOR CRITICIDADE
I18: WTG | J18: Site | K18: Dias | L18: Componente
I19: {=IFERROR(_xlfn.TAKE(_xlfn._xlws.SORT(_xlfn.VSTACK(_xlfn._xlws.FILTER(CHOOSE({1,2,3,4},'Fonte de Dados - Essentia'!$B$4:$B$222,'Fonte de Dados - Essentia'!$A$4:$A$222,'Fonte de Dados - Essentia'!$F$4:$F$222,'Fonte de Dados - Essentia'!$I$4:$I$222),('Fonte de Dados - Essentia'!$E$4:$E$222="Parada")*('Fonte de Dados - Essentia'!$F$4:$F$222>=7)),_xlfn._xlws.FILTER(CHOOSE({1,2,3,4},'Fonte de Dados - Auren'!$B$6:$B$50,'Fonte de Dados - Auren'!$A$6:$A$50,'Fonte de Dados - Auren'!$F$6:$F$50,'Fonte de Dados - Auren'!$I$6:$I$50),('Fonte de Dados - Auren'!$E$6:$E$50="Parada")*('Fonte de Dados - Auren'!$F$6:$F$50>=7))),3,-1),5),"—")} -> EBR07-12 | J19: Caetés | K19: 101 | L19: Blade
I20: JOA12-03 | J20: Chapada I | K20: 78 | L20: Blade
I21: EBR06-08 | J21: Caetés | K21: 63 | L21: Pitch Bearing
I22: EBR05-13 | J22: Caetés | K22: 22 | L22: Gearbox
B32: TURBINAS PARADAS ≥7 DIAS - ESSENTIA
B33: ="(" & C8 & " unidades)" -> (1 unidades)
B35: Site | C35: WTG | D35: Dias Parada | E35: Componente | F35: Brief Description | G35: Ação Pendente
B36: {=IFERROR(_xlfn._xlws.SORT(_xlfn._xlws.FILTER(CHOOSE({1,2,3,4,5,6},'Fonte de Dados - Essentia'!$A$4:$A$222,'Fonte de Dados - Essentia'!$B$4:$B$222,'Fonte de Dados - Essentia'!$F$4:$F$222,'Fonte de Dados - Essentia'!$I$4:$I$222,'Fonte de Dados - Essentia'!$J$4:$J$222,'Fonte de Dados - Essentia'!$K$4:$K$222),('Fonte de Dados - Essentia'!$E$4:$E$222="Parada")*('Fonte de Dados - Essentia'!$F$4:$F$222>=7)),3,-1),"Nenhuma turbina parada ≥7 dias")} -> Chapada I | C36: JOA12-03 | D36: 78 | E36: Blade | F36: MCE | G36: Nenhuma turbina parada ≥7 dias
B48: TURBINAS PARADAS ≥7 DIAS - AUREN
B49: ="(" & D8 & " unidades)" -> (3 unidades)
B51: Site | C51: WTG | D51: Dias Parada | E51: Componente | F51: Brief Description | G51: Ação Pendente
B52: {=IFERROR(_xlfn._xlws.SORT(_xlfn._xlws.FILTER(CHOOSE({1,2,3,4,5,6},'Fonte de Dados - Auren'!$A$6:$A$50,'Fonte de Dados - Auren'!$B$6:$B$50,'Fonte de Dados - Auren'!$F$6:$F$50,'Fonte de Dados - Auren'!$I$6:$I$50,'Fonte de Dados - Auren'!$J$6:$J$50,'Fonte de Dados - Auren'!$K$6:$K$50),('Fonte de Dados - Auren'!$E$6:$E$50="Parada")*('Fonte de Dados - Auren'!$F$6:$F$50>=7)),3,-1),"Nenhuma turbina parada ≥7 dias")} -> Caetés | C52: EBR07-12 | D52: 101 | E52: Blade | F52: UPTOWER REPAIR | G52: 16/07: Máquina parada para reparo de blades. Responsabilidade Auren. 23/07: Reparo em andamento. 30/07: Sem previsão de retorno ainda. 10/09: Auren finalizando o reparo.
B53: Caetés | C53: EBR06-08 | D53: 63 | E53: Pitch Bearing | F53: MCE | G53: 30/07: Falha no pitch bearing devido a danos internos. Previsão de retorno no início de set/26. 13/08: Auren se planejando para realização da troca. 10/09: Troca será feita com o time de Field Services.
B54: Caetés | C54: EBR05-13 | D54: 22 | E54: Gearbox | F54: MCE | G54: 10/09: Houve o colapso da gearbox. 17/09: Auren mobilizando para troca. Previsão de finalização da atividade na semana que vem. Atividade será realizada com Liftra.
B67: Relatório gerado automaticamente | Dados atualizados em tempo real | Para uso interno

Sheet Dashboard
A1: STOPPED TURBINES - DASHBOARD
D4: Site | E4: Asa Branca
D6: WTG | E6: Data da parada | F6: Previsão de Retorno | G6: Dias parada | H6: Motivo | I6: Componente/Subsistema | J6: Ação Pendente
D7: AB 05-13 | E7: 45609 | F7: 45610 | G7: 1 | H7: Turbina não passa no teste de baterias do sistema de pitch. | I7: Pitch Battery | J7: Troubleshooting da falha.
D8: AB 06-06 | E8: 45606 | F8: 45610 | G8: 4 | H8: Turbina não passa no teste de baterias do sistema de pitch. | I8: Pitch Battery | J8: Troubleshooting da falha com suporte da engenharia.
D9: AB 06-08 | E9: 45607 | F9: 45623 | G9: 3 | H9: Danos no gerador, curto no wye ring. | I9: Gerador | J9: Aguardando deslocamento de um time de Chapada para realizar o reparo.
D10: AB 07-11 | E10: 45601 | F10: 45630 | G10: 9 | H10: Danos no gerador, curto no wye ring. | I10: Gerador | J10: Aguardando deslocamento de um time de Chapada para realizar o reparo.

Sheet Dashboard_Essentia
I1: Stopped Turbines +7 days - Essentia
J34: Quantidade de turbinas paradas - Essentia | AJ34: Status | AK34: Parada | AP34: Status | AQ34: Parada
I35: Quantidade de turbinas paradas | J35: =COUNTIFS('Fonte de Dados - Essentia'!E:E,"Parada",'Fonte de Dados - Essentia'!F:F,">=7") -> 4 | AJ35: Dias parada | AK35: - | AP35: Dias parada | AQ35: (Vários itens)
I36: % da frota | J36: =J35/347 -> 0.011527378 | AJ36: Site | AK36: Asa Branca | AP36: Site | AQ36: (Vários itens)
J38: ASA BRANCA | L38: CHAPADA | AJ38: Contagem de WTG | AK38: Rótulos de Coluna | AP38: Contagem de WTG | AQ38: Rótulos de Coluna
I39: Quantidade de turbinas paradas | J39: =COUNTIFS('Fonte de Dados - Essentia'!A:A,"Asa Branca",'Fonte de Dados - Essentia'!E:E,"Parada",'Fonte de Dados - Essentia'!F:F,">=7") -> 0 | L39: =COUNTIFS('Fonte de Dados - Essentia'!E:E,"Parada",'Fonte de Dados - Essentia'!A:A,"Chapada I",'Fonte de Dados - Essentia'!F:F,">=7")+COUNTIFS('Fonte de Dados - Essentia'!E:E,"Parada",'Fonte de Dados - Essentia'!A:A,"Chapada II",'Fonte de Dados - Essentia'!F:F,">=7")+COUNTIFS('Fonte de Dados - Essentia'!E:E,"Parada",'Fonte de Dados - Essentia'!A:A,"Chapada III",'Fonte de Dados - Essentia'!F:F,">=7") -> 4 | AJ39: Rótulos de Linha | AK39: Total Geral | AP39: Rótulos de Linha | AQ39: MCE | AR39: Total Geral
I40: % da frota | J40: =J39/100 -> 0 | L40: =L39/247 -> 0.016194332 | AJ40: Total Geral | AP40: Blade | AQ40: 1 | AR40: 1
AP41: Gearbox | AQ41: 2 | AR41: 2
AP42: Gerador | AQ42: 1 | AR42: 1
AP43: Total Geral | AQ43: 4 | AR43: 4

Sheet Horas DTs
A1: Status | B1: Parada
A3: Rótulos de Linha | B3: Soma de Horas paradas
A4: Asa Branca | B4: 0
A5: Chapada I | B5: 1440
A6: Chapada II | B6: 1704
A7: Chapada III | B7: 1080
A8: Total Geral | B8: 4224

Sheet Disp. YTD
A1: Status | B1: Parada
A3: Rótulos de Linha | B3: Soma de Indisponibilidade TB
A4: Asa Branca | B4: 0
A5: Chapada I | B5: 0.0060667341
A6: Chapada II | B6: 0.008255814
A7: Chapada III | B7: 0.016351744
A8: Total Geral | B8: 0.030674292

Sheet WTGs paradas
A1: Status | B1: Parada
A3: Rótulos de Linha | B3: Contagem de WTG
A4: Asa Branca | B4: 2
A5: Chapada I | B5: 9
A6: Chapada II | B6: 2
A7: Chapada III | B7: 1
A8: Total Geral | B8: 14

Sheet Historic
A1: YEAR+WEEK | B1: Year | C1: Week | D1: Domingo | E1: Sábado | F1: ASA | G1: CHA | H1: Total | I1: Turbinas afetadas | J1: SOMA | K1: MÉDIA ACUMULADA | L1: MÉDIA ANUAL | M1: # | N1: Média WindSpeed
A2: 2024W39 | B2: =LEFT(A2,4) -> 2024 | C2: =RIGHT(A2,2) -> 39 | D2: 45558 | E2: =D2+6 -> 45564 | F2: 0 | G2: 8 | H2: =F2+G2 -> 8 | I2: =COUNTIF('Fonte de Dados - Essentia'!C4:C46,"<=45564") -> 0 | J2: =SUM(F2:G2) -> 8 | K2: =SUM(F2:G2)/M2 -> 8 | L2: =AVERAGE(H2) -> 8 | M2: 1 | N2: Registro de turbinas com mais de 7 dias paradas
A3: 2024W40 | B3: =LEFT(A3,4) -> 2024 | C3: =RIGHT(A3,2) -> 40 | D3: =D2+7 -> 45565 | E3: =D3+6 -> 45571 | F3: 0 | G3: 8 | H3: =F3+G3 -> 8 | I3: =COUNTIF('Fonte de Dados - Essentia'!C:C,"<=45571") -> 8 | J3: =SUM(F3:G3) -> 8 | K3: =SUM(F2:G3)/M3 -> 8 | L3: =AVERAGE($H$2:H3) -> 8 | M3: 2
A4: 2024W41 | B4: =LEFT(A4,4) -> 2024 | C4: =RIGHT(A4,2) -> 41 | D4: =D3+7 -> 45572 | E4: =D4+6 -> 45578 | F4: 0 | G4: 9 | H4: =F4+G4 -> 9 | I4: =COUNTIF('Fonte de Dados - Essentia'!C:C,"<=45578") -> 8 | J4: =SUM(F4:G4) -> 9 | K4: =SUM(F2:G4)/M4 -> 8.3333333 | L4: =AVERAGE($H$2:H4) -> 8.3333333 | M4: 3
A5: 2024W42 | B5: =LEFT(A5,4) -> 2024 | C5: =RIGHT(A5,2) -> 42 | D5: =D4+7 -> 45579 | E5: =D5+6 -> 45585 | F5: 0 | G5: 9 | H5: =F5+G5 -> 9 | I5: =COUNTIF('Fonte de Dados - Essentia'!C:C,"<=45585") -> 9 | J5: =SUM(F5:G5) -> 9 | K5: =SUM(F2:G5)/M5 -> 8.5 | L5: =AVERAGE($H$2:H5) -> 8.5 | M5: 4
A6: 2024W43 | B6: =LEFT(A6,4) -> 2024 | C6: =RIGHT(A6,2) -> 43 | D6: =D5+7 -> 45586 | E6: =D6+6 -> 45592 | F6: 0 | G6: 10 | H6: =F6+G6 -> 10 | I6: =COUNTIF('Fonte de Dados - Essentia'!C:C,"<=45592") -> 9 | J6: =SUM(F6:G6) -> 10 | K6: =SUM(F2:G6)/M6 -> 8.8 | L6: =AVERAGE($H$2:H6) -> 8.8 | M6: 5
A7: 2024W44 | B7: =LEFT(A7,4) -> 2024 | C7: =RIGHT(A7,2) -> 44 | D7: =D6+7 -> 45593 | E7: =D7+6 -> 45599 | F7: 1 | G7: 12 | H7: =F7+G7 -> 13 | I7: =COUNTIF('Fonte de Dados - Essentia'!C:C,"<=45599") -> 10 | J7: =SUM(F7:G7) -> 13 | K7: =SUM(F2:G7)/M7 -> 9.5 | L7: =AVERAGE($H$2:H7) -> 9.5 | M7: 6
A8: 2024W45 | B8: =LEFT(A8,4) -> 2024 | C8: =RIGHT(A8,2) -> 45 | D8: =D7+7 -> 45600 | E8: =D8+6 -> 45606 | F8: 3 | G8: 15 | H8: =F8+G8 -> 18 | I8: =COUNTIF('Fonte de Dados - Essentia'!C:C,"<=45606") -> 14 | J8: =SUM(F8:G8) -> 18 | K8: =SUM(F2:G8)/M8 -> 10.714286 | L8: =AVERAGE($H$2:H8) -> 10.714286 | M8: 7
A9: 2024W46 | B9: =LEFT(A9,4) -> 2024 | C9: =RIGHT(A9,2) -> 46 | D9: =D8+7 -> 45607 | E9: =D9+6 -> 45613 | F9: 3 | G9: 15 | H9: =F9+G9 -> 18 | I9: =COUNTIF('Fonte de Dados - Essentia'!C:C,"<=45613") -> 20 | J9: =SUM(F9:G9) -> 18 | K9: =SUM(F2:G9)/M9 -> 11.625 | L9: =AVERAGE($H$2:H9) -> 11.625 | M9: 8
A10: 2024W47 | B10: =LEFT(A10,4) -> 2024 | C10: =RIGHT(A10,2) -> 47 | D10: =D9+7 -> 45614 | E10: =D10+6 -> 45620 | F10: 2 | G10: 13 | H10: =F10+G10 -> 15 | I10: =COUNTIF('Fonte de Dados - Essentia'!C:C,"<=45620") -> 23 | J10: =SUM(F10:G10) -> 15 | K10: =SUM(F2:G10)/M10 -> 12 | L10: =AVERAGE($H$2:H10) -> 12 | M10: 9
A11: 2024W48 | B11: =LEFT(A11,4) -> 2024 | C11: =RIGHT(A11,2) -> 48 | D11: =D10+7 -> 45621 | E11: =D11+6 -> 45627 | F11: 2 | G11: 14 | H11: =F11+G11 -> 16 | I11: =COUNTIF('Fonte de Dados - Essentia'!C:C,"<=45627") -> 24 | J11: =SUM(F11:G11) -> 16 | K11: =SUM(F2:G11)/M11 -> 12.4 | L11: =AVERAGE($H$2:H11) -> 12.4 | M11: 10
A12: 2024W49 | B12: =LEFT(A12,4) -> 2024 | C12: =RIGHT(A12,2) -> 49 | D12: =D11+7 -> 45628 | E12: =D12+6 -> 45634 | F12: 1 | G12: 13 | H12: =F12+G12 -> 14 | I12: =COUNTIF('Fonte de Dados - Essentia'!C:C,"<=45634") -> 26 | J12: =SUM(F12:G12) -> 14 | K12: =SUM(F2:G12)/M12 -> 12.545455 | L12: =AVERAGE($H$2:H12) -> 12.545455 | M12: 11
A13: 2024W50 | B13: =LEFT(A13,4) -> 2024 | C13: =RIGHT(A13,2) -> 50 | D13: =D12+7 -> 45635 | E13: =D13+6 -> 45641 | F13: 1 | G13: 13 | H13: =F13+G13 -> 14 | I13: =COUNTIF('Fonte de Dados - Essentia'!C:C,"<=45641") -> 26 | J13: =SUM(F13:G13) -> 14 | K13: =SUM(F2:G13)/M13 -> 12.666667 | L13: =AVERAGE($H$2:H13) -> 12.666667 | M13: 12
A14: 2024W51 | B14: =LEFT(A14,4) -> 2024 | C14: =RIGHT(A14,2) -> 51 | D14: =D13+7 -> 45642 | E14: =D14+6 -> 45648 | F14: 1 | G14: 12 | H14: =F14+G14 -> 13 | I14: =COUNTIF('Fonte de Dados - Essentia'!C:C,"<=45648") -> 27 | J14: =SUM(F14:G14) -> 13 | K14: =SUM(F2:G14)/M14 -> 12.692308 | L14: =AVERAGE($H$2:H14) -> 12.692308 | M14: 13
A15: 2024W52 | B15: =LEFT(A15,4) -> 2024 | C15: =RIGHT(A15,2) -> 52 | D15: =D14+7 -> 45649 | E15: =D15+6 -> 45655 | F15: 1 | G15: 11 | H15: =F15+G15 -> 12 | I15: =COUNTIF('Fonte de Dados - Essentia'!C:C,"<=45655") -> 30 | J15: =SUM(F15:G15) -> 12 | K15: =SUM(F2:G15)/M15 -> 12.642857 | L15: =AVERAGE($H$2:H15) -> 12.642857 | M15: 14
A16: 2025W01 | B16: =LEFT(A16,4) -> 2025 | C16: =RIGHT(A16,2) -> 01 | D16: =D15+7 -> 45656 | E16: =D16+6 -> 45662 | F16: 2 | G16: 10 | H16: =F16+G16 -> 12 | I16: =COUNTIF('Fonte de Dados - Essentia'!C:C,"<=45662") -> 32 | J16: =SUM(F16:G16) -> 12 | K16: =SUM(F2:G16)/M16 -> 12.6 | L16: =AVERAGE(H16) -> 12 | M16: 15
A17: 2025W02 | B17: =LEFT(A17,4) -> 2025 | C17: =RIGHT(A17,2) -> 02 | D17: =D16+7 -> 45663 | E17: =D17+6 -> 45669 | F17: 2 | G17: 9 | H17: =F17+G17 -> 11 | I17: =COUNTIF('Fonte de Dados - Essentia'!C:C,"<=45669") -> 33 | J17: =SUM(F17:G17) -> 11 | K17: =SUM(F2:G17)/M17 -> 12.5 | L17: =AVERAGE($H$16:H17) -> 11.5 | M17: 16
A18: 2025W03 | B18: =LEFT(A18,4) -> 2025 | C18: =RIGHT(A18,2) -> 03 | D18: =D17+7 -> 45670 | E18: =D18+6 -> 45676 | F18: 2 | G18: 11 | H18: =F18+G18 -> 13 | I18: =COUNTIF('Fonte de Dados - Essentia'!C:C,"<=45676") -> 34 | J18: =SUM(F18:G18) -> 13 | K18: =SUM(F2:G18)/M18 -> 12.529412 | L18: =AVERAGE($H$16:H18) -> 12 | M18: 17
A19: 2025W04 | B19: =LEFT(A19,4) -> 2025 | C19: =RIGHT(A19,2) -> 04 | D19: =D18+7 -> 45677 | E19: =D19+6 -> 45683 | F19: 3 | G19: 12 | H19: =F19+G19 -> 15 | I19: =COUNTIF('Fonte de Dados - Essentia'!C:C,"<=45683") -> 35 | J19: =SUM(F19:G19) -> 15 | K19: =SUM(F2:G19)/M19 -> 12.666667 | L19: =AVERAGE($H$16:H19) -> 12.75 | M19: 18
A20: 2025W05 | B20: =LEFT(A20,4) -> 2025 | C20: =RIGHT(A20,2) -> 05 | D20: =D19+7 -> 45684 | E20: =D20+6 -> 45690 | F20: 3 | G20: 12 | H20: =F20+G20 -> 15 | I20: =COUNTIF('Fonte de Dados - Essentia'!C:C,"<=45690") -> 36 | J20: =SUM(F20:G20) -> 15 | K20: =SUM(F2:G20)/M20 -> 12.789474 | L20: =AVERAGE($H$16:H20) -> 13.2 | M20: 19
A21: 2025W06 | B21: =LEFT(A21,4) -> 2025 | C21: =RIGHT(A21,2) -> 06 | D21: =D20+7 -> 45691 | E21: =D21+6 -> 45697 | F21: 3 | G21: 10 | H21: =F21+G21 -> 13 | I21: =COUNTIF('Fonte de Dados - Essentia'!C:C,"<=45697") -> 43 | J21: =SUM(F21:G21) -> 13 | K21: =SUM(F2:G21)/M21 -> 12.8 | L21: =AVERAGE($H$16:H21) -> 13.166667 | M21: 20
A22: 2025W07 | B22: =LEFT(A22,4) -> 2025 | C22: =RIGHT(A22,2) -> 07 | D22: =D21+7 -> 45698 | E22: =D22+6 -> 45704 | F22: 3 | G22: 15 | H22: =F22+G22 -> 18 | I22: =COUNTIF('Fonte de Dados - Essentia'!C:C,"<=45704") -> 44 | J22: =SUM(F22:G22) -> 18 | K22: =SUM(F2:G22)/M22 -> 13.047619 | L22: =AVERAGE($H$16:H22) -> 13.857143 | M22: 21
A23: 2025W08 | B23: =LEFT(A23,4) -> 2025 | C23: =RIGHT(A23,2) -> 08 | D23: =D22+7 -> 45705 | E23: =D23+6 -> 45711 | F23: 2 | G23: 13 | H23: =F23+G23 -> 15 | I23: =COUNTIF('Fonte de Dados - Essentia'!C:C,"<=45711") -> 49 | J23: =SUM(F23:G23) -> 15 | K23: =SUM(F2:G23)/M23 -> 13.136364 | L23: =AVERAGE($H$16:H23) -> 14 | M23: 22
A24: 2025W09 | B24: =LEFT(A24,4) -> 2025 | C24: =RIGHT(A24,2) -> 09 | D24: =D23+7 -> 45712 | E24: =D24+6 -> 45718 | F24: 2 | G24: 12 | H24: =F24+G24 -> 14 | I24: =COUNTIF('Fonte de Dados - Essentia'!C:C,"<=45718") -> 53 | J24: =SUM(F24:G24) -> 14 | K24: =SUM(F2:G24)/M24 -> 13.173913 | L24: =AVERAGE($H$16:H24) -> 14 | M24: 23
A25: 2025W10 | B25: =LEFT(A25,4) -> 2025 | C25: =RIGHT(A25,2) -> 10 | D25: =D24+7 -> 45719 | E25: =D25+6 -> 45725 | F25: 2 | G25: 11 | H25: =F25+G25 -> 13 | I25: =COUNTIF('Fonte de Dados - Essentia'!C:C,"<=45725") -> 55 | J25: =SUM(F25:G25) -> 13 | K25: =SUM(F2:G25)/M25 -> 13.166667 | L25: =AVERAGE($H$16:H25) -> 13.9 | M25: 24
A26: 2025W11 | B26: =LEFT(A26,4) -> 2025 | C26: =RIGHT(A26,2) -> 11 | D26: =D25+7 -> 45726 | E26: =D26+6 -> 45732 | F26: 2 | G26: 10 | H26: =F26+G26 -> 12 | I26: =COUNTIF('Fonte de Dados - Essentia'!C:C,"<=45732") -> 57 | J26: =SUM(F26:G26) -> 12 | K26: =SUM(F2:G26)/M26 -> 13.12 | L26: =AVERAGE($H$16:H26) -> 13.727273 | M26: 25
A27: 2025W12 | B27: =LEFT(A27,4) -> 2025 | C27: =RIGHT(A27,2) -> 12 | D27: =D26+7 -> 45733 | E27: =D27+6 -> 45739 | F27: 2 | G27: 12 | H27: =F27+G27 -> 14 | I27: =COUNTIF('Fonte de Dados - Essentia'!C:C,"<=45739") -> 60 | J27: =SUM(F27:G27) -> 14 | K27: =SUM(F2:G27)/M27 -> 13.153846 | L27: =AVERAGE($H$16:H27) -> 13.75 | M27: 26
A28: 2025W13 | B28: =LEFT(A28,4) -> 2025 | C28: =RIGHT(A28,2) -> 13 | D28: =D27+7 -> 45740 | E28: =D28+6 -> 45746 | F28: 2 | G28: 11 | H28: =F28+G28 -> 13 | I28: =COUNTIF('Fonte de Dados - Essentia'!C:C,"<=45746") -> 61 | J28: =SUM(F28:G28) -> 13 | K28: =SUM(F2:G28)/M28 -> 13.148148 | L28: =AVERAGE($H$16:H28) -> 13.692308 | M28: 27
A29: 2025W14 | B29: =LEFT(A29,4) -> 2025 | C29: =RIGHT(A29,2) -> 14 | D29: =D28+7 -> 45747 | E29: =D29+6 -> 45753 | F29: 2 | G29: 10 | H29: =F29+G29 -> 12 | I29: =COUNTIF('Fonte de Dados - Essentia'!C:C,"<=45753") -> 62 | J29: =SUM(F29:G29) -> 12 | K29: =SUM(F2:G29)/M29 -> 13.107143 | L29: =AVERAGE($H$16:H29) -> 13.571429 | M29: 28
A30: 2025W15 | B30: =LEFT(A30,4) -> 2025 | C30: =RIGHT(A30,2) -> 15 | D30: =D29+7 -> 45754 | E30: =D30+6 -> 45760 | F30: 2 | G30: 11 | H30: =F30+G30 -> 13 | I30: =COUNTIF('Fonte de Dados - Essentia'!C:C,"<=45760") -> 65 | J30: =SUM(F30:G30) -> 13 | K30: =SUM(F2:G30)/M30 -> 13.103448 | L30: =AVERAGE($H$16:H30) -> 13.533333 | M30: 29
A31: 2025W16 | B31: =LEFT(A31,4) -> 2025 | C31: =RIGHT(A31,2) -> 16 | D31: =D30+7 -> 45761 | E31: =D31+6 -> 45767 | F31: 2 | G31: 12 | H31: =F31+G31 -> 14 | I31: =COUNTIF('Fonte de Dados - Essentia'!C:C,"<=45767") -> 69 | J31: =SUM(F31:G31) -> 14 | K31: =SUM(F2:G31)/M31 -> 13.133333 | L31: =AVERAGE($H$16:H31) -> 13.5625 | M31: 30
A32: 2025W17 | B32: =LEFT(A32,4) -> 2025 | C32: =RIGHT(A32,2) -> 17 | D32: =D31+7 -> 45768 | E32: =D32+6 -> 45774 | F32: 1 | G32: 15 | H32: =F32+G32 -> 16 | I32: =COUNTIF('Fonte de Dados - Essentia'!C:C,"<=45774") -> 69 | J32: =SUM(F32:G32) -> 16 | K32: =SUM(F2:G32)/M32 -> 13.225806 | L32: =AVERAGE($H$16:H32) -> 13.705882 | M32: 31
A33: 2025W18 | B33: =LEFT(A33,4) -> 2025 | C33: =RIGHT(A33,2) -> 18 | D33: =D32+7 -> 45775 | E33: =D33+6 -> 45781 | F33: 1 | G33: 13 | H33: =F33+G33 -> 14 | I33: =COUNTIF('Fonte de Dados - Essentia'!C:C,"<=45781") -> 70 | J33: =SUM(F33:G33) -> 14 | K33: =SUM(F2:G33)/M33 -> 13.25 | L33: =AVERAGE($H$16:H33) -> 13.722222 | M33: 32
A34: 2025W19 | B34: =LEFT(A34,4) -> 2025 | C34: =RIGHT(A34,2) -> 19 | D34: =D33+7 -> 45782 | E34: =D34+6 -> 45788 | F34: 1 | G34: 13 | H34: =F34+G34 -> 14 | I34: =COUNTIF('Fonte de Dados - Essentia'!C:C,"<=45788") -> 72 | J34: =SUM(F34:G34) -> 14 | K34: =SUM(F3:G34)/M34 -> 13.030303 | L34: =AVERAGE($H$16:H34) -> 13.736842 | M34: 33
A35: 2025W20 | B35: =LEFT(A35,4) -> 2025 | C35: =RIGHT(A35,2) -> 20 | D35: =D34+7 -> 45789 | E35: =D35+6 -> 45795 | F35: 0 | G35: 9 | H35: =F35+G35 -> 9 | I35: =COUNTIF('Fonte de Dados - Essentia'!C:C,"<=45795") -> 74 | J35: =SUM(F35:G35) -> 9 | K35: =SUM(F2:G35)/M35 -> 13.147059 | L35: =AVERAGE($H$16:H35) -> 13.5 | M35: 34
A36: 2025W21 | B36: =LEFT(A36,4) -> 2025 | C36: =RIGHT(A36,2) -> 21 | D36: =D35+7 -> 45796 | E36: =D36+6 -> 45802 | F36: 1 | G36: 10 | H36: =F36+G36 -> 11 | I36: =COUNTIF('Fonte de Dados - Essentia'!C:C,"<=45802") -> 76 | J36: =SUM(F36:G36) -> 11 | K36: =SUM(F2:G36)/M36 -> 13.085714 | L36: =AVERAGE($H$16:H36) -> 13.380952 | M36: 35
A37: 2025W22 | B37: =LEFT(A37,4) -> 2025 | C37: =RIGHT(A37,2) -> 22 | D37: =D36+7 -> 45803 | E37: =D37+6 -> 45809 | F37: 1 | G37: 11 | H37: =F37+G37 -> 12 | I37: =COUNTIF('Fonte de Dados - Essentia'!C:C,"<=45809") -> 76 | J37: =SUM(F37:G37) -> 12 | K37: =SUM(F2:G37)/M37 -> 13.055556 | L37: =AVERAGE($H$16:H37) -> 13.318182 | M37: 36
A38: 2025W23 | B38: =LEFT(A38,4) -> 2025 | C38: =RIGHT(A38,2) -> 23 | D38: =D37+7 -> 45810 | E38: =D38+6 -> 45816 | F38: 2 | G38: 9 | H38: =F38+G38 -> 11 | I38: =COUNTIF('Fonte de Dados - Essentia'!C:C,"<=45816") -> 78 | J38: =SUM(F38:G38) -> 11 | K38: =SUM(F2:G38)/M38 -> 13 | L38: =AVERAGE($H$16:H38) -> 13.217391 | M38: 37
A39: 2025W24 | B39: =LEFT(A39,4) -> 2025 | C39: =RIGHT(A39,2) -> 24 | D39: =D38+7 -> 45817 | E39: =D39+6 -> 45823 | F39: 1 | G39: 10 | H39: =F39+G39 -> 11 | I39: =COUNTIF('Fonte de Dados - Essentia'!C:C,"<=45823") -> 87 | J39: =SUM(F39:G39) -> 11 | K39: =SUM(F2:G39)/M39 -> 12.947368 | L39: =AVERAGE($H$16:H39) -> 13.125 | M39: 38
A40: 2025W25 | B40: =LEFT(A40,4) -> 2025 | C40: =RIGHT(A40,2) -> 25 | D40: =D39+7 -> 45824 | E40: =D40+6 -> 45830 | F40: 1 | G40: 16 | H40: =F40+G40 -> 17 | I40: =COUNTIF('Fonte de Dados - Essentia'!C:C,"<=45830") -> 87 | J40: =SUM(F40:G40) -> 17 | K40: =SUM(F2:G40)/M40 -> 13.051282 | L40: =AVERAGE($H$16:H40) -> 13.28 | M40: 39
A41: 2025W26 | B41: =LEFT(A41,4) -> 2025 | C41: =RIGHT(A41,2) -> 26 | D41: =D40+7 -> 45831 | E41: =D41+6 -> 45837 | F41: 1 | G41: 17 | H41: =F41+G41 -> 18 | I41: 88 | J41: =SUM(F41:G41) -> 18 | K41: =SUM(F2:G41)/M41 -> 13.175 | L41: =AVERAGE($H$16:H41) -> 13.461538 | M41: 40
A42: 2025W27 | B42: =LEFT(A42,4) -> 2025 | C42: =RIGHT(A42,2) -> 27 | D42: =D41+7 -> 45838 | E42: =D42+6 -> 45844 | F42: 1 | G42: 17 | H42: =F42+G42 -> 18 | I42: =COUNTIF('Fonte de Dados - Essentia'!C:C,"<=45844") -> 90 | J42: =SUM(F42:G42) -> 18 | K42: =SUM(F2:G42)/M42 -> 13.292683 | L42: =AVERAGE($H$16:H42) -> 13.62963 | M42: 41
A43: 2025W28 | B43: =LEFT(A43,4) -> 2025 | C43: =RIGHT(A43,2) -> 28 | D43: =D42+7 -> 45845 | E43: =D43+6 -> 45851 | F43: 1 | G43: 15 | H43: =F43+G43 -> 16 | I43: =COUNTIF('Fonte de Dados - Essentia'!C:C,"<=45851") -> 91 | J43: =SUM(F43:G43) -> 16 | K43: =SUM(F2:G43)/M43 -> 13.357143 | L43: =AVERAGE($H$16:H43) -> 13.714286 | M43: 42
A44: 2025W29 | B44: =LEFT(A44,4) -> 2025 | C44: =RIGHT(A44,2) -> 29 | D44: =D43+7 -> 45852 | E44: =D44+6 -> 45858 | F44: 1 | G44: 11 | H44: =F44+G44 -> 12 | I44: =COUNTIF('Fonte de Dados - Essentia'!C:C,"<=45858") -> 93 | J44: =SUM(F44:G44) -> 12 | K44: =SUM(F2:G44)/M44 -> 13.325581 | L44: =AVERAGE($H$16:H44) -> 13.655172 | M44: 43
A45: 2025W30 | B45: =LEFT(A45,4) -> 2025 | C45: =RIGHT(A45,2) -> 30 | D45: =D44+7 -> 45859 | E45: =D45+6 -> 45865 | F45: 1 | G45: 9 | H45: =F45+G45 -> 10 | I45: =COUNTIF('Fonte de Dados - Essentia'!C:C,"<=45865") -> 93 | J45: =SUM(F45:G45) -> 10 | K45: =SUM(F2:G45)/M45 -> 13.25 | L45: =AVERAGE($H$16:H45) -> 13.533333 | M45: 44
A46: 2025W31 | B46: =LEFT(A46,4) -> 2025 | C46: =RIGHT(A46,2) -> 31 | D46: =D45+7 -> 45866 | E46: =D46+6 -> 45872 | F46: 0 | G46: 7 | H46: =F46+G46 -> 7 | I46: =COUNTIF('Fonte de Dados - Essentia'!C:C,"<=45872") -> 94 | J46: =SUM(F46:G46) -> 7 | K46: =SUM(F2:G46)/M46 -> 13.111111 | L46: =AVERAGE($H$16:H46) -> 13.322581 | M46: 45
A47: 2025W32 | B47: =LEFT(A47,4) -> 2025 | C47: =RIGHT(A47,2) -> 32 | D47: =D46+7 -> 45873 | E47: =D47+6 -> 45879 | F47: 0 | G47: 8 | H47: =F47+G47 -> 8 | I47: =COUNTIF('Fonte de Dados - Essentia'!C:C,"<=45879") -> 96 | J47: =SUM(F47:G47) -> 8 | K47: =SUM(F2:G47)/M47 -> 13 | L47: =AVERAGE($H$16:H47) -> 13.15625 | M47: 46
A48: 2025W33 | B48: =LEFT(A48,4) -> 2025 | C48: =RIGHT(A48,2) -> 33 | D48: =D47+7 -> 45880 | E48: =D48+6 -> 45886 | F48: 0 | G48: 7 | H48: =F48+G48 -> 7 | I48: =COUNTIF('Fonte de Dados - Essentia'!C:C,"<=45886") -> 97 | J48: =SUM(F48:G48) -> 7 | K48: =SUM(F2:G48)/M48 -> 12.87234 | L48: =AVERAGE($H$16:H48) -> 12.969697 | M48: 47
A49: 2025W34 | B49: =LEFT(A49,4) -> 2025 | C49: =RIGHT(A49,2) -> 34 | D49: =D48+7 -> 45887 | E49: =D49+6 -> 45893 | F49: 0 | G49: 6 | H49: =F49+G49 -> 6 | I49: =COUNTIF('Fonte de Dados - Essentia'!C:C,"<=45893") -> 98 | J49: =SUM(F49:G49) -> 6 | K49: =SUM(F2:G49)/M49 -> 12.729167 | L49: =AVERAGE($H$16:H49) -> 12.764706 | M49: 48
A50: 2025W35 | B50: =LEFT(A50,4) -> 2025 | C50: =RIGHT(A50,2) -> 35 | D50: =D49+7 -> 45894 | E50: =D50+6 -> 45900 | F50: 0 | G50: 4 | H50: =F50+G50 -> 4 | I50: =COUNTIF('Fonte de Dados - Essentia'!C:C,"<=45900") -> 102 | J50: =SUM(F50:G50) -> 4 | K50: =SUM(F2:G50)/M50 -> 12.55102 | L50: =AVERAGE($H$16:H50) -> 12.514286 | M50: 49
A51: 2025W36 | B51: =LEFT(A51,4) -> 2025 | C51: =RIGHT(A51,2) -> 36 | D51: =D50+7 -> 45901 | E51: =D51+6 -> 45907 | F51: 0 | G51: 4 | H51: =F51+G51 -> 4 | I51: =COUNTIF('Fonte de Dados - Essentia'!C:C,"<=45907") -> 104 | J51: =SUM(F51:G51) -> 4 | K51: =SUM(F2:G51)/M51 -> 12.38 | L51: =AVERAGE($H$16:H51) -> 12.277778 | M51: 50
A52: 2025W37 | B52: =LEFT(A52,4) -> 2025 | C52: =RIGHT(A52,2) -> 37 | D52: =D51+7 -> 45908 | E52: =D52+6 -> 45914 | F52: 0 | G52: 9 | H52: =F52+G52 -> 9 | I52: =COUNTIF('Fonte de Dados - Essentia'!C:C,"<=45914") -> 107 | J52: =SUM(F52:G52) -> 9 | K52: =SUM(F2:G52)/M52 -> 12.313725 | L52: =AVERAGE($H$16:H52) -> 12.189189 | M52: 51
A53: 2025W38 | B53: =LEFT(A53,4) -> 2025 | C53: =RIGHT(A53,2) -> 38 | D53: =D52+7 -> 45915 | E53: =D53+6 -> 45921 | F53: 0 | G53: 9 | H53: =F53+G53 -> 9 | I53: =COUNTIF('Fonte de Dados - Essentia'!C:C,"<=45921") -> 107 | J53: =SUM(F53:G53) -> 9 | K53: =SUM(F2:G53)/M53 -> 12.25 | L53: =AVERAGE($H$16:H53) -> 12.105263 | M53: 52
A54: 2025W39 | B54: =LEFT(A54,4) -> 2025 | C54: =RIGHT(A54,2) -> 39 | D54: =D53+7 -> 45922 | E54: =D54+6 -> 45928 | F54: 0 | G54: 7 | H54: =F54+G54 -> 7 | I54: =COUNTIF('Fonte de Dados - Essentia'!C:C,"<=45928") -> 109 | J54: =SUM(F54:G54) -> 7 | K54: =SUM(F2:G54)/M54 -> 12.150943 | L54: =AVERAGE($H$16:H54) -> 11.974359 | M54: 53
A55: 2025W40 | B55: =LEFT(A55,4) -> 2025 | C55: =RIGHT(A55,2) -> 40 | D55: =D54+7 -> 45929 | E55: =D55+6 -> 45935 | F55: 0 | G55: 9 | H55: =F55+G55 -> 9 | I55: =COUNTIF('Fonte de Dados - Essentia'!C:C,"<=45935") -> 112 | J55: =SUM(F55:G55) -> 9 | K55: =SUM(F2:G55)/M55 -> 12.092593 | L55: =AVERAGE($H$16:H55) -> 11.9 | M55: 54
A56: 2025W41 | B56: =LEFT(A56,4) -> 2025 | C56: =RIGHT(A56,2) -> 41 | D56: =D55+7 -> 45936 | E56: =D56+6 -> 45942 | F56: 0 | G56: 10 | H56: =F56+G56 -> 10 | I56: =COUNTIF('Fonte de Dados - Essentia'!C:C,"<=45942") -> 113 | J56: =SUM(F56:G56) -> 10 | K56: =SUM(F2:G56)/M56 -> 12.054545 | L56: =AVERAGE($H$16:H56) -> 11.853659 | M56: 55
A57: 2025W42 | B57: =LEFT(A57,4) -> 2025 | C57: =RIGHT(A57,2) -> 42 | D57: =D56+7 -> 45943 | E57: =D57+6 -> 45949 | F57: 0 | G57: 10 | H57: =F57+G57 -> 10 | I57: =COUNTIF('Fonte de Dados - Essentia'!C:C,"<=45949") -> 115 | J57: =SUM(F57:G57) -> 10 | K57: =SUM(F2:G57)/M57 -> 12.017857 | L57: =AVERAGE($H$16:H57) -> 11.809524 | M57: 56
A58: 2025W43 | B58: =LEFT(A58,4) -> 2025 | C58: =RIGHT(A58,2) -> 43 | D58: =D57+7 -> 45950 | E58: =D58+6 -> 45956 | F58: 0 | G58: 9 | H58: =F58+G58 -> 9 | I58: =COUNTIF('Fonte de Dados - Essentia'!C:C,"<=45956") -> 117 | J58: =SUM(F58:G58) -> 9 | K58: =SUM(F2:G58)/M58 -> 11.964912 | L58: =AVERAGE($H$16:H58) -> 11.744186 | M58: 57
A59: 2025W44 | B59: =LEFT(A59,4) -> 2025 | C59: =RIGHT(A59,2) -> 44 | D59: =D58+7 -> 45957 | E59: =D59+6 -> 45963 | F59: 0 | G59: 10 | H59: =F59+G59 -> 10 | I59: =COUNTIF('Fonte de Dados - Essentia'!C:C,"<=45963") -> 120 | J59: =SUM(F59:G59) -> 10 | K59: =SUM(F2:G59)/M59 -> 11.931034 | L59: =AVERAGE($H$16:H59) -> 11.704545 | M59: 58
A60: 2025W45 | B60: =LEFT(A60,4) -> 2025 | C60: =RIGHT(A60,2) -> 45 | D60: =D59+7 -> 45964 | E60: =D60+6 -> 45970 | F60: 0 | G60: 13 | H60: =F60+G60 -> 13 | I60: =COUNTIF('Fonte de Dados - Essentia'!C:C,"<=45970") -> 120 | J60: =SUM(F60:G60) -> 13 | K60: =SUM(F2:G60)/M60 -> 11.949153 | L60: =AVERAGE($H$16:H60) -> 11.733333 | M60: 59
A61: 2025W46 | B61: =LEFT(A61,4) -> 2025 | C61: =RIGHT(A61,2) -> 46 | D61: =D60+7 -> 45971 | E61: =D61+6 -> 45977 | F61: 0 | G61: 10 | H61: =F61+G61 -> 10 | I61: =COUNTIF('Fonte de Dados - Essentia'!C:C,"<=45977") -> 121 | J61: =SUM(F61:G61) -> 10 | K61: =SUM(F2:G61)/M61 -> 11.916667 | L61: =AVERAGE($H$16:H61) -> 11.695652 | M61: 60
A62: 2025W47 | B62: =LEFT(A62,4) -> 2025 | C62: =RIGHT(A62,2) -> 47 | D62: =D61+7 -> 45978 | E62: =D62+6 -> 45984 | F62: 0 | G62: 11 | H62: =F62+G62 -> 11 | I62: =COUNTIF('Fonte de Dados - Essentia'!C:C,"<=45984") -> 122 | J62: =SUM(F62:G62) -> 11 | K62: =SUM(F2:G62)/M62 -> 11.901639 | L62: =AVERAGE($H$2:H62) -> 11.901639 | M62: 61
A63: 2025W48 | B63: =LEFT(A63,4) -> 2025 | C63: =RIGHT(A63,2) -> 48 | D63: =D62+7 -> 45985 | E63: =D63+6 -> 45991 | F63: 0 | G63: 10 | H63: =F63+G63 -> 10 | I63: =COUNTIF('Fonte de Dados - Essentia'!C:C,"<=45991") -> 125 | J63: =SUM(F63:G63) -> 10 | K63: =SUM(F2:G63)/M63 -> 11.870968 | L63: =AVERAGE($H$2:H63) -> 11.870968 | M63: 62
A64: 2025W49 | B64: =LEFT(A64,4) -> 2025 | C64: =RIGHT(A64,2) -> 49 | D64: =D63+7 -> 45992 | E64: =D64+6 -> 45998 | F64: 0 | G64: 11 | H64: =F64+G64 -> 11 | I64: =COUNTIF('Fonte de Dados - Essentia'!C:C,"<=45998") -> 126 | J64: =SUM(F64:G64) -> 11 | K64: =SUM(F2:G64)/M64 -> 11.857143 | L64: =AVERAGE($H$2:H64) -> 11.857143 | M64: 63
A65: 2025W50 | B65: =LEFT(A65,4) -> 2025 | C65: =RIGHT(A65,2) -> 50 | D65: =D64+7 -> 45999 | E65: =D65+6 -> 46005 | F65: 0 | G65: 5 | H65: =F65+G65 -> 5 | I65: =COUNTIF('Fonte de Dados - Essentia'!C:C,"<=46005") -> 128 | J65: =SUM(F65:G65) -> 5 | K65: =SUM(F2:G65)/M65 -> 11.75 | L65: =AVERAGE($H$2:H65) -> 11.75 | M65: 64
A66: 2025W51 | B66: =LEFT(A66,4) -> 2025 | C66: =RIGHT(A66,2) -> 51 | D66: =D65+7 -> 46006 | E66: =D66+6 -> 46012 | F66: 0 | G66: 3 | H66: =F66+G66 -> 3 | I66: =COUNTIF('Fonte de Dados - Essentia'!C:C,"<=46012") -> 132 | J66: =SUM(F66:G66) -> 3 | K66: =SUM(F2:G66)/M66 -> 11.615385 | L66: =AVERAGE($H$2:H66) -> 11.615385 | M66: 65
A67: 2025W52 | B67: =LEFT(A67,4) -> 2025 | C67: =RIGHT(A67,2) -> 52 | D67: =D66+7 -> 46013 | E67: =D67+6 -> 46019 | F67: 0 | G67: 3 | H67: =F67+G67 -> 3 | I67: =COUNTIF('Fonte de Dados - Essentia'!C:C,"<=46019") -> 132 | J67: =SUM(F67:G67) -> 3 | K67: =SUM(F2:G67)/M67 -> 11.484848 | L67: =AVERAGE(H$2:H67) -> 11.484848 | M67: 66
A68: 2026W01 | B68: =LEFT(A68,4) -> 2026 | C68: =RIGHT(A68,2) -> 01 | D68: =D67+7 -> 46020 | E68: =D68+6 -> 46026 | F68: 0 | G68: 2 | H68: =F68+G68 -> 2 | I68: =COUNTIF('Fonte de Dados - Essentia'!C:C,"<=46026") -> 133 | J68: =SUM(F68:G68) -> 2 | K68: =SUM(F2:G68)/M68 -> 11.343284 | L68: =AVERAGE(H$2:H68) -> 11.343284 | M68: 67 | N68: 5.2825044
A69: 2026W02 | B69: =LEFT(A69,4) -> 2026 | C69: =RIGHT(A69,2) -> 02 | D69: =D68+7 -> 46027 | E69: =D69+6 -> 46033 | F69: 0 | G69: 3 | H69: =F69+G69 -> 3 | I69: =COUNTIF('Fonte de Dados - Essentia'!C:C,"<=46033") -> 137 | J69: =SUM(F69:G69) -> 3 | K69: =SUM(F$2:G$69)/M69 -> 11.220588 | L69: =AVERAGE(H$2:H69) -> 11.220588 | M69: 68 | N69: 7.854562
A70: 2026W03 | B70: =LEFT(A70,4) -> 2026 | C70: =RIGHT(A70,2) -> 03 | D70: =D69+7 -> 46034 | E70: =D70+6 -> 46040 | F70: 0 | G70: 6 | H70: =F70+G70 -> 6 | I70: =COUNTIF('Fonte de Dados - Essentia'!C:C,"<=46040") -> 139 | J70: =SUM(F70:G70) -> 6 | K70: =SUM(F$2:G$70)/M70 -> 11.144928 | L70: =AVERAGE(H$2:H70) -> 11.144928 | M70: 69 | N70: 6.4265047
A71: 2026W04 | B71: =LEFT(A71,4) -> 2026 | C71: =RIGHT(A71,2) -> 04 | D71: =D70+7 -> 46041 | E71: =D71+6 -> 46047 | F71: 0 | G71: 6 | H71: =F71+G71 -> 6 | I71: =COUNTIF('Fonte de Dados - Essentia'!C:C,"<=46047") -> 143 | J71: =SUM(F71:G71) -> 6 | K71: =SUM($F$2:G71)/M71 -> 11.071429 | L71: =AVERAGE(H$2:H71) -> 11.071429 | M71: 70 | N71: 7.5240545
A72: 2026W05 | B72: =LEFT(A72,4) -> 2026 | C72: =RIGHT(A72,2) -> 05 | D72: =D71+7 -> 46048 | E72: =D72+6 -> 46054 | F72: 0 | G72: 7 | H72: =F72+G72 -> 7 | I72: =COUNTIF('Fonte de Dados - Essentia'!C:C,"<=46054") -> 144 | J72: =SUM(F72:G72) -> 7 | K72: =SUM($F$2:G72)/M72 -> 11.014085 | L72: =AVERAGE(H$2:H72) -> 11.014085 | M72: 71 | N72: 5.3917224
A73: 2026W06 | B73: =LEFT(A73,4) -> 2026 | C73: =RIGHT(A73,2) -> 06 | D73: =D72+7 -> 46055 | E73: =D73+6 -> 46061 | F73: 0 | G73: 6 | H73: =F73+G73 -> 6 | I73: =COUNTIF('Fonte de Dados - Essentia'!C:C,"<=46061") -> 146 | J73: =SUM(F73:G73) -> 6 | K73: =SUM($F$2:G73)/M73 -> 10.944444 | L73: =AVERAGE(H$2:H73) -> 10.944444 | M73: 72 | N73: 5.2199737
A74: 2026W07 | B74: =LEFT(A74,4) -> 2026 | C74: =RIGHT(A74,2) -> 07 | D74: =D73+7 -> 46062 | E74: =D74+6 -> 46068 | F74: 0 | G74: 5 | H74: =F74+G74 -> 5 | I74: =COUNTIF('Fonte de Dados - Essentia'!C:C,"<=46068") -> 151 | J74: =SUM(F74:G74) -> 5 | K74: =SUM($F$2:G74)/M74 -> 10.863014 | L74: =AVERAGE(H$2:H74) -> 10.863014 | M74: 73 | N74: 5.664954
A75: 2026W08 | B75: =LEFT(A75,4) -> 2026 | C75: =RIGHT(A75,2) -> 08 | D75: =D74+7 -> 46069 | E75: =D75+6 -> 46075 | F75: 0 | G75: 6 | H75: =F75+G75 -> 6 | I75: =COUNTIF('Fonte de Dados - Essentia'!C:C,"<=46075") -> 152 | J75: =SUM(F75:G75) -> 6 | K75: =SUM($F$2:G75)/M75 -> 10.797297 | L75: =AVERAGE(H$2:H75) -> 10.797297 | M75: 74 | N75: 4.5589934
A76: 2026W09 | B76: =LEFT(A76,4) -> 2026 | C76: =RIGHT(A76,2) -> 09 | D76: =D75+7 -> 46076 | E76: =D76+6 -> 46082 | F76: 1 | G76: 5 | H76: =F76+G76 -> 6 | I76: =COUNTIF('Fonte de Dados - Essentia'!C:C,"<=46082") -> 153 | J76: =SUM(F76:G76) -> 6 | K76: =SUM($F$2:G76)/M76 -> 10.733333 | L76: =AVERAGE(H$2:H76) -> 10.733333 | M76: 75 | N76: 3.5873613
A77: 2026W10 | B77: =LEFT(A77,4) -> 2026 | C77: =RIGHT(A77,2) -> 10 | D77: =D76+7 -> 46083 | E77: =D77+6 -> 46089 | F77: 1 | G77: 4 | H77: =F77+G77 -> 5 | I77: =COUNTIF('Fonte de Dados - Essentia'!C:C,"<=46089") -> 156 | J77: =SUM(F77:G77) -> 5 | K77: =SUM($F$2:G77)/M77 -> 10.657895 | L77: =AVERAGE(H$2:H77) -> 10.657895 | M77: 76 | N77: 5.7521568
A78: 2026W11 | B78: =LEFT(A78,4) -> 2026 | C78: =RIGHT(A78,2) -> 11 | D78: =D77+7 -> 46090 | E78: =D78+6 -> 46096 | F78: 1 | G78: 3 | H78: =F78+G78 -> 4 | I78: =COUNTIF('Fonte de Dados - Essentia'!C:C,"<=46096") -> 157 | J78: =SUM(F78:G78) -> 4 | K78: =SUM($F$2:G78)/M78 -> 10.571429 | L78: =AVERAGE(H$2:H78) -> 10.571429 | M78: 77 | N78: 4.4620224
A79: 2026W12 | B79: =LEFT(A79,4) -> 2026 | C79: =RIGHT(A79,2) -> 12 | D79: =D78+7 -> 46097 | E79: =D79+6 -> 46103 | F79: 1 | G79: 4 | H79: =F79+G79 -> 5 | I79: =COUNTIF('Fonte de Dados - Essentia'!C:C,"<=46096") -> 157 | J79: =SUM(F79:G79) -> 5 | K79: =SUM($F$2:G79)/M79 -> 10.5 | L79: =AVERAGE(H$2:H79) -> 10.5 | M79: 78 | N79: 5.0061049
A80: 2026W13 | B80: =LEFT(A80,4) -> 2026 | C80: =RIGHT(A80,2) -> 13 | D80: =D79+7 -> 46104 | E80: =D80+6 -> 46110 | F80: 0 | G80: 2 | H80: =F80+G80 -> 2 | I80: =COUNTIF('Fonte de Dados - Essentia'!C:C,"<=46096") -> 157 | J80: =SUM(F80:G80) -> 2 | K80: =SUM($F$2:G80)/M80 -> 10.392405 | L80: =AVERAGE(H$2:H80) -> 10.392405 | M80: 79 | N80: 6.7081895
A81: 2026W14 | B81: =LEFT(A81,4) -> 2026 | C81: =RIGHT(A81,2) -> 14 | D81: =D80+7 -> 46111 | E81: =D81+6 -> 46117 | F81: 1 | G81: 3 | H81: =F81+G81 -> 4 | I81: =COUNTIF('Fonte de Dados - Essentia'!C:C,"<=46096") -> 157 | J81: =SUM(F81:G81) -> 4 | K81: =SUM($F$2:G81)/M81 -> 10.3125 | L81: =AVERAGE(H$2:H81) -> 10.3125 | M81: 80 | N81: 5.8839823
A82: 2026W15 | B82: =LEFT(A82,4) -> 2026 | C82: =RIGHT(A82,2) -> 15 | D82: =D81+7 -> 46118 | E82: =D82+6 -> 46124 | F82: 1 | G82: 4 | H82: =F82+G82 -> 5 | I82: =COUNTIF('Fonte de Dados - Essentia'!C:C,"<=46096") -> 157 | J82: =SUM(F82:G82) -> 5 | K82: =SUM($F$2:G82)/M82 -> 10.246914 | L82: =AVERAGE(H$2:H82) -> 10.246914 | M82: 81 | N82: 6.2487649
A83: 2026W16 | B83: =LEFT(A83,4) -> 2026 | C83: =RIGHT(A83,2) -> 16 | D83: =D82+7 -> 46125 | E83: =D83+6 -> 46131 | F83: 1 | G83: 1 | H83: =F83+G83 -> 2 | I83: =COUNTIF('Fonte de Dados - Essentia'!C:C,"<=46096") -> 157 | J83: =SUM(F83:G83) -> 2 | K83: =SUM($F$2:G83)/M83 -> 10.146341 | L83: =AVERAGE(H$2:H83) -> 10.146341 | M83: 82 | N83: 5.9848448
A84: 2026W17 | B84: =LEFT(A84,4) -> 2026 | C84: =RIGHT(A84,2) -> 17 | D84: =D83+7 -> 46132 | E84: =D84+6 -> 46138 | F84: 1 | G84: 2 | H84: =F84+G84 -> 3 | I84: =COUNTIF('Fonte de Dados - Essentia'!C:C,"<=46096") -> 157 | J84: =SUM(F84:G84) -> 3 | K84: =SUM($F$2:G84)/M84 -> 10.060241 | L84: =AVERAGE(H$2:H84) -> 10.060241 | M84: 83 | N84: 5.0295197
A85: 2026W18 | B85: =LEFT(A85,4) -> 2026 | C85: =RIGHT(A85,2) -> 18 | D85: =D84+7 -> 46139 | E85: =D85+6 -> 46145 | F85: 1 | G85: 3 | H85: =F85+G85 -> 4 | I85: =COUNTIF('Fonte de Dados - Essentia'!C:C,"<=46096") -> 157 | J85: =SUM(F85:G85) -> 4 | K85: =SUM($F$2:G85)/M85 -> 9.9880952 | L85: =AVERAGE(H$2:H85) -> 9.9880952 | M85: 84 | N85: 6.9038014
A86: 2026W19 | B86: =LEFT(A86,4) -> 2026 | C86: =RIGHT(A86,2) -> 19 | D86: =D85+7 -> 46146 | E86: =D86+6 -> 46152 | F86: 1 | G86: 3 | H86: =F86+G86 -> 4 | I86: =COUNTIF('Fonte de Dados - Essentia'!C:C,"<=46096") -> 157 | J86: =SUM(F86:G86) -> 4 | K86: =SUM($F$2:G86)/M86 -> 9.9176471 | L86: =AVERAGE(H$2:H86) -> 9.9176471 | M86: 85 | N86: 8.0853273
A87: 2026W20 | B87: =LEFT(A87,4) -> 2026 | C87: =RIGHT(A87,2) -> 20 | D87: =D86+7 -> 46153 | E87: =D87+6 -> 46159 | F87: 0 | G87: 3 | H87: =F87+G87 -> 3 | I87: =COUNTIF('Fonte de Dados - Essentia'!C:C,"<=46096") -> 157 | J87: =SUM(F87:G87) -> 3 | K87: =SUM($F$2:G87)/M87 -> 9.8372093 | L87: =AVERAGE(H$2:H87) -> 9.8372093 | M87: 86 | N87: 7.6951477
A88: 2026W21 | B88: =LEFT(A88,4) -> 2026 | C88: =RIGHT(A88,2) -> 21 | D88: =D87+7 -> 46160 | E88: =D88+6 -> 46166 | F88: 1 | G88: 5 | H88: =F88+G88 -> 6 | I88: =COUNTIF('Fonte de Dados - Essentia'!C:C,"<=46096") -> 157 | J88: =SUM(F88:G88) -> 6 | K88: =SUM($F$2:G88)/M88 -> 9.7931034 | L88: =AVERAGE(H$2:H88) -> 9.7931034 | M88: 87 | N88: 8.9306147
A89: 2026W22 | B89: =LEFT(A89,4) -> 2026 | C89: =RIGHT(A89,2) -> 22 | D89: =D88+7 -> 46167 | E89: =D89+6 -> 46173 | F89: 0 | G89: 2 | H89: =F89+G89 -> 2 | I89: =COUNTIF('Fonte de Dados - Essentia'!C:C,"<=46096") -> 157 | J89: =SUM(F89:G89) -> 2 | K89: =SUM($F$2:G89)/M89 -> 9.7045455 | L89: =AVERAGE(H$2:H89) -> 9.7045455 | M89: 88 | N89: 8.9396794
... A96: 2026W29 | B96: =LEFT(A96,4) -> 2026 | C96: =RIGHT(A96,2) -> 29 | D96: =D95+7 -> 46216 | E96: =D96+6 -> 46222 | F96: 0 | G96: 4 | H96: =F96+G96 -> 4 | I96: =COUNTIF('Fonte de Dados - Essentia'!C:C,"<=46096") -> 157 | J96: =SUM(F96:G96) -> 4 | K96: =SUM($F$2:G96)/M96 -> 9.2210526 | L96: =AVERAGE(H$2:H96) -> 9.2210526 | M96: 95 | N96: 9.2846533
A97: 2026W30 | B97: =LEFT(A97,4) -> 2026 | C97: =RIGHT(A97,2) -> 30 | D97: =D96+7 -> 46223 | E97: =D97+6 -> 46229 | F97: 0 | G97: 4 | H97: =F97+G97 -> 4 | J97: =SUM(F97:G97) -> 4 | M97: 96 | N97: 8.6534315
A98: 2026W31 | B98: =LEFT(A98,4) -> 2026 | C98: =RIGHT(A98,2) -> 31 | D98: =D97+7 -> 46230 | E98: =D98+6 -> 46236 | F98: 0 | G98: 3 | H98: =F98+G98 -> 3 | J98: =SUM(F98:G98) -> 3 | M98: 97 | N98: 9.3374152
A99: 2026W32 | B99: =LEFT(A99,4) -> 2026 | C99: =RIGHT(A99,2) -> 32 | D99: =D98+7 -> 46237 | E99: =D99+6 -> 46243 | F99: 1 | G99: 5 | H99: =F99+G99 -> 6 | J99: =SUM(F99:G99) -> 6 | M99: 98
A100: 2026W33 | B100: =LEFT(A100,4) -> 2026 | C100: =RIGHT(A100,2) -> 33 | D100: =D99+7 -> 46244 | E100: =D100+6 -> 46250 | F100: 1 | G100: 5 | H100: =F100+G100 -> 6 | J100: =SUM(F100:G100) -> 6 | M100: 99
A101: 2026W34 | B101: =LEFT(A101,4) -> 2026 | C101: =RIGHT(A101,2) -> 34 | D101: =D100+7 -> 46251 | E101: =D101+6 -> 46257 | F101: 0 | G101: 3 | H101: =F101+G101 -> 3 | J101: =SUM(F101:G101) -> 3 | M101: 100
A102: 2026W35 | B102: =LEFT(A102,4) -> 2026 | C102: =RIGHT(A102,2) -> 35 | D102: =D101+7 -> 46258 | E102: =D102+6 -> 46264 | F102: 0 | G102: 2 | H102: =F102+G102 -> 2 | J102: =SUM(F102:G102) -> 2 | M102: 101
A103: 2026W36 | B103: =LEFT(A103,4) -> 2026 | C103: =RIGHT(A103,2) -> 36 | D103: =D102+7 -> 46265 | E103: =D103+6 -> 46271 | F103: 1 | G103: 2 | H103: =F103+G103 -> 3 | J103: =SUM(F103:G103) -> 3 | M103: 102
A104: 2026W37 | B104: =LEFT(A104,4) -> 2026 | C104: =RIGHT(A104,2) -> 37 | D104: =D103+7 -> 46272 | E104: =D104+6 -> 46278 | F104: 0 | G104: 2 | H104: =F104+G104 -> 2 | J104: =SUM(F104:G104) -> 2 | M104: 103
A105: 2026W38 | B105: =LEFT(A105,4) -> 2026 | C105: =RIGHT(A105,2) -> 38 | D105: =D104+7 -> 46279 | E105: =D105+6 -> 46285 | F105: 1 | G105: 3 | H105: =F105+G105 -> 4 | J105: =SUM(F105:G105) -> 4 | M105: 104
A106: 2026W39 | B106: =LEFT(A106,4) -> 2026 | C106: =RIGHT(A106,2) -> 39 | D106: =D105+7 -> 46286 | E106: =D106+6 -> 46292 | F106: 0 | G106: 4 | H106: =F106+G106 -> 4 | J106: =SUM(F106:G106) -> 4 | M106: 105
...

Sheet Fonte de Dados - Essentia
H1: Stopped Turbines +7 days - Essentia
C2: Data hoje | F2: =TODAY() -> 46290
A3: Site | B3: WTG | C3: Data da parada | D3: Data de retorno | E3: Status | F3: Dias parada | G3: Previsão de Retorno | H3: Motivo | I3: Componente/Subsistema | J3: Brief Description | K3: Ação Pendente / Comentários | L3: %MCE | M3: Responsável pelas Ações | N3: Responsável | O3: Responsável pela Disponibilidade | P3: Horas paradas | Q3: Indisponibilidade TB | R3: 45292
A4: Chapada I | B4: JOA13-15 | C4: 45610 | D4: 45610 | E4: Rodando | F4: =IF(D4="",TODAY()-C4,"-") -> - | G4: 45610 | H4: Falha de safety chain. | I4: Troubleshooting | J4: Troubleshooting | K4: Troubleshooting da falha. | M4: Operations - O&M | N4: Warton e Anderson | O4: Invenergy | P4: =IF(O4="Invenergy",IF(F4="-",(D4-C4)*24,F4*24),0) -> 0 | Q4: =P4/VLOOKUP(A4,'YTD Hours'!$A$2:$D$5,4,0) -> 0 | R4: =(C4-$R$3)/7 -> 45.428571 | S4: =IF(D4=0,"",(D4-$R$3)/7) -> 45.428571 | T4: 1
A5: Asa Branca | B5: AB05-13 | C5: 45609 | D5: 45611 | E5: Rodando | F5: =IF(D5="",TODAY()-C5,"-") -> - | G5: 45611 | H5: Turbina não passa no teste de baterias do sistema de pitch. | I5: Pitch Battery | J5: Troubleshooting | K5: Troubleshooting da falha e suporte da engenharia. | M5: Engenharia | N5: Daniel | O5: Invenergy | P5: =IF(O5="Invenergy",IF(F5="-",(D5-C5)*24,F5*24),0) -> 48 | Q5: =P5/VLOOKUP(A5,'YTD Hours'!$A$2:$D$5,4,0) -> 2.7624309e-05 | R5: =(C5-$R$3)/7 -> 45.285714 | S5: =IF(D5=0,"",(D5-$R$3)/7) -> 45.571429 | T5: 1
A6: Chapada II | B6: JOA01-12 | C6: 45607 | D6: 45612 | E6: Rodando | F6: =IF(D6="",TODAY()-C6,"-") -> - | G6: 45610 | H6: Falha de baterias na axis 1. WEPA da axis 1 está danificada. Estamos utilizando WEPAs reparadas e baterias novas. | I6: Pitch Battery | J6: UPTOWER REPAIR | K6: Troca da WEPA. | M6: Operations - O&M | N6: Warton e Anderson | O6: Invenergy | P6: =IF(O6="Invenergy",IF(F6="-",(D6-C6)*24,F6*24),0) -> 120 | Q6: =P6/VLOOKUP(A6,'YTD Hours'!$A$2:$D$5,4,0) -> 6.9060773e-05 | R6: =(C6-$R$3)/7 -> 45 | S6: =IF(D6=0,"",(D6-$R$3)/7) -> 45.714286 | T6: 1
A7: Asa Branca | B7: AB06-06 | C7: 45606 | D7: 45613 | E7: Rodando | F7: =IF(D7="",TODAY()-C7,"-") -> - | G7: 45610 | H7: Turbina não passa no teste de baterias do sistema de pitch. | I7: Pitch Battery | J7: Troubleshooting | K7: Troubleshooting da falha com suporte da engenharia. | M7: Engenharia | N7: Victor e Daniel | O7: Invenergy | P7: =IF(O7="Invenergy",IF(F7="-",(D7-C7)*24,F7*24),0) -> 168 | Q7: =P7/VLOOKUP(A7,'YTD Hours'!$A$2:$D$5,4,0) -> 9.6685083e-05 | R7: =(C7-$R$3)/7 -> 44.857143 | S7: =IF(D7=0,"",(D7-$R$3)/7) -> 45.857143 | T7: 1
A8: Chapada II | B8: JOA04-14 | C8: 45600 | D8: 45616 | E8: Rodando | F8: =IF(D8="",TODAY()-C8,"-") -> - | G8: 45615 | H8: Danos no gerador, curto no wye ring. | I8: Gerador | J8: UPTOWER REPAIR | K8: Reparo do gerador em andamento. | M8: Operations - O&M | N8: Warton e Anderson | O8: Essentia | P8: =IF(O8="Invenergy",IF(F8="-",(D8-C8)*24,F8*24),0) -> 0 | Q8: =P8/VLOOKUP(A8,'YTD Hours'!$A$2:$D$5,4,0) -> 0 | R8: =(C8-$R$3)/7 -> 44 | S8: =IF(D8=0,"",(D8-$R$3)/7) -> 46.285714 | T8: 1
A9: Chapada II | B9: JOA03-06 | C9: 45615 | D9: 45618 | E9: Rodando | F9: =IF(D9="",TODAY()-C9,"-") -> - | G9: 45618 | H9: Quebra da barra de suporte da axis box. | I9: Pitch Axis Box | J9: UPTOWER REPAIR | K9: Sendo realizada a ação corretiva sugerida pela Essentia. Não temos disponível a peça sugerida para a correção, iremos canibalizar outra turbina (AUG 05-13) para reparar a barra danificada com o novo coxim. SS aberta para suporte da engenharia para entendendermos a causa raiz da falha. | M9: Operations - O&M / Engenharia | O9: Invenergy | P9: =IF(O9="Invenergy",IF(F9="-",(D9-C9)*24,F9*24),0) -> 72 | Q9: =P9/VLOOKUP(A9,'YTD Hours'!$A$2:$D$5,4,0) -> 4.1436464e-05 | R9: =(C9-$R$3)/7 -> 46.142857 | S9: =IF(D9=0,"",(D9-$R$3)/7) -> 46.571429 | T9: 1
A10: Chapada I | B10: JOA11-10 | C10: 45566 | D10: 45622 | E10: Rodando | F10: =IF(D10="",TODAY()-C10,"-") -> - | G10: 45607 | H10: Troca de Gearbox. | I10: Gearbox | J10: MCE | K10: Aguardando MCE. | M10: Operations - FSO | N10: Essentia | O10: Essentia | P10: =IF(O10="Invenergy",IF(F10="-",(D10-C10)*24,F10*24),0) -> 0 | Q10: =P10/VLOOKUP(A10,'YTD Hours'!$A$2:$D$5,4,0) -> 0 | R10: =(C10-$R$3)/7 -> 39.142857 | S10: =IF(D10=0,"",(D10-$R$3)/7) -> 47.142857 | T10: 1
A11: Chapada I | B11: JOA11-14 | C11: 45566 | D11: 45622 | E11: Rodando | F11: =IF(D11="",TODAY()-C11,"-") -> - | G11: 45618 | H11: Troca de Gerador. | I11: Gerador | K11: Aguardando MCE. | M11: Operations - FSO | N11: Essentia | O11: Essentia | P11: =IF(O11="Invenergy",IF(F11="-",(D11-C11)*24,F11*24),0) -> 0 | Q11: =P11/VLOOKUP(A11,'YTD Hours'!$A$2:$D$5,4,0) -> 0 | R11: =(C11-$R$3)/7 -> 39.142857 | S11: =IF(D11=0,"",(D11-$R$3)/7) -> 47.142857 | T11: 1
A12: Chapada III | B12: AUG05-12 | C12: 45601 | D12: 45624 | E12: Rodando | F12: =IF(D12="",TODAY()-C12,"-") -> - | G12: 45625 | H12: Pitch controller colective fault. | I12: Pitch System | J12: Troubleshooting | K12: Troubleshooting da falha. Motivos de força maior impactaram no atendimento da turbina. Já foi tentando várias soluções e não deram certo. Foi feita a troca do cabo de controle da axis cabinet. Está sendo feita a verificação do sistema de freios das axis hoje (21/11). SS aberta (18/11) solicitando suporte da Engenharia. Sendo realizada a formatação e upload do parâmetros na UCSA. Troca dos componentes não teriam sido necessárias se tivéssemos os privilégios master de acesso ao SCADA. | M12: Operations - O&M / Engenharia | N12: Warton e Anderson | O12: Invenergy | P12: =IF(O12="Invenergy",IF(F12="-",(D12-C12)*24,F12*24),0) -> 552 | Q12: =P12/VLOOKUP(A12,'YTD Hours'!$A$2:$D$5,4,0) -> 0.00099274862 | R12: =(C12-$R$3)/7 -> 44.142857 | S12: =IF(D12=0,"",(D12-$R$3)/7) -> 47.428571 | T12: 1
A13: Chapada I | B13: JOA12-17 | C13: 45567 | D13: 45625 | E13: Rodando | F13: =IF(D13="",TODAY()-C13,"-") -> - | G13: 45625 | H13: Reparo executado no wye ring do gerador, porém, apresentou falha de fuga de corrente no terra. | I13: Gerador | J13: UPTOWER REPAIR | K13: Trenders foram coletados e analisados. Foram realizadas novas medições, as quais não mostraram anomalias, então o gerador foi reaberto e identificado danos no wye ring. Reparo já está sendo feito (solda do ponto, limpeza entre espiras e reparo do isolamento. | M13: Operations - O&M | N13: Victor, Warton e Anderson | O13: Essentia | P13: =IF(O13="Invenergy",IF(F13="-",(D13-C13)*24,F13*24),0) -> 0 | Q13: =P13/VLOOKUP(A13,'YTD Hours'!$A$2:$D$5,4,0) -> 0 | R13: =(C13-$R$3)/7 -> 39.285714 | S13: =IF(D13=0,"",(D13-$R$3)/7) -> 47.571429 | T13: 1
A14: Chapada I | B14: JOA12-04 | C14: 45566 | D14: 45632 | E14: Rodando | F14: =IF(D14="",TODAY()-C14,"-") -> - | G14: 45625 | H14: Troca de Gerador. Aguardando MCE. | I14: Gerador | K14: Aguardando MCE. | M14: Operations - FSO | N14: Essentia | O14: Essentia | P14: =IF(O14="Invenergy",IF(F14="-",(D14-C14)*24,F14*24),0) -> 0 | Q14: =P14/VLOOKUP(A14,'YTD Hours'!$A$2:$D$5,4,0) -> 0 | R14: =(C14-$R$3)/7 -> 39.142857 | S14: =IF(D14=0,"",(D14-$R$3)/7) -> 48.571429 | T14: 1
A15: Chapada II | B15: JOA07-06 | C15: 45566 | D15: 45637 | E15: Rodando | F15: =IF(D15="",TODAY()-C15,"-") -> - | G15: 45632 | H15: Danos no gerador, curto no wye ring. | I15: Gerador | K15: Reparo do wye ring sendo executado. Previsão de finalização 06/12. Alertas de raios impactando a execução do reparo. Reparo só iniciado com a chegada no material no almoxarifado (conjunto de barras das fases do rotor). Reparo iniciou no dia 02/12 após a finalização de outro reparo em outra turbina. | M15: Operations - O&M | N15: Essentia | O15: Essentia | P15: =IF(O15="Invenergy",IF(F15="-",(D15-C15)*24,F15*24),0) -> 0 | Q15: =P15/VLOOKUP(A15,'YTD Hours'!$A$2:$D$5,4,0) -> 0 | R15: =(C15-$R$3)/7 -> 39.142857 | S15: =IF(D15=0,"",(D15-$R$3)/7) -> 49.285714 | T15: 1
A16: Asa Branca | B16: AB06-08 | C16: 45607 | D16: 45637 | E16: Rodando | F16: =IF(D16="",TODAY()-C16,"-") -> - | G16: 45637 | H16: Danos no gerador, curto no wye ring. | I16: Gerador | J16: UPTOWER REPAIR | K16: Executando reparo do wye ring. | M16: Operations - O&M | N16: Marcelo Lins | O16: Essentia | P16: =IF(O16="Invenergy",IF(F16="-",(D16-C16)*24,F16*24),0) -> 0 | Q16: =P16/VLOOKUP(A16,'YTD Hours'!$A$2:$D$5,4,0) -> 0 | R16: =(C16-$R$3)/7 -> 45 | S16: =IF(D16=0,"",(D16-$R$3)/7) -> 49.285714 | T16: 1
A17: Chapada I | B17: JOA12-16 | C17: 45614 | D17: 45645 | E17: Rodando | F17: =IF(D17="",TODAY()-C17,"-") -> - | G17: 45646 | H17: Gerador com curto de corrente para o terra. Aguardando MCE. | I17: Gerador | J17: MCE | K17: Aguardando MCE. Identificar a causa raiz da falha (se falha de rolamento ou não). | M17: Operations - FSO / Engenharia | O17: Invenergy | P17: =IF(O17="Invenergy",IF(F17="-",(D17-C17)*24,F17*24),0) -> 744 | Q17: =P17/VLOOKUP(A17,'YTD Hours'!$A$2:$D$5,4,0) -> 0.00037232765 | R17: =(C17-$R$3)/7 -> 46 | S17: =IF(D17=0,"",(D17-$R$3)/7) -> 50.428571 | T17: 1
A18: Chapada I | B18: JOA12-11 | C18: 45595 | D18: 45646 | E18: Rodando | F18: =IF(D18="",TODAY()-C18,"-") -> - | G18: 45646 | H18: MCE concluída. Corretiva pendente | I18: Pitch Bearing | J18: Troubleshooting | K18: Corretiva sendo executada de calibração de pá. | M18: Operations - O&M | N18: Samir e FSO/Essentia | O18: Invenergy | P18: =IF(O18="Invenergy",IF(F18="-",(D18-C18)*24,F18*24),0) -> 1224 | Q18: =P18/VLOOKUP(A18,'YTD Hours'!$A$2:$D$5,4,0) -> 0.00061253903 | R18: =(C18-$R$3)/7 -> 43.285714 | S18: =IF(D18=0,"",(D18-$R$3)/7) -> 50.571429 | T18: 1
A19: Chapada II | B19: JOA05-05 | C19: 45581 | D19: 45652 | E19: Rodando | F19: =IF(D19="",TODAY()-C19,"-") -> - | G19: 45652 | H19: MCE concluída. Corretivas pendentes. | I19: Top Box | J19: UPTOWER REPAIR | K19: Corretiva sendo executada hoje. Houveram danos nos IGBTs de linha e de rotor, falha na unidade hidráulica de freio, ligação do cabo de fase estava para o terra, motores de yaw fora da posição e baixo nível de óleo na gearbox. | M19: Operations - O&M | N19: Samir e FSO | O19: Invenergy | P19: =IF(O19="Invenergy",IF(F19="-",(D19-C19)*24,F19*24),0) -> 1704 | Q19: =P19/VLOOKUP(A19,'YTD Hours'!$A$2:$D$5,4,0) -> 0.00098066298 | R19: =(C19-$R$3)/7 -> 41.285714 | S19: =IF(D19=0,"",(D19-$R$3)/7) -> 51.428571 | T19: 1
A20: Chapada I | B20: JOA11-12 | C20: 45643 | D20: 45659 | E20: Rodando | F20: =IF(D20="",TODAY()-C20,"-") -> - | G20: 45660 | H20: Dano no wye ring. | I20: Gerador | J20: UPTOWER REPAIR | K20: Reparo do wye ring sendo executado. | M20: Essentia | N20: Essentia | O20: Essentia | P20: =IF(O20="Invenergy",IF(F20="-",(D20-C20)*24,F20*24),0) -> 0 | Q20: =P20/VLOOKUP(A20,'YTD Hours'!$A$2:$D$5,4,0) -> 0 | R20: =(C20-$R$3)/7 -> 50.142857 | S20: =IF(D20=0,"",(D20-$R$3)/7) -> 52.428571 | T20: 1
A21: Chapada I | B21: JOA10-04 | C21: 45633 | D21: 45665 | E21: Rodando | F21: =IF(D21="",TODAY()-C21,"-") -> - | G21: 45660 | H21: Danos no gerador, curto no wye ring e cabo de releed. | I21: Gerador | J21: UPTOWER REPAIR | K21: Reparo do gerador finalizado. Corretiva em execução. Surge test já realizado. Cabos sendo desinvertivos e irá retornar 03/01. | M21: Operations - O&M | O21: Essentia | P21: =IF(O21="Invenergy",IF(F21="-",(D21-C21)*24,F21*24),0) -> 0 | Q21: =P21/VLOOKUP(A21,'YTD Hours'!$A$2:$D$5,4,0) -> 0 | R21: =(C21-$R$3)/7 -> 48.714286 | S21: =IF(D21=0,"",(D21-$R$3)/7) -> 53.285714 | T21: 1
A22: Chapada I | B22: JOA11-11 | C22: 45652 | D22: 45665 | E22: Rodando | F22: =IF(D22="",TODAY()-C22,"-") -> - | H22: Falhas nas baterias de pitch devido à danos no rolamento. | I22: Pitch Bearing | J22: UPTOWER REPAIR | K22: Emissão de disposição da engenharia. Aguardando atividade em campo. Atividade executada e trocado o freio do motor de pitch. | M22: Engenharia | O22: Invenergy | P22: =IF(O22="Invenergy",IF(F22="-",(D22-C22)*24,F22*24),0) -> 312 | Q22: =P22/VLOOKUP(A22,'YTD Hours'!$A$2:$D$5,4,0) -> 0.0001561374 | R22: =(C22-$R$3)/7 -> 51.428571 | S22: =IF(D22=0,"",(D22-$R$3)/7) -> 53.285714 | T22: 1
A23: Chapada II | B23: JOA04-03 | C23: 45659 | D23: 45666 | E23: Rodando | F23: =IF(D23="",TODAY()-C23,"-") -> - | H23: 2 Yaw drives danificados (Nanjing). | I23: Yaw Drive | J23: UPTOWER REPAIR | K23: Reparo sendo feito. Foi danificado o 1º e o 2º estágio dos yaw drives (um dente quebrado em cada estágio). | M23: Operations - O&M | O23: Invenergy | P23: =IF(O23="Invenergy",IF(F23="-",(D23-C23)*24,F23*24),0) -> 168 | Q23: =P23/VLOOKUP(A23,'YTD Hours'!$A$2:$D$5,4,0) -> 9.6685083e-05 | R23: =(C23-$R$3)/7 -> 52.428571 | S23: =IF(D23=0,"",(D23-$R$3)/7) -> 53.428571 | T23: 1
A24: Chapada III | B24: AUG05-14 | C24: 45678 | D24: 45685 | E24: Rodando | F24: =IF(D24="",TODAY()-C24,"-") -> - | H24: Falha no conversor. | I24: Gerador | J24: UPTOWER REPAIR | K24: Falha no conversor. Foi trocado a WECA, porém, a turbina não startou. Time desconfiando de dano no gerador. Troubleshooting da falha pendente. Atendimento está sendo impactado pela incidência frequente de L2. | M24: Operations - O&M | O24: Invenergy | P24: =IF(O24="Invenergy",IF(F24="-",(D24-C24)*24,F24*24),0) -> 168 | Q24: =P24/VLOOKUP(A24,'YTD Hours'!$A$2:$D$5,4,0) -> 0.00030214088 | R24: =(C24-$R$3)/7 -> 55.142857 | S24: =IF(D24=0,"",(D24-$R$3)/7) -> 56.142857 | T24: 1
A25: Chapada I | B25: JOA15-16 | C25: 45664 | D25: 45687 | E25: Rodando | F25: =IF(D25="",TODAY()-C25,"-") -> - | H25: Dano no pitch bearing. Realizando MCE. | I25: Pitch Bearing | J25: MCE | K25: Parada para troca do Pitch Bearing. Pós work em andamento. | M25: Operations - FSO | O25: Invenergy | P25: =IF(O25="Invenergy",IF(F25="-",(D25-C25)*24,F25*24),0) -> 552 | Q25: =P25/VLOOKUP(A25,'YTD Hours'!$A$2:$D$5,4,0) -> 0.00027624309 | R25: =(C25-$R$3)/7 -> 53.142857 | S25: =IF(D25=0,"",(D25-$R$3)/7) -> 56.428571 | T25: 1
A26: Chapada I | B26: JOA15-01 | C26: 45618 | D26: 45693 | E26: Rodando | F26: =IF(D26="",TODAY()-C26,"-") -> - | H26: Danos na gearbox. Aguardando MCE. | I26: Gearbox | J26: MCE | K26: Engenharia enviou a disposição solicitando a parada da turbina e troca da gearbox. | M26: Operations - FSO | O26: Invenergy | P26: =IF(O26="Invenergy",IF(F26="-",(D26-C26)*24,F26*24),0) -> 1800 | Q26: =P26/VLOOKUP(A26,'YTD Hours'!$A$2:$D$5,4,0) -> 0.0009007927 | R26: =(C26-$R$3)/7 -> 46.571429 | S26: =IF(D26=0,"",(D26-$R$3)/7) -> 57.285714 | T26: 1
A27: Asa Branca | B27: AB08-05 | C27: 45672 | D27: 45700 | E27: Rodando | F27: =IF(D27="",TODAY()-C27,"-") -> - | G27: 45708 | H27: Incidência de raio na blade. | I27: Blade | J27: UPTOWER REPAIR | K27: Reparo já foi concluído. Porém, time da Essentia segue trabalhando nela para voltar a operação. | M27: Essentia | O27: Essentia | P27: =IF(O27="Invenergy",IF(F27="-",(D27-C27)*24,F27*24),0) -> 0 | Q27: =P27/VLOOKUP(A27,'YTD Hours'!$A$2:$D$5,4,0) -> 0 | R27: =(C27-$R$3)/7 -> 54.285714 | S27: =IF(D27=0,"",(D27-$R$3)/7) -> 58.285714 | T27: 1
A28: Chapada I | B28: JOA15-15 | C28: 45630 | D28: 45701 | E28: Rodando | F28: =IF(D28="",TODAY()-C28,"-") -> - | H28: 2 Yaw drives danificados. | I28: Yaw Drive | J28: UPTOWER REPAIR | K28: Aguardando disponibilidade do yaw drive. Invenergy em contato com a DriveMec para alinhamento da melhor estratégia (gostaríamos de só fornecimento do porta planetas). 13/02: Previsão de retorno fim do dia de hoje. Foi instalado o 4º estágio nos dois 2 yaw drives danificados. 1 deles advindo da 16-06 e outro estava em estoque. | M28: Essentia | O28: Essentia | P28: =IF(O28="Invenergy",IF(F28="-",(D28-C28)*24,F28*24),0) -> 0 | Q28: =P28/VLOOKUP(A28,'YTD Hours'!$A$2:$D$5,4,0) -> 0 | R28: =(C28-$R$3)/7 -> 48.285714 | T28: 1
A29: Chapada I | B29: JOA16-09 | C29: 45626 | D29: 45702 | E29: Rodando | F29: =IF(D29="",TODAY()-C29,"-") -> - | H29: Danos na gearbox. Aguardando MCE. | I29: Gearbox | J29: MCE | K29: Aguardando MCE. MCE em andamento - atividade 80% concluída. | M29: Operations - FSO | O29: Invenergy | P29: =IF(O29="Invenergy",IF(F29="-",(D29-C29)*24,F29*24),0) -> 1824 | Q29: =P29/VLOOKUP(A29,'YTD Hours'!$A$2:$D$5,4,0) -> 0.00091280327 | R29: =(C29-$R$3)/7 -> 47.714286 | S29: =IF(D29=0,"",(D29-$R$3)/7) -> 58.571429 | T29: 1
A30: Chapada I | B30: JOA15-12 | C30: 45566 | D30: 45708 | E30: Rodando | F30: =IF(D30="",TODAY()-C30,"-") -> - | H30: Danos na gearbox e pitch bearing. Pendente MCE. | I30: Pitch Bearing | J30: MCE | K30: Atividade MCE concluída. Necessitará de corretiva após a finalização da troca do PB. Previsão de retorno hoje (20/02). | M30: Operations - FSO | N30: Essentia | O30: Essentia | P30: =IF(O30="Invenergy",IF(F30="-",(D30-C30)*24,F30*24),0) -> 0 | Q30: =P30/VLOOKUP(A30,'YTD Hours'!$A$2:$D$5,4,0) -> 0 | R30: =(C30-$R$3)/7 -> 39.142857 | S30: =IF(D30=0,"",(D30-$R$3)/7) -> 59.428571 | T30: 1
A31: Chapada I | B31: JOA12-12 | C31: 45660 | D31: 45708 | E31: Rodando | F31: =IF(D31="",TODAY()-C31,"-") -> - | H31: Gearbox colapsada. Aguardando MCE. | I31: Gearbox | J31: MCE | K31: Aguardando MCE. 90% de evolução. Pendente corretiva. | M31: Operations - FSO | N31: Invenergy | O31: Invenergy | P31: =IF(O31="Invenergy",IF(F31="-",(D31-C31)*24,F31*24),0) -> 1152 | Q31: =P31/VLOOKUP(A31,'YTD Hours'!$A$2:$D$5,4,0) -> 0.00057650733 | R31: =(C31-$R$3)/7 -> 52.571429 | S31: =IF(D31=0,"",(D31-$R$3)/7) -> 59.428571 | T31: 1
A32: Chapada I | B32: JOA12-08 | C32: 45566 | D32: 45714 | E32: Rodando | F32: =IF(D32="",TODAY()-C32,"-") -> - | H32: Reparo de pá feito. Aguardando MCE. | I32: Blade | J32: MCE | K32: Aguardando MCE. Reparo de blade concluído. Troca de pitch bearing concluída. Pós work em andamento. Será necessário passar por preventiva e por inspeções específicas para RTS pós longo tempo parada. Retornou a operação ontem 26/02. Será necessário inspeções a cada 3 dias (recomendação de engenharia). | M32: Operations - FSO | N32: Essentia | O32: Essentia | P32: =IF(O32="Invenergy",IF(F32="-",(D32-C32)*24,F32*24),0) -> 0 | Q32: =P32/VLOOKUP(A32,'YTD Hours'!$A$2:$D$5,4,0) -> 0 | R32: =(C32-$R$3)/7 -> 39.142857 | T32: 1
A33: Chapada I | B33: JOA15-10 | C33: 45710 | D33: 45716 | E33: Rodando | F33: =IF(D33="",TODAY()-C33,"-") -> - | H33: Vazamento de óleo da gearbox | I33: Gearbox | J33: UPTOWER REPAIR | K33: Máquina parou no final de semana por vazamento de óleo de 70% da gearbox. Sendo feito o atendimento à turbina para flushing e troca para o Amsoil. | M33: Operations - O&M | O33: Invenergy | P33: =IF(O33="Invenergy",IF(F33="-",(D33-C33)*24,F33*24),0) -> 144 | Q33: =P33/VLOOKUP(A33,'YTD Hours'!$A$2:$D$5,4,0) -> 7.2063416e-05 | R33: =(C33-$R$3)/7 -> 59.714286 | T33: 1
A34: Chapada III | B34: AUG03-15 | C34: 45714 | D34: 45717 | E34: Rodando | F34: =IF(D34="",TODAY()-C34,"-") -> - | H34: Vazamento de óleo da gearbox | I34: Gearbox | J34: UPTOWER REPAIR | K34: Máquina em atendimento, parou durante a madrugada. Troubleshooting. Sendo analisado se é possível a "transfusão do óleo", visto que não temos óleo Castrol em estoque. | M34: Operations - O&M / Engenharia | O34: Invenergy | P34: =IF(O34="Invenergy",IF(F34="-",(D34-C34)*24,F34*24),0) -> 72 | Q34: =P34/VLOOKUP(A34,'YTD Hours'!$A$2:$D$5,4,0) -> 0.00012948895 | R34: =(C34-$R$3)/7 -> 60.285714 | T34: 1
A35: Chapada I | B35: JOA11-07 | C35: 45686 | D35: 45721 | E35: Rodando | F35: =IF(D35="",TODAY()-C35,"-") -> - | H35: Danos da gearbox. Aguardando MCE. | I35: Gearbox | J35: MCE | K35: Aguardando MCE. 80% de evolução. | M35: Operations - FSO | O35: Essentia | P35: =IF(O35="Invenergy",IF(F35="-",(D35-C35)*24,F35*24),0) -> 0 | Q35: =P35/VLOOKUP(A35,'YTD Hours'!$A$2:$D$5,4,0) -> 0 | R35: =(C35-$R$3)/7 -> 56.285714 | T35: 1
A36: Chapada I | B36: JOA15-01 | C36: 45714 | D36: 45722 | E36: Rodando | F36: =IF(D36="",TODAY()-C36,"-") -> - | H36: Colapso do acoplamento flexível | I36: Flex coupling | J36: UPTOWER REPAIR | K36: Troca do acoplamento e slip de comunicação. Engenharia irá analisar se será necessário uma investigação mais profunda. 06/03: Troca do acoplamento completo quase finalizada. Previsão de retorno 06/03. | L36: - | M36: Operations - O&M / Engenharia | O36: Invenergy | P36: =IF(O36="Invenergy",IF(F36="-",(D36-C36)*24,F36*24),0) -> 192 | Q36: =P36/VLOOKUP(A36,'YTD Hours'!$A$2:$D$5,4,0) -> 9.6084554e-05 | R36: =(C36-$R$3)/7 -> 60.285714 | T36: 1
A37: Chapada II | B37: JOA01-13 | C37: 45708 | D37: 45727 | E37: Rodando | F37: =IF(D37="",TODAY()-C37,"-") -> - | H37: MCE programado. Pitch Bearing. Aguardando MCE | I37: Pitch Bearing | J37: MCE | K37: 80% de evolução. | L37: 0.8 | M37: Operations - FSO | O37: Essentia | P37: =IF(O37="Invenergy",IF(F37="-",(D37-C37)*24,F37*24),0) -> 0 | Q37: =P37/VLOOKUP(A37,'YTD Hours'!$A$2:$D$5,4,0) -> 0 | R37: =(C37-$R$3)/7 -> 59.428571 | T37: 1
A38: Chapada I | B38: JOA09-08 | C38: 45612 | D38: 45734 | E38: Rodando | F38: =IF(D38="",TODAY()-C38,"-") -> - | G38: 45752 | H38: Gearbox colapsada. Aguardando MCE. | I38: Gearbox | J38: MCE | K38: Boroscopia no main bearing sendo realizada para verificar se temos danos adicionais. Aguardando MCE. | L38: 1 | M38: Operations - FSO | O38: Essentia | P38: =IF(O38="Invenergy",IF(F38="-",(D38-C38)*24,F38*24),0) -> 0 | Q38: =P38/VLOOKUP(A38,'YTD Hours'!$A$2:$D$5,4,0) -> 0 | R38: =(C38-$R$3)/7 -> 45.714286 | T38: 1
A39: Chapada II | B39: JOA04-01 | C39: 45716 | D39: 45734 | E39: Rodando | F39: =IF(D39="",TODAY()-C39,"-") -> - | H39: Turbina com ramal baixo para troca do rolamento do pitch | I39: Pitch Bearing | J39: MCE | L39: 0 | M39: Operations - FSO | N39: Essentia | O39: 0 | P39: 0 | Q39: 61.571429 | S39: =IF(D39=0,"",(D39-$R$3)/7) -> 63.142857 | T39: 1
A40: Chapada I | B40: JOA16-02 | C40: 45721 | D40: 45737 | E40: Rodando | F40: =IF(D40="",TODAY()-C40,"-") -> - | G40: 45737 | H40: Colapso da Gearbox | I40: Gearbox | J40: MCE | K40: Aguardando MCE. Pós-work sendo realizado. | L40: 1 | M40: Operations - FSO | O40: Invenergy | P40: =IF(O40="Invenergy",IF(F40="-",(D40-C40)*24,F40*24),0) -> 384 | Q40: =P40/VLOOKUP(A40,'YTD Hours'!$A$2:$D$5,4,0) -> 0.00019216911 | R40: =(C40-$R$3)/7 -> 61.285714 | T40: 1
A41: Chapada II | B41: JOA04-02 | C41: 45728 | D41: 45741 | E41: Rodando | F41: =IF(D41="",TODAY()-C41,"-") -> - | G41: ? | H41: Pitch bearing crack | I41: Pitch Bearing | J41: MCE | K41: Troca do pitch bearing sendo realizada. | L41: 1 | M41: Operations - FSO | O41: Essentia | P41: =IF(O41="Invenergy",IF(F41="-",(D41-C41)*24,F41*24),0) -> 0 | Q41: =P41/VLOOKUP(A41,'YTD Hours'!$A$2:$D$5,4,0) -> 0 | R41: =(C41-$R$3)/7 -> 62.285714 | T41: 1
A42: Chapada I | B42: JOA16-07 | C42: 45698 | D42: 45743 | E42: Rodando | F42: =IF(D42="",TODAY()-C42,"-") -> - | H42: Dano no HSS. | I42: Gearbox | J42: UPTOWER REPAIR | K42: Caso sendo analisado pela engenharia, para possível desenvolvimento de reparo uptower. FlexWind inicia as atividades dia 17/03. 20/03: Reparo em andamento. Houve impacto na atividade devido a incidência de raios. 28/03: Turbina entrou em operação ontem. | L42: 1 | M42: Operations - FSO | O42: Invenergy | P42: =IF(O42="Invenergy",IF(F42="-",(D42-C42)*24,F42*24),0) -> 1080 | Q42: =P42/VLOOKUP(A42,'YTD Hours'!$A$2:$D$5,4,0) -> 0.00054047562 | R42: =(C42-$R$3)/7 -> 58 | T42: 1
A43: Chapada I | B43: JOA15-07 | C43: 45723 | D43: 45747 | E43: Rodando | F43: =IF(D43="",TODAY()-C43,"-") -> - | G43: ? | H43: Rompimento da Carcaça da Gearbox | I43: Gearbox | J43: MCE | K43: Troca da gearbox sendo realizada por MCE. 28/03: Pós work sendo realizado. | L43: 1 | M43: Operations - FSO | O43: Essentia | P43: =IF(O43="Invenergy",IF(F43="-",(D43-C43)*24,F43*24),0) -> 0 | Q43: =P43/VLOOKUP(A43,'YTD Hours'!$A$2:$D$5,4,0) -> 0 | R43: =(C43-$R$3)/7 -> 61.571429 | T43: 1
A44: Chapada II | B44: JOA04-03 | C44: 45734 | D44: 45748 | E44: Rodando | F44: =IF(D44="",TODAY()-C44,"-") -> - | G44: ? | H44: Pitch bearing crack | I44: Pitch Bearing | J44: MCE | K44: Troca do pitch bearing sendo realizada. | L44: 1 | M44: Operations - FSO | N44: Essentia | O44: Essentia | P44: =IF(O44="Invenergy",IF(F44="-",(D44-C44)*24,F44*24),0) -> 0 | Q44: =P44/VLOOKUP(A44,'YTD Hours'!$A$2:$D$5,4,0) -> 0 | R44: =(C44-$R$3)/7 -> 63.142857 | T44: 1
A45: Chapada II | B45: JOA04-04 | C45: 45738 | D45: 45757 | E45: Rodando | F45: =IF(D45="",TODAY()-C45,"-") -> - | G45: 45757 | H45: Pitch bearing crack | I45: Pitch Bearing | J45: MCE | K45: Foi identificado duas trincas na mesma axis (2). Portanto, foi solicitada a parada da máquina e será realizada a troca do pitch bearing após a 04-03. 04/03: Troca em andamento. 10/04: Pós work em andamento. | L45: 1 | M45: Operations - FSO | N45: Essentia | O45: Essentia | P45: =IF(O45="Invenergy",IF(F45="-",(D45-C45)*24,F45*24),0) -> 0 | Q45: =P45/VLOOKUP(A45,'YTD Hours'!$A$2:$D$5,4,0) -> 0 | R45: =(C45-$R$3)/7 -> 63.714286 | T45: 1
A46: Chapada III | B46: AUG05-13 | C46: 45607 | D46: 45758 | E46: Rodando | F46: =IF(D46="",TODAY()-C46,"-") -> - | G46: 45755 | H46: Danos na gearbox. Aguardando MCE. | I46: Gearbox | J46: MCE | K46: Boroscopia foi realizada e disposição da engenharia foi de manter a turbina parada e priorizada para MCE. Aguardando MCE. 03/04: Finalização do serviço e início do pós-work para o dia 04/04. 10/04: MCE finalizado em 09/04. Porém, máquina encontra-se em corretiva, falha de IGBT. Atendimento sendo impactado por L2. | L46: 1 | M46: Operations - FSO | N46: Warton, Anderson e Gustavo | O46: Invenergy | P46: =IF(O46="Invenergy",IF(F46="-",(D46-C46)*24,F46*24),0) -> 3624 | Q46: =P46/VLOOKUP(A46,'YTD Hours'!$A$2:$D$5,4,0) -> 0.0065176105 | R46: =(C46-$R$3)/7 -> 45 | T46: 1
A47: Chapada I | B47: JOA16-16 | C47: 45712 | D47: 45763 | E47: Rodando | F47: =IF(D47="",TODAY()-C47,"-") -> - | G47: ? | H47: 3 Yaw drives danificados. | I47: Yaw Drive | J47: MCE | K47: Aguardando MCE e uptower repair para extração do yaw drive. 3 yaw drives bonfiglioli e 1 nanjing. 03/04: Previsão de iniciar a atividade após a finalização das trocas dos pitch bearings (JOA 04-04). 10/04: Troca em andamento. 30%. Planejamento para finalizar as trocas hoje (10/04). | L47: 1 | M47: Operations - FSO / O&M | O47: Invenergy | P47: =IF(O47="Invenergy",IF(F47="-",(D47-C47)*24,F47*24),0) -> 1224 | Q47: =P47/VLOOKUP(A47,'YTD Hours'!$A$2:$D$5,4,0) -> 0.00061253903 | R47: =(C47-$R$3)/7 -> 60 | T47: 1
A48: Asa Branca | B48: AB07-11 | C48: 45601 | D48: 45764 | E48: Rodando | F48: =IF(D48="",TODAY()-C48,"-") -> - | G48: 45762 | H48: Danos no gerador, curto no wye ring. Aguardando MCE. | I48: Gerador | J48: MCE | K48: Tentativa de Reparo do gerador foi realizada, porém, o reparo exigirá um esforço maior, portanto, foi acordado que terminariamos o reparo da 06-08 primeiro e depois voltaremos para a 07-11. Foi feita uma tentativa de reparo, porém, sem sucesso. Aguardando MCE. Será feito com o Liftra. Técnicos do Liftra já estão no site, seguimos aguardando a chegada dos equipamentos. 28/03: Foi realizada a montagem do light weight crane. Time está iniciando a montagem da base. 03/04: Técnicos Invenergy em avaliação e certificação pelo time da Liftra. Previsão de inicar as atividades semana que vem. 10/04: Gerador já foi trocado e o Liftra já está em processo de descida. Troca foi realizada no dia 08/04. 17/04: Retornou hoje limitada em 500kW. 24h para retornar em full power. | L48: 0.8 | M48: Operations - FSO | N48: Marcelo Lins | O48: Essentia | P48: =IF(O48="Invenergy",IF(F48="-",(D48-C48)*24,F48*24),0) -> 0 | Q48: =P48/VLOOKUP(A48,'YTD Hours'!$A$2:$D$5,4,0) -> 0 | R48: =(C48-$R$3)/7 -> 44.142857 | T48: 1
A49: Chapada I | B49: JOA12-17 | C49: 45750 | D49: 45769 | E49: Rodando | F49: =IF(D49="",TODAY()-C49,"-") -> - | G49: 45770 | H49: Fuga de corrente no gerador para o terra. | I49: Gerador | J49: Troubleshooting | K49: Turbina parou hoje (03/04) por conta de fuga de corrente para o terra, time irá atender para realizar o troubleshooting. Turbina já teve histórico de reparo do wye ring. 10/04: Sendo realizado o reparo emergencial do wye ring. É necessário um reparo no barramento do gerador, que faz necessário a remoção do wye ring. Após a mobilização da data engenharia será feito o retrofit do wye ring. 17/04: Muito impacto de L2 e diversas corretivas devido a parada do grid. | L49: - | M49: Operation - O&M | O49: Invenergy | P49: =IF(O49="Invenergy",IF(F49="-",(D49-C49)*24,F49*24),0) -> 456 | Q49: =P49/VLOOKUP(A49,'YTD Hours'!$A$2:$D$5,4,0) -> 0.00022820082 | R49: =(C49-$R$3)/7 -> 65.428571
A50: Chapada II | B50: JOA05-08 | C50: 45708 | D50: 45772 | E50: Rodando | F50: =IF(D50="",TODAY()-C50,"-") -> - | G50: 45771 | H50: Dano no HSS. | I50: Gearbox | J50: UPTOWER REPAIR | K50: 2 kits de HSS chegaram no dia 17/03. Aguardando o término do reparo da JOA 16-07 para iniciar o reparo na 05-08. 28/03: Flex Wind finalizou na 16-07, porém, tiveram uma outra demanda que tiveram que atender em outro parque. Estamos negociando o prazo para atendimento da 05-08. Flex Wind foi contratada devido à falta de ferramentas para executar a atividade. FSO está se preparando para conseguir executar a atividade. 03/04: Programação de início da atividade para o dia 09/04. FSO + time Chapada. 10/04: Troca completa do HSS em andamento. Foi identificado que o HSIS já havia sido trocado anteriormente. Será necessário a extração de um parafuso quebrado (tampa da gearbox). 24/04: Previsão de retorno hoje. | L50: 1 | M50: Operations - FSO | O50: Invenergy | P50: =IF(O50="Invenergy",IF(F50="-",(D50-C50)*24,F50*24),0) -> 1536 | Q50: =P50/VLOOKUP(A50,'YTD Hours'!$A$2:$D$5,4,0) -> 0.0008839779 | R50: =(C50-$R$3)/7 -> 59.428571
A51: Chapada I | B51: JOA16-10 | C51: 45761 | D51: 45778 | E51: Rodando | F51: =IF(D51="",TODAY()-C51,"-") -> - | G51: 45772 | H51: Reparo de Blade | I51: Blade | J51: Essentia | K51: Essentia executando reparo | L51: - | M51: Essentia | O51: Essentia | P51: =IF(O51="Invenergy",IF(F51="-",(D51-C51)*24,F51*24),0) -> 0 | Q51: =P51/VLOOKUP(A51,'YTD Hours'!$A$2:$D$5,4,0) -> 0 | R51: =(C51-$R$3)/7 -> 67
A52: Chapada II | B52: JOA10-09 | C52: 45763 | D52: 45778 | E52: Rodando | F52: =IF(D52="",TODAY()-C52,"-") -> - | G52: 45778 | H52: Pitch bearing internal damage. | I52: Pitch Bearing | J52: MCE | K52: Sendo executada a troca do pitch bearing. 01/05: Troca sendo finalizada. | L52: 1 | M52: Operations - FSO | O52: Essentia | P52: =IF(O52="Invenergy",IF(F52="-",(D52-C52)*24,F52*24),0) -> 0 | Q52: =P52/VLOOKUP(A52,'YTD Hours'!$A$2:$D$5,4,0) -> 0 | R52: =(C52-$R$3)/7 -> 67.285714
A53: Chapada II | B53: JOA01-13 | C53: 45763 | D53: 45786 | E53: Rodando | F53: =IF(D53="",TODAY()-C53,"-") -> - | G53: 45786 | H53: Reparo de Blade | I53: Blade | J53: Essentia | K53: Essentia executando reparo | L53: - | M53: Essentia | O53: Essentia | P53: =IF(O53="Invenergy",IF(F53="-",(D53-C53)*24,F53*24),0) -> 0 | Q53: =P53/VLOOKUP(A53,'YTD Hours'!$A$2:$D$5,4,0) -> 0 | R53: =(C53-$R$3)/7 -> 67.285714
A54: Chapada II | B54: JOA16-01 | C54: 45775 | D54: 45786 | E54: Rodando | F54: =IF(D54="",TODAY()-C54,"-") -> - | G54: 45786 | H54: Reparo de Blade | I54: Blade | J54: Essentia | K54: Essentia executando reparo | L54: - | M54: Essentia | N54: Essentia | O54: 0 | P54: =IF(O54="Invenergy",IF(F54="-",(D54-C54)*24,F54*24),0) -> 0 | Q54: =P54/VLOOKUP(A54,'YTD Hours'!$A$2:$D$5,4,0) -> 0 | R54: =(C54-$R$3)/7 -> 69
A55: Chapada II | B55: JOA05-16 | C55: 45783 | D55: 45786 | E55: Rodando | F55: =IF(D55="",TODAY()-C55,"-") -> - | G55: 45793 | H55: Reparo de Blade | I55: Blade | J55: Essentia | K55: Essentia executando reparo | L55: - | M55: Essentia | N55: 0 | O55: 0 | P55: =IF(O55="Invenergy",IF(F55="-",(D55-C55)*24,F55*24),0) -> 0 | Q55: =P55/VLOOKUP(A55,'YTD Hours'!$A$2:$D$5,4,0) -> 0 | R55: =(C55-$R$3)/7 -> 70.142857
A56: Chapada II | B56: JOA15-07 | C56: 45782 | D56: 45789 | E56: Rodando | F56: =IF(D56="",TODAY()-C56,"-") -> - | G56: 45793 | H56: Reparo de Blade | I56: Blade | J56: Essentia | K56: Essentia executando reparo | L56: - | M56: Essentia | N56: 0 | O56: 64 | P56: =IF(O56="Invenergy",IF(F56="-",(D56-C56)*24,F56*24),0) -> 0 | Q56: =P56/VLOOKUP(A56,'YTD Hours'!$A$2:$D$5,4,0) -> 0 | R56: =(C56-$R$3)/7 -> 70
A57: Chapada II | B57: JOA07-09 | C57: 45754 | D57: 45790 | E57: Rodando | F57: =IF(D57="",TODAY()-C57,"-") -> - | G57: 45786 | H57: Trinca na pista interna no rolamento planetário | I57: Gearbox | J57: MCE | K57: Aguardando MCE. | L57: 1 | M57: Operations - FSO | O57: Essentia | P57: =IF(O57="Invenergy",IF(F57="-",(D57-C57)*24,F57*24),0) -> 0 | Q57: =P57/VLOOKUP(A57,'YTD Hours'!$A$2:$D$5,4,0) -> 0 | R57: =(C57-$R$3)/7 -> 66
A58: Chapada III | B58: AUG04-16 | C58: 45762 | D58: 45790 | E58: Rodando | F58: =IF(D58="",TODAY()-C58,"-") -> - | H58: Possível dano no gerador. | I58: Gerador | J58: Troubleshooting | K58: 17/04: Aguardando time finalizar trabalho da JOA 12-17 para atendimento e troubleshooting. 24/04: Gerador foi aberto ontem. Foi identificado dano no wye ring. Aguardando disposição da engenharia. Reparo com a Data Engenharia. 15/05: Reparo realizado com Data engenharia e máquina em operação. | L58: - | M58: Engenharia | N58: Invenergy | O58: Invenergy | P58: =IF(O58="Invenergy",IF(F58="-",(D58-C58)*24,F58*24),0) -> 672 | Q58: =P58/VLOOKUP(A58,'YTD Hours'!$A$2:$D$5,4,0) -> 0.0012085635 | R58: =(C58-$R$3)/7 -> 67.142857
A59: Asa Branca | B59: AB06-08 | C59: 45652 | D59: 45791 | E59: Rodando | F59: =IF(D59="",TODAY()-C59,"-") -> - | G59: 45793 | H59: Dano no rolamento do gerador e no assento do mesmo. | I59: Gerador | J59: MCE | K59: Aguardando definição de como seguiremos com o reparo do eixo do gerador. Previsão de início das atividades dia 27/03 - confecção do molde. Técnicos estão finalizando treinamentos. 28/03: Hita já foi ao site para fazer o levantamento das medidas do eixo para a confecção dos moldes. Previsão para retorno ao site no dia 09/04. 03/04: Sem novos updates. EHS avaliando documentação. Previsão para início das atividades em 09/04. 10/04: Hita já fez o reparo utilizando o molde e agora estamos no passo de avaliação da qualidade do trabalho executado em conjunto com a Engenharia Invenergy. 17/04: Reparo realizado pela Hita foi recusado e foi solicitada a troca do gerador. Com o gerador em solo será verificado se há empeno do eixo. Gerador removido será enviado para reparo. 24/04: Será iniciada a montagem do Liftra amanhã | L59: 0 | M59: Operations - FSO / Engenharia | O59: Essentia | P59: =IF(O59="Invenergy",IF(F59="-",(D59-C59)*24,F59*24),0) -> 0 | Q59: =P59/VLOOKUP(A59,'YTD Hours'!$A$2:$D$5,4,0) -> 0 | R59: =(C59-$R$3)/7 -> 51.428571
A60: Chapada II | B60: JOA05-03 | C60: 45740 | D60: 45807 | E60: Rodando | F60: =IF(D60="",TODAY()-C60,"-") -> - | G60: 45814 | H60: Reparo de Blade | I60: Blade | J60: Essentia | K60: Essentia executando reparo | L60: - | M60: Essentia | O60: Essentia | P60: =IF(O60="Invenergy",IF(F60="-",(D60-C60)*24,F60*24),0) -> 0 | Q60: =P60/VLOOKUP(A60,'YTD Hours'!$A$2:$D$5,4,0) -> 0 | R60: =(C60-$R$3)/7 -> 64
A61: Chapada I | B61: JOA16-06 | C61: 45654 | D61: 45808 | E61: Rodando | F61: =IF(D61="",TODAY()-C61,"-") -> - | G61: 45807 | H61: Fuga de corrente pro terra no gerador. Aguardando MCE. | I61: Gerador | J61: MCE | K61: Gerador danificado. Exigirá troca completa. Aguardando MCE. 0% de evolução. Está pendente um 4º estágio do yaw drive bonfiglioli, visto que este foi canibalizado para aplicação na JOA 15-15. | L61: 1 | M61: Operations - FSO | O61: Invenergy | P61: =IF(O61="Invenergy",IF(F61="-",(D61-C61)*24,F61*24),0) -> 3696 | Q61: =P61/VLOOKUP(A63,'YTD Hours'!$A$2:$D$5,4,0) -> 0.0021270718 | R61: =(C61-$R$3)/7 -> 51.714286
A62: Asa Branca | B62: AB06-11 | C62: 45798 | D62: 45816 | E62: Rodando | F62: =IF(D62="",TODAY()-C62,"-") -> - | G62: 45815 | H62: Reparo de blade sendo executado pelo time Invenergy. | I62: Blade | J62: MCE | K62: Reparo de blade. | M62: Operations - FSO | O62: Invenergy | P62: =IF(O62="Invenergy",IF(F62="-",(D62-C62)*24,F62*24),0) -> 432 | R62: =(C62-$R$3)/7 -> 72.285714
A63: Chapada II | B63: JOA01-17 | C63: 45796 | D63: 45821 | E63: Rodando | F63: =IF(D63="",TODAY()-C63,"-") -> - | G63: 45821 | H63: Reparo de Blade | I63: Blade | J63: Essentia | K63: Essentia executando reparo | L63: - | M63: Essentia | N63: Essentia | P63: 0 | Q63: 0 | R63: =(C63-$R$3)/7 -> 72
A64: Chapada II | B64: JOA05-01 | C64: 45810 | D64: 45821 | E64: Rodando | F64: =IF(D64="",TODAY()-C64,"-") -> - | H64: Troca de Gearbox. | I64: Gearbox | J64: MCE | K64: Turbina foi parada devido a um dano severo na gearbox. Já estava mapeada para troca. 12/06: pós-work em andamento, previsão de startup da turbina hoje | L64: 1 | M64: Operations - FSO | P64: 0 | Q64: 0 | R64: =(C64-$R$3)/7 -> 74
A65: Chapada III | B65: AUG03-11 | C65: 45756 | D65: 45822 | E65: Rodando | F65: =IF(D65="",TODAY()-C65,"-") -> - | G65: 45820 | H65: Liberação do acoplamento flexível e dano no HSS. | I65: Gearbox | J65: MCE | K65: Tivemos uma liberação do acoplamento flexível para fora da turbina. Investigação em andamento. 17/04: Indicada para troca de HSS. 24/04: Aguardando finalização da JOA 05-08. Já possuímos HSS para essa troca. 01/05: Identificado dano no dente do HSIS. 06/06: pós work em andamento. 12/06: Reposição do slip de comunicação | L65: 1 | M65: Operation - FSO / Engenharia | O65: Invenergy | P65: =IF(O65="Invenergy",IF(F65="-",(D65-C65)*24,F65*24),0) -> 1584 | Q65: =P65/VLOOKUP(A65,'YTD Hours'!$A$2:$D$5,4,0) -> 0.0028487569 | R65: =(C65-$R$3)/7 -> 66.285714
A66: Chapada II | B66: JOA01-15 | C66: 45821 | D66: 45839 | E66: Rodando | F66: =IF(D66="",TODAY()-C66,"-") -> - | G66: 45852 | H66: Reparo de blade | I66: Blade | J66: Essentia | K66: Identificado dano severo e parada para reparo. | L66: 1 | M66: Essentia | O66: Essentia | P66: =IF(O66="Invenergy",IF(F66="-",(D66-C66)*24,F66*24),0) -> 0 | Q66: 0 | R66: =(C66-$R$3)/7 -> 75.571429
A67: Chapada I | B67: JOA15-14 | C67: 45821 | D67: 45840 | E67: Rodando | F67: =IF(D67="",TODAY()-C67,"-") -> - | G67: 45852 | H67: Reparo de blade | I67: Blade | J67: Essentia | K67: Identificado dano severo e parada para reparo. | L67: 1 | M67: Essentia | O67: Essentia | P67: =IF(O67="Invenergy",IF(F67="-",(D67-C67)*24,F67*24),0) -> 0 | Q67: 0 | R67: =(C67-$R$3)/7 -> 75.571429
A68: Chapada III | B68: AUG04-12 | C68: 45821 | D68: 45842 | E68: Rodando | F68: =IF(D68="",TODAY()-C68,"-") -> - | G68: - | H68: Reparo de blade | I68: Blade | J68: Essentia | K68: Identificado dano severo e parada para reparo. | L68: 1 | M68: Essentia | O68: Essentia | P68: =IF(O68="Invenergy",IF(F68="-",(D68-C68)*24,F68*24),0) -> 0 | Q68: 0 | R68: =(C68-$R$3)/7 -> 75.571429
A69: Asa Branca | B69: AB06-19 | C69: 45835 | D69: 45846 | E69: Rodando | F69: =IF(D69="",TODAY()-C69,"-") -> - | G69: - | H69: Reparo de blade | I69: Blade | J69: Essentia | K69: Identificado dano severo e parada para reparo. | L69: 0 | M69: Essentia / Invenergy | O69: Essentia | P69: =IF(O69="Invenergy",IF(F69="-",(D69-C69)*24,F69*24),0) -> 0 | R69: =(C69-$R$3)/7 -> 77.571429
A70: Chapada II | B70: JOA04-08 | C70: 45693 | D70: 45847 | E70: Rodando | F70: =IF(D70="",TODAY()-C70,"-") -> - | G70: 45839 | H70: Dano no gerador. Wye ring. | I70: Gerador | J70: MCE | K70: Troubleshooting está sendo executado. Houve impacto de L2 ontem, por isso, a atividade se alongou. 13/02: Caso sendo analisado pela engenharia. 20/02: Reparo uptower 27/02: Aguardando a Data engenharia 20/03: Data engenharia mencionou que a previsão é iniciar em 24/04. 28/03: Vamos pressionar a data engenharia para ter uma data mais próxima e sanar as pendências. 03/04: Aguardando Data engenharia (haverá reunião hoje entre Invenergy e Data Engenharia para tratar a questão de data de execução). 10/04: Data informou que iniciará o reparo na primeira semana de maio 07/05. 09/05: Data formalizou de que o reparo do wye ring não será possível. Máquina direcionada para MCE. 23/05: Será feita uma inspeção com a Ecovis, com o gerador downtower. 29/05: 0% de evolução. 06/06: Será feita a troca da gerador e do Main Bearing. Não será mais realizada a tentativa com a Ecovis. Será necessária a utilização do crane que está snedo usado na frente de troca de gearbox, para conseguir realizar a troca do main bearing. 26/06: Não será feita a troca do Main Bearing. Equipe realizando troca do gerador. 03/07: Impacto de vento alto nos últimos dias. Previsão é de ser finalizada no fim de semana. | L70: 1 | M70: Operations - FSO | O70: Invenergy | P70: =IF(O70="Invenergy",IF(F70="-",(D70-C70)*24,F70*24),0) -> 3696 | Q70: =P70/VLOOKUP(A70,'YTD Hours'!$A$2:$D$5,4,0) -> 0.0021270718 | R70: =(C70-$R$3)/7 -> 57.285714
A71: Chapada I | B71: JOA12-11 | C71: 45821 | D71: 45848 | E71: Rodando | F71: =IF(D71="",TODAY()-C71,"-") -> - | G71: - | H71: Reparo de blade | I71: Blade | J71: Essentia | K71: Identificado dano severo e parada para reparo. | L71: 0 | M71: Essentia | O71: Essentia | P71: =IF(O71="Invenergy",IF(F71="-",(D71-C71)*24,F71*24),0) -> 0 | Q71: 0 | R71: =(C71-$R$3)/7 -> 75.571429
A72: Chapada I | B72: JOA15-11 | C72: 45821 | D72: 45848 | E72: Rodando | F72: =IF(D72="",TODAY()-C72,"-") -> - | G72: 45859 | H72: Reparo de blade | I72: Blade | J72: Essentia | K72: Identificado dano severo e parada para reparo. | L72: 0 | M72: Essentia | O72: Essentia | P72: =IF(O72="Invenergy",IF(F72="-",(D72-C72)*24,F72*24),0) -> 0 | Q72: 0 | R72: =(C72-$R$3)/7 -> 75.571429
A73: Chapada II | B73: AUG04-13 | C73: 45789 | D73: 45849 | E73: Rodando | F73: =IF(D73="",TODAY()-C73,"-") -> - | G73: 45849 | H73: Danos no Wye ring. Aguardando mobilização Ecovis | I73: Gerador | J73: Uptower Repair | K73: 12/05 - Máquina parada para abertura do gerador 15/05 - Data Engenharia realizando inspeção e testes no rotor. 22/05 - Data formalizou de que o reparo do wye ring não será possível. Máquina direcionada para MCE. 23/05: Será feita uma nova tentativa com a Ecovis. 03/07: Aguardando finalização do reparo na AUG04-14. Previsão de início em 04/07. 10/07: Reparo foi finalizado, sendo feita a montagem do gerador. | L73: 1 | M73: Operations - FSO | N73: 64 | P73: =IF(O73="Invenergy",IF(F73="-",(D73-C73)*24,F73*24),0) -> 0 | Q73: =P73/VLOOKUP(A73,'YTD Hours'!$A$2:$D$5,4,0) -> 0 | R73: =(C73-$R$3)/7 -> 71
A74: Chapada II | B74: JOA12-05 | C74: 45821 | D74: 45853 | E74: Rodando | F74: =IF(D74="",TODAY()-C74,"-") -> - | G74: - | H74: Reparo de blade | I74: Blade | J74: Essentia | K74: Identificado dano severo e parada para reparo. | L74: 1 | M74: Essentia | O74: Essentia | P74: =IF(O74="Invenergy",IF(F74="-",(D74-C74)*24,F74*24),0) -> 0 | Q74: 0 | R74: =(C74-$R$3)/7 -> 75.571429
A75: Chapada II | B75: JOA04-13 | C75: 45566 | D75: 45855 | E75: Rodando | F75: =IF(D75="",TODAY()-C75,"-") -> - | G75: 45849 | H75: Danos na gearbox. Aguardando MCE. | I75: Gearbox | J75: MCE | K75: Aguardando MCE. Será feita após finalização das atividades na AUG05-13. 10/04: MCE em andamento. 17/04: 40% de evolução. Conexão entre o eixo da gearbox e o main shaft travado. Engrenagens travadas também. Será perfurada o eixo da gearbox, para facilitar a remoção. Previsão de conclusão na próxima semana. 24/04: Foi iniciado o processo de furação ontem. Após finalização do MCE no AUG05-13 iremos poder finalizar na JOA04-13. 01/05: 40% de evolução. 15/05: Equipe de field service retornou para atividade nesta máquina. Abertura de novos furos; 22/05: Foram feitas diversas tentativas de destravamento, porém, sem sucesso. Com isso foi acordado com a Essentia de que seria feita a desmobilização do guindaste e continuaremos as tentativas de destravamento. Atividade será feita com o Liftra. 29/05: S/ updates. 06/06: Só aquecimento não será possível para remover. Será necessário realizar o corte da gearbox. 18/06: Troca já realizada com o Liftra. Realizando a descida do guindaste. 26/06: Pós work e certificação liftra. 03/07: Pós work em andamento e certificação Liftra. 10/07: Pós work foi iniciado de fato hoje, houveram problemas com o acoplamento. Previsão de retorno para amanhã (11/07). | L75: 1 | M75: Operations - FSO | N75: Essentia | O75: Essentia | P75: =IF(O75="Invenergy",IF(F75="-",(D75-C75)*24,F75*24),0) -> 0 | Q75: =P75/VLOOKUP(A75,'YTD Hours'!$A$2:$D$5,4,0) -> 0 | R75: =(C75-$R$3)/7 -> 39.142857
A76: Chapada II | B76: JOA04-14 | C76: 45694 | D76: 45856 | E76: Rodando | F76: =IF(D76="",TODAY()-C76,"-") -> - | G76: 45849 | H76: Dano no gerador. Wye ring. | I76: Gerador | J76: MCE | K76: Aguardando MCE. 17/07: Finalizada a troca do gerador, porém, segue parada para corretiva. | L76: 1 | M76: Operations - FSO | N76: Invenergy | O76: Invenergy | P76: =IF(O76="Invenergy",IF(F76="-",(D76-C76)*24,F76*24),0) -> 3888 | Q76: =P76/VLOOKUP(A76,'YTD Hours'!$A$2:$D$5,4,0) -> 0.0022375691 | R76: =(C76-$R$3)/7 -> 57.428571
A77: Chapada I | B77: JOA15-01 | C77: 45737 | D77: 45861 | E77: Rodando | F77: =IF(D77="",TODAY()-C77,"-") -> - | G77: 45859 | H77: Dano no gerador. | I77: Gerador | J77: MCE | K77: Resina se desprendeu do rotor e danificou o estator. Time já realizou o surge test e está analisando agora o parâmetro que foi analisado, de acordo com instruções da Engenharia US. 03/04: Surge test reprovado. Será necessário a troca do gerador. 03/07: Atualizar. 17/07: Pós work em andamento. Troca feita e finalizada em 16/07. | L77: 1 | M77: Operations - FSO | O77: Invenergy | P77: =IF(O77="Invenergy",IF(F77="-",(D77-C77)*24,F77*24),0) -> 2976 | Q77: =P77/VLOOKUP(A77,'YTD Hours'!$A$2:$D$5,4,0) -> 0.0014893106 | R77: =(C77-$R$3)/7 -> 63.571429
A78: Chapada II | B78: JOA07-15 | C78: 45754 | D78: 45862 | E78: Rodando | F78: =IF(D78="",TODAY()-C78,"-") -> - | G78: 45862 | H78: Duas trincas no pitch bearing da axis 1 | I78: Pitch Bearing | J78: MCE | K78: Aguardando MCE. 03/07: Máquina será priorizada após a JOA 04-08. 10/07: Inicio da troca em 08/07. 17/07: Troca em andamento. Atraso devido à questões de ventos. 24/07: FSO terminou o reparo e foi energizada hoje. Previsão retornoar hoje no fim do dia. | L78: 1 | M78: Operations - FSO | O78: Essentia | P78: =IF(O78="Invenergy",IF(F78="-",(D78-C78)*24,F78*24),0) -> 0 | Q78: =P78/VLOOKUP(A78,'YTD Hours'!$A$2:$D$5,4,0) -> 0
A79: Asa Branca | B79: AB05-10 | C79: 45791 | D79: 45863 | E79: Rodando | F79: =IF(D79="",TODAY()-C79,"-") -> - | G79: 45863 | H79: Deslocamento excessivo do drivetrain e danos no main bearing | I79: Main Bearing | J79: MCE | K79: Aguardando MCE. 29/05: Já foi enviada a disposição para a Essentia. Essentia está buscando aprovação da troca junto a diretoria. 06/06: Essentia possui um main bearing em Chapada que necessitará ser transferido para Asa. 12/06: Previsão de mobilização na semana do dia 23 (FW26). 26/06: Realizado pré-work. Nova previsão de 03/07 de mob guindaste. 03/07: Guindaste atrasou e iniciará a mob dia 04/07 e inicio de operação dia 07/07. 10/07: Aguardando condições climáticas para início das atividades. Foi feita a isntalação da corda guia de apenas uma pá. 17/07: Já foi feita a descida do rotor e trocado o main bearing. Falta subir drivetrain e rotor. Aguardando condições climáticas. 24/07: Subida do ramal será feita amanhã. Previsão de retorno amanhã. | L79: 1 | M79: Operations - FSO | O79: Essentia | P79: =IF(O79="Invenergy",IF(F79="-",(D79-C79)*24,F79*24),0) -> 0 | R79: =(C79-$R$3)/7 -> 71.285714
A80: Chapada II | B80: JOA11-03 | C80: 45847 | D80: 45868 | E80: Rodando | F80: =IF(D80="",TODAY()-C80,"-") -> - | G80: 29/07/2025 | H80: Identificado dano no gerador. Wye Ring | I80: Gerador | J80: UPTOWER REPAIR | K80: 17/07: Com a visita da Ecovis para garantia da 12/17, será solicitado que seja feito a tentativa de reparo dessa máquina também. 24/07: Reparo sendo feito. Previsão de retorno 29/07. | L80: 1 | M80: Operations - FSO | O80: Invenergy | P80: =IF(O80="Invenergy",IF(F80="-",(D80-C80)*24,F80*24),0) -> 504 | R80: =(C80-$R$3)/7 -> 79.285714
A81: Chapada II | B81: JOA12-13 | C81: 45839 | D81: 45872 | E81: Rodando | F81: =IF(D81="",TODAY()-C81,"-") -> - | G81: - | H81: Gearbox colapsada. Aguardando MCE. | I81: Gearbox | J81: MCE | K81: Gearbox colapsada. Aguardando MCE. 03/07: sem cronograma de execução 17/07: Liftra já mobilizado para a turbina. Haverá um atraso devido à evento com Liftra. Prazo inicial era de 30/07. 24/07: Troca sendo feita. Gearbox travada no main shaft. 31/07: Será feita a subido do ramal hoje. Previsão de retorno 04/08. | L81: 1 | M81: Operations - FSO | O81: Invenergy | P81: =IF(O81="Invenergy",IF(F81="-",(D81-C81)*24,F81*24),0) -> 792 | Q81: 0 | R81: =(C81-$R$3)/7 -> 78.142857
A82: Chapada II | B82: AUG04-14 | C82: 45726 | D82: 45876 | E82: Rodando | F82: =IF(D82="",TODAY()-C82,"-") -> - | G82: ? | H82: Falha no Wye Ring e trinca no planetário Gearbox | I82: Gerador / Gearbox | J82: MCE | K82: Turbina indicada para realização do reparo do Wye Ring pela Data Engenharia. (aproveitamento da mobilização e reparo das turbinas JOA04-08 e AUG04-14). 09/05: Data formalizou de que o reparo do wye ring não será possível. Máquina direcionada para MCE. Em nova boroscopia, foi identificado que havia uma trinca em um dos rolamentos do planetário. 23/05: Será feita uma nova tentativa de reparo com a Ecovis uptower. 12/06: Previsão de mobilização para a FW26. 26/06: Equipe avançou o pré work devido a máquina estar fora de operação. 03/07: Ecovis realizando o reparo. 10/07: Pendente fazer o alinhamento do gerador para poder o teste e validar do gerador. Turbina permanecerá em DT devido a gearbox. 17/07: Finalização dos últimos passos para startar a turbina e testar a turbina (validar o reparo do gerador - rodará por ~2 horas e depois ficará em DT por conta da gbx). 24/07: DT gbx. 31/07: Evolução de 15% 07/08: Troca sendo finalizada. | L82: 1 | M82: Operations - FSO | N82: Invenergy | O82: Invenergy | P82: =IF(O82="Invenergy",IF(F82="-",(D82-C82)*24,F82*24),0) -> 3600 | Q82: =P82/VLOOKUP(A82,'YTD Hours'!$A$2:$D$5,4,0) -> 0.0020718232 | R82: =(C82-$R$3)/7 -> 62
A83: Chapada II | B83: AUG05-14 | C83: 45838 | D83: 45882 | E83: Rodando | F83: =IF(D83="",TODAY()-C83,"-") -> - | G83: - | H83: Solicitação pela engenharia de manter a turbina fora de operação devido a trinca/quebra de dente da engrenagem do estágio planetário. Aguardando MCE. | I83: Gearbox | J83: MCE | K83: Aguardando MCE. 03/07: sem cronograma de execução 31/07: Será executada após a JOA04-02. 07/08: Guindaste foi mobilizado para a WTG hoje e está em processo de montagem. Previsão de iniciar o pré-work hoje. | L83: 1 | M83: Operations - FSO | O83: Invenergy | P83: =IF(O83="Invenergy",IF(F83="-",(D83-C83)*24,F83*24),0) -> 1056 | Q83: 0 | R83: =(C83-$R$3)/7 -> 78
A84: Chapada II | B84: JOA01-06 | C84: 45858 | D84: 45884 | E84: Rodando | F84: =IF(D84="",TODAY()-C84,"-") -> - | G84: ? | H84: Danos no pinhão do yaw drive. | I84: Yaw Drive | J84: MCE | K84: 31/07: Serão trocados dos yaw drives, pois não foi encontrado um set novo. 07/08: Aguardando finalização da AUG05-14. 14/08: Troca dos yaw drives finalizada ontem. Pendente renergização e material para corretiva. | L84: 1 | M84: Operations - FSO | O84: Invenergy | P84: =IF(O84="Invenergy",IF(F84="-",(D84-C84)*24,F84*24),0) -> 624 | R84: =(C84-$R$3)/7 -> 80.857143
A85: Chapada II | B85: JOA01-05 | C85: 45866 | D85: 45890 | E85: Rodando | F85: =IF(D85="",TODAY()-C85,"-") -> - | G85: 45891 | H85: Foi solicitada uma boroscopia e identificado trinca no planetário. | I85: Gearbox | J85: MCE | K85: 31/07: Aguardando MCE. 14/08: Plano de rigging sendo elaborado. Uma vez finalizado será iniciado o processo de montagem do guindaste. 21/08: Será feita a subida do ramal hoje e após energização. Previsão de retorno 22/08. | L85: 0.95 | M85: Operations - FSO | O85: Invenergy | P85: =IF(O85="Invenergy",IF(F85="-",(D85-C85)*24,F85*24),0) -> 576 | R85: =(C85-$R$3)/7 -> 82
A86: Chapada II | B86: JOA10-05 | C86: 45818 | D86: 45894 | E86: Rodando | F86: =IF(D86="",TODAY()-C86,"-") -> - | H86: Turbina parada para troca do Main Shaft | I86: Main Bearing | J86: MCE | K86: 12/06: Baixa do ramal para troca do Main shaft. 18/06: Sendo feita a subida do rotor. 26/06: pós work 03/07: Identificado danos na rosca do bedplate, na conexão do pillow block com bedplate. Tentando identificar fornecedores para confecção de rosca postiça. 10/07: Aguardando visita da Tech End para inspeção da rosca danificada e avaliação de reparo da rosca com rosca postiça. 17/07: Tech End realizou a visita em 15/07 para avaliação do reparo a ser feito. Previsão de enviarem o procedimento e fabricarem o suporte necessário em 1 semana. 24/07: Suporte sendo fabricado. Previsão de mobilização para instalação na próxima semana. 31/07: Previsão de mobilização para Araripina em 01/08. 07/08: Chegaram no dia 05/08. Iniciaram o trabalho no dia 06/08, porém, identificaram que não possuem ferramentas necessárias. Estão em standby a procura da ferraementa em Petrolina. 14/08: Alinhado com a Tech End de realizar um reparo paleativo da rosca utilizando helicoil M36. Sem previsão de retorno ainda. 21/08: Sendo realizada a instalação dos helicoils M36 para retorno a operação temporária, antes da finalização do reparo com helicoil M39. 28/08: Em operação limitada pelo vento. Aguardando pelo reparo com helicoil M39. | L86: 0.95 | M86: Operations - FSO | P86: =IF(O86="Invenergy",IF(F86="-",(D86-C86)*24,F86*24),0) -> 0 | Q86: 0 | R86: =(C86-$R$3)/7 -> 75.142857
A87: Chapada II | B87: JOA04-02 | C87: 45822 | D87: 45894 | E87: Rodando | F87: =IF(D87="",TODAY()-C87,"-") -> - | G87: 45894 | H87: Gearbox colapsada. Aguardando MCE. | I87: Gearbox | J87: MCE | K87: Gearbox colapsada. Aguardando MCE. 03/07: sem cronograma de execução 17/07: Liftra já mobilizado para a turbina. Haverá um atraso devido à evento com Liftra. Prazo inicial era de 30/07. 24/07: Liftra está enviando um novo equipamento (emprestado) para continuidade da operação. Chegará no dia 29/07em Chapada. 31/07: Equipamento do Liftra chegou, porém, em processo de autorização do EHS. 07/08: Atividade em andamento com o time Liftra. Previsão de retorno 15/08. 14/08: Realizada a troca da gearbox. Iniciado o processo do guindaste hoje. Previsão de retorno 25/08. 21/08: Finalizada desmontagem do guindaste. Sendo realizado o pós work. | L87: 1 | M87: Operations - FSO | O87: Invenergy | P87: =IF(O87="Invenergy",IF(F87="-",(D87-C87)*24,F87*24),0) -> 1728 | Q87: 0 | R87: =(C87-$R$3)/7 -> 75.714286
A88: Chapada II | B88: JOA01-15 | C88: 45854 | D88: 45897 | E88: Rodando | F88: =IF(D88="",TODAY()-C88,"-") -> - | H88: Identificado dano no gerador e posteriormente no HSS. Wye Ring / HSS | I88: Gerador / Gearbox | J88: UPTOWER REPAIR | K88: 24/07: Aguardando finalização na 11-03 para Ecovis seguir com inspeção e possível reparo. 31/07: Reparo foi finalizado hoje, porém, foram encontrados danos no HSS que impedem a operação da turbina. Aguardando análise da boroscopia para verificação de demais danos. 05/08: Identificado que ha somente danos no dente do HSS e sem danos secundários. Será realizado a troca do HSS. Testes do gerador serão feitos somente após a troca do HSS. 07/08: Previsão de início das atividades na próxima semana. 14/08: Previsão de início das atividades na próxima semana. Houve um atraso devido a atraso de entrega de material. 21/08: Iniciada as atividades hoje. 28/08: RTS. | L88: 1 | M88: Operations - FSO | O88: Invenergy | P88: =IF(O88="Invenergy",IF(F88="-",(D88-C88)*24,F88*24),0) -> 1032 | R88: =(C88-$R$3)/7 -> 80.285714
A89: Chapada II | B89: JOA03-16 | C89: 45885 | D89: 45897 | E89: Rodando | F89: =IF(D89="",TODAY()-C89,"-") -> - | H89: Falha da barra da axis box. | I89: Pitch System | J89: UPTOWER REPAIR | K89: 28/08: Retornando hoje a operação. | M89: Operations - O&M | O89: Invenergy | P89: =IF(O89="Invenergy",IF(F89="-",(D89-C89)*24,F89*24),0) -> 288 | R89: =(C89-$R$3)/7 -> 84.714286
A90: Chapada II | B90: JOA03-07 | C90: 45895 | D90: 45900 | E90: Rodando | F90: =IF(D90="",TODAY()-C90,"-") -> - | H90: Falha da barra da axis box. | I90: Pitch System | J90: UPTOWER REPAIR | K90: 28/08: Aguardando a chegada da barra para troca. | M90: Operations - O&M | O90: Invenergy | P90: =IF(O90="Invenergy",IF(F90="-",(D90-C90)*24,F90*24),0) -> 120 | R90: =(C90-$R$3)/7 -> 86.142857
A91: Chapada II | B91: JOA01-12 | C91: 45888 | D91: 45909 | E91: Rodando | F91: =IF(D91="",TODAY()-C91,"-") -> - | G91: 45910 | H91: Falha no gerador. Wye Ring | I91: Gerador | J91: UPTOWER REPAIR | K91: 21/08: Aguardando mobilização da Ecovis para realizar reparo. 28/08: Aguardando chega da Ecovis, prevista para 01/09. 04/09: Ecovis já está atuando na turbina. Previsão de retorno 10/09. | L91: 1 | M91: Operations - O&M | O91: Invenergy | P91: =IF(O91="Invenergy",IF(F91="-",(D91-C91)*24,F91*24),0) -> 504 | R91: =(C91-$R$3)/7 -> 85.142857
A92: Chapada II | B92: JOA05-01 | C92: 45908 | D92: 45915 | E92: Rodando | F92: =IF(D92="",TODAY()-C92,"-") -> - | H92: 2 Yaw Drives danificados. | I92: Yaw Drive | J92: UPTOWER REPAIR | K92: 11/09: Yaw Drives sendo reparados. | M92: Operations - O&M | O92: Invenergy | P92: =IF(O92="Invenergy",IF(F92="-",(D92-C92)*24,F92*24),0) -> 168 | R92: =(C92-$R$3)/7 -> 88
A93: Chapada II | B93: AUG04-09 | C93: 45898 | D93: 45918 | E93: Rodando | F93: =IF(D93="",TODAY()-C93,"-") -> - | G93: 45918 | H93: Falha no gerador. Wye Ring | I93: Gerador | J93: UPTOWER REPAIR | K93: 04/09: Aguardando a ida da Ecovis para análise de viabilidade de reparo. 11/09: Ecovis realizando o reparo. 18/09: Equipe finalizando o fechamento do gerador. | M93: Operations - O&M | O93: Invenergy | P93: =IF(O93="Invenergy",IF(F93="-",(D93-C93)*24,F93*24),0) -> 480 | R93: =(C93-$R$3)/7 -> 86.571429
A94: Chapada I | B94: JOA10-06 | C94: 45873 | D94: 45922 | E94: Rodando | F94: =IF(D94="",TODAY()-C94,"-") -> - | G94: 45919 | H94: Foi solicitada uma boroscopia e identificado trinca no planetário. Será necessária a troca da barra da axis box. | I94: Gearbox | J94: MCE | K94: 05/08: Aguardando MCE. 14/08: Será realizada após a finalização a atividade na JOA01-05. 28/08: Em processo de montagem do Liftra. 04/09: Liftra posicionado, aguardando janela de vento para subida do guindaste principal. 11/09: Liftra já montado. Gearbox já foi trocada. Houve atraso devido a condições de vento e mobilização do guindaste auxiliar. | L94: 1 | M94: Operations - FSO | O94: Invenergy | P94: =IF(O94="Invenergy",IF(F94="-",(D94-C94)*24,F94*24),0) -> 1176 | R94: =(C94-$R$3)/7 -> 83
A95: Chapada I | B95: JOA16-13 | C95: 45898 | D95: 45924 | E95: Rodando | F95: =IF(D95="",TODAY()-C95,"-") -> - | H95: Falha no gerador. Wye Ring | I95: Gerador | J95: UPTOWER REPAIR | K95: 11/09: Aguardando ida da Ecovis. 18/09: Ecovis iniciará o reparo hoje. | M95: Operations - O&M | O95: Invenergy | P95: =IF(O95="Invenergy",IF(F95="-",(D95-C95)*24,F95*24),0) -> 624 | R95: =(C95-$R$3)/7 -> 86.571429
A96: Chapada I | B96: JOA12-12 | C96: 45930 | D96: 45937 | E96: Rodando | F96: =IF(D96="",TODAY()-C96,"-") -> - | H96: Falha do sistema de freio. Sendo investigado | I96: Freio Secundário | J96: Troubleshooting | K96: 02/10: Sendo avaliado se existe algum tipo de dano interno na gearbox, que pode ter causado a falha. | M96: Operations - O&M | O96: Invenergy | P96: =IF(O96="Invenergy",IF(F96="-",(D96-C96)*24,F96*24),0) -> 168 | R96: =(C96-$R$3)/7 -> 91.142857
A97: Chapada I | B97: JOA16-10 | C97: 45937 | D97: 45946 | E97: Rodando | F97: =IF(D97="",TODAY()-C97,"-") -> - | H97: Danos no gerador. Wye ring. | I97: Gerador | J97: UPTOWER REPAIR | K97: 09/10: Aguardando disposição para reparo com Ecovis. 16/10: Ecovis finalizou o reparo dia 14/10. | M97: Operations - O&M | O97: Invenergy | P97: =IF(O97="Invenergy",IF(F97="-",(D97-C97)*24,F97*24),0) -> 216 | R97: =(C97-$R$3)/7 -> 92.142857
A98: Chapada II | B98: JOA 01-08 | C98: 45944 | D98: 45947 | E98: Rodando | F98: =IF(D98="",TODAY()-C98,"-") -> - | H98: Rolamento do HSS rotacionando na sede | I98: Gearbox | J98: UPTOWER REPAIR | K98: 16/10: Time realizando o reparo adicionando shims. 23/10: Reparo finalizado | M98: Operations - O&M | O98: Invenergy | P98: =IF(O98="Invenergy",IF(F98="-",(D98-C98)*24,F98*24),0) -> 72 | R98: =(C98-$R$3)/7 -> 93.142857
A99: Chapada I | B99: JOA09-15 | C99: 45910 | D99: 45950 | E99: Rodando | F99: =IF(D99="",TODAY()-C99,"-") -> - | H99: Dano no main bearing. | I99: Main Bearing | J99: MCE | K99: 11/09: Aguardando MCE. Será a próxima da sequência FW40. 25/09: Pré work finalizado, previsão de início 06/10. 09/10: Guindaste ficará operacional amanhã 10/10. 16/10: Troca em andamento | L99: 0.7 | M99: Operations - FSO | O99: Invenergy | P99: =IF(O99="Invenergy",IF(F99="-",(D99-C99)*24,F99*24),0) -> 960 | R99: =(C99-$R$3)/7 -> 88.285714
A100: Chapada II | B100: JOA01-01 | C100: 45949 | D100: 45953 | E100: Rodando | F100: =IF(D100="",TODAY()-C100,"-") -> - | H100: Troubleshooting de comunicação com placas | I100: Troubleshooting | J100: Troubleshooting | K100: 23/10: Time finalizando troubleshooting de placas | M100: Operations - O&M | O100: Invenergy | P100: =IF(O100="Invenergy",IF(F100="-",(D100-C100)*24,F100*24),0) -> 96 | R100: =(C100-$R$3)/7 -> 93.857143
...

Sheet Planilha4
A3: WTGs paradas | B3: Year
A4: Week | B4: 2025 | C4: 2026
A5: 01 | B5: 12 | C5: 2
A6: 02 | B6: 11 | C6: 3
A7: 03 | B7: 13 | C7: 6
A8: 04 | B8: 15 | C8: 6
A9: 05 | B9: 15 | C9: 7
A10: 06 | B10: 13 | C10: 6
A11: 07 | B11: 18 | C11: 5
A12: 08 | B12: 15 | C12: 6
A13: 09 | B13: 14 | C13: 6
A14: 10 | B14: 13 | C14: 5
A15: 11 | B15: 12 | C15: 4
A16: 12 | B16: 14 | C16: 5
... A56: 52 | B56: 3 | C56: 0

Sheet Dashboard_Auren
I1: Stopped Turbines +7 days - Auren
J34: Quantidade de turbinas paradas - Auren | AJ34: Site | AK34: Alto Sertão 2 | AP34: Status | AQ34: Parada
I35: Quantidade de turbinas paradas | J35: =COUNTIFS('Fonte de Dados - Auren'!E:E,"Parada",'Fonte de Dados - Auren'!F:F,">=7") -> 3 | AJ35: Status | AK35: Parada | AP35: Dias parada | AQ35: (Tudo)
I36: % da frota | J36: =J35/237 -> 0.012658228 | AJ36: Dias parada | AK36: - | AP36: Site | AQ36: Caetés
J38: ALTO SERTÃO 2 | L38: CAETÉS | AJ38: Contagem de WTG | AK38: Rótulos de Coluna | AP38: Contagem de WTG | AQ38: Rótulos de Coluna
I39: Quantidade de turbinas paradas | J39: =COUNTIFS('Fonte de Dados - Auren'!$A:$A,"Alto Sertão 2",'Fonte de Dados - Auren'!$E:$E,"Parada",'Fonte de Dados - Auren'!$F:$F,">=7") -> 0 | L39: =COUNTIFS('Fonte de Dados - Auren'!$A:$A,"Caetés",'Fonte de Dados - Auren'!$E:$E,"Parada",'Fonte de Dados - Auren'!$F:$F,">=7") -> 3 | AJ39: Rótulos de Linha | AK39: Total Geral | AP39: Rótulos de Linha | AQ39: MCE | AR39: UPTOWER REPAIR | AS39: Total Geral
I40: % da frota | J40: =J39/130 -> 0 | L40: =L39/107 -> 0.028037383 | AJ40: Total Geral | AP40: Blade | AR40: 1 | AS40: 1
AP41: Gearbox | AQ41: 1 | AS41: 1
AP42: Pitch Bearing | AQ42: 1 | AS42: 1
AP43: Total Geral | AQ43: 2 | AR43: 1 | AS43: 3

Sheet Fonte de Dados - Auren
H1: Stopped Turbines +7 days - Auren
C4: Data hoje | F4: =TODAY() -> 46290
A5: Site | B5: WTG | C5: Data da parada | D5: Data de retorno | E5: Status | F5: Dias parada | G5: Previsão de Retorno | H5: Motivo | I5: Componente/Subsistema | J5: Brief Description | K5: Ação Pendente / Comentários | L5: %MCE | M5: Responsável pelas Ações | N5: Responsável | O5: Responsável pela Disponibilidade | P5: Horas paradas | Q5: Indisponibilidade TB | R5: 45292
A6: Caetés | B6: EBR04-15 | C6: 46203 | D6: 46220 | E6: Rodando | F6: =IF(D6="",TODAY()-C6,"-") -> - | H6: Troca Pitch Bearing | I6: Pitch Bearing | J6: MCE | K6: 16/07: Máquina parada para troca de pitch bearing. Responsabilidade Auren. | M6: Auren
A7: Caetés | B7: EBR07-12 | C7: 46189 | E7: Parada | F7: =IF(D7="",TODAY()-C7,"-") -> 101 | H7: Reparo de Blade | I7: Blade | J7: UPTOWER REPAIR | K7: 16/07: Máquina parada para reparo de blades. Responsabilidade Auren. 23/07: Reparo em andamento. 30/07: Sem previsão de retorno ainda. 10/09: Auren finalizando o reparo. | M7: Auren
A8: Caetés | B8: EBR02-13 | C8: 46218 | D8: 46220 | E8: Rodando | F8: =IF(D8="",TODAY()-C8,"-") -> - | H8: Troca de rolamento de HSS | I8: Gearbox | J8: UPTOWER REPAIR | K8: 16/07: Troca de rolamento HSS em andamento - time Invenergy. | M8: Invenergy
A9: Caetés | B9: EBR06-08 | C9: 46227 | E9: Parada | F9: =IF(D9="",TODAY()-C9,"-") -> 63 | H9: Falha no Pitch Bearing | I9: Pitch Bearing | J9: MCE | K9: 30/07: Falha no pitch bearing devido a danos internos. Previsão de retorno no início de set/26. 13/08: Auren se planejando para realização da troca. 10/09: Troca será feita com o time de Field Services. | M9: Auren
A10: Alto Sertão 2 | B10: PEL-03 | C10: 46216 | D10: 46227 | E10: Rodando | F10: =IF(D10="",TODAY()-C10,"-") -> - | H10: Troca de Gearbox | I10: Gearbox | J10: MCE | K10: 16/07: Troca de gearbox em andamento. | L10: 1 | M10: Auren
A11: Caetés | B11: EBR04-14 | C11: 46224 | D11: 46235 | E11: Rodando | F11: =IF(D11="",TODAY()-C11,"-") -> - | G11: 46234 | H11: Troca de rolamento de HSS | I11: Gearbox | J11: UPTOWER REPAIR | K11: 16/07: Troca de rolamento HSS em andamento - time Invenergy. 30/07: Previsão de retorno dia 31/07. 06/08: Finalizado | M11: Invenergy
A12: Alto Sertão 2 | B12: PEL-01 | C12: 46217 | D12: 46237 | E12: Rodando | F12: =IF(D12="",TODAY()-C12,"-") -> - | G12: 46235 | H12: Falha da fixação do bus bar | I12: Torre | J12: Troubleshooting | K12: 23/07: Máquina apresenta falha de Yaw Runaway, porém, não é possível atender devido a um dano na fixação do bus bar, o que impede asubida de forma segura à máquina. Tech End fará a correção. Início das atividades ocorrerá em 24/07. 30/07: Tech End realizando os reparos ainda. 06/08: Máquina rodando com 03 YDs | M12: Invenergy
A13: Alto Sertão 2 | B13: PEL-06 | C13: 46237 | D13: 46240 | E13: Rodando | F13: =IF(D13="",TODAY()-C13,"-") -> - | H13: Troca do HSS | I13: Gearbox | J13: UPTOWER REPAIR | K13: 06/08: Auren realizando troca do HSS. | M13: Auren
A14: Alto Sertão 2 | B14: AMT-02 | C14: 46186 | D14: 46247 | E14: Rodando | F14: =IF(D14="",TODAY()-C14,"-") -> - | G14: 46247 | H14: Falha de Gerador | I14: Gerador | J14: UPTOWER REPAIR | K14: 16/07: Aguardando mobilização da Positivo. Realizando treinamento de brigada de incêndio. 23/07: Previsão de mobilização da Positivo para semana que vem (28/07). 30/07: Positivo iniciará o serviço amanhã. 06/08: Positivo trocando cabos do relead. 10/08:Troca dos cabos do relead e reparo do wye ring finalizado no dia 10/08. 11/08: Realizada a isolação dos cabos do slipring e retirada de ferramental e conclusão da cura da resina. WTG em operação. Houve recorrência de falha na sequência. 12/08: Identificado cabo da AEBI em curto, substituído cabo e placa. WTG em operação e houve nova falha. Em troubleshooting em máquina identificou IGBTs estourados. 13/08: Time em turbina para finalizar troubleshooting. Aguardando finalização para retorno a operação. | M14: Invenergy
A15: Caetés | B15: EBR04-09 | C15: 46241 | D15: 46254 | E15: Rodando | F15: =IF(D15="",TODAY()-C15,"-") -> - | H15: Falha no Gerador. | I15: Gerador | J15: UPTOWER REPAIR | K15: 13/08: Identificado falhas nos cabos do relead. Aguardando mobilização da Positivo. Previsão de mobilização para essa semana. | M15: Invenergy
A16: Alto Sertão 2 | B16: BOR-04 | C16: 46252 | D16: 46254 | E16: Rodando | F16: =IF(D16="",TODAY()-C16,"-") -> - | G16: 46255 | H16: Troca do rolamento HSS | I16: Gearbox | J16: UPTOWER REPAIR | K16: 20/08: Auren executando troca do rolamento do HSS. | M16: Auren
A17: Alto Sertão 2 | B17: CAE-10 | C17: 46245 | D17: 46261 | E17: Rodando | F17: =IF(D17="",TODAY()-C17,"-") -> - | G17: 46261 | H17: Falha do pitch drive | I17: Pitch Drive | J17: UPTOWER REPAIR | K17: 20/08: Previsão de chegada do hub crane no parque e início da atividade no dia 23/08. 27/08: Troca sendo realizada. | M17: Invenergy
A18: Caetés | B18: EBR01-02 | C18: 46258 | D18: 46261 | E18: Rodando | F18: =IF(D18="",TODAY()-C18,"-") -> - | G18: 46261 | H18: Troca do rolamento HSS | I18: Gearbox | J18: UPTOWER REPAIR | K18: 27/08: Invenergy executando troca do rolamento do HSS. | M18: Invenergy
A19: Alto Sertão 2 | B19: PEL-03 | C19: 46244 | D19: 46272 | E19: Rodando | F19: =IF(D19="",TODAY()-C19,"-") -> - | H19: Falha no gerador | I19: Gerador | J19: Troubleshooting | K19: 12/08: Realizados testes e identificado danos no wye ring (12/08). 13/08: SS813. Aguardando finalização da abertura do gerador para confirmação do modo de falha. 20/08: Aguardando mobilização da positivo (prevista para terça - 25/08). 27/08: Positivo realizou a inspeção e recomendou a troca. Aguardando devolutiva da Auren. | M19: Invenergy
A20: Caetés | B20: EBR06-02 | C20: 46262 | D20: 46276 | E20: Rodando | F20: =IF(D20="",TODAY()-C20,"-") -> - | H20: Falha da gearbox | I20: Gearbox | J20: MCE | K20: 10/09: Auren solicitou a parada da máquina devido a falha do planetário. 17/09: Troca finalizada. | M20: Auren
A21: Alto Sertão 2 | B21: AMT-02 | C21: 46269 | D21: 46278 | E21: Rodando | F21: =IF(D21="",TODAY()-C21,"-") -> - | H21: Falha de gerador | I21: Gerador | J21: UPTOWER REPAIR | K21: 10/09: Positivo executando o reparo no barramento. | M21: Invenergy
A22: Alto Sertão 2 | B22: PIL-18 | C22: 46213 | D22: 46279 | E22: Rodando | F22: =IF(D22="",TODAY()-C22,"-") -> - | H22: Falha de Main Bearing | I22: Main Bearing | J22: MCE | K22: 16/07: Falha de Main Bearing. Aguardando troca do componente. Em avaliação possibilidade de troca com FSO Invenergy. 23/07: Invenergy contratada para troca. Previsão de guindaste operacional dia 17/08. 13/08: Guindaste só estará operacional a partir do dia 25/08 (info Auren). 20/08: Mobilização do guindaste em andamento. 27/08: Montagem de guindaste em andamento. 10/09: Troca em andamento. | M22: Auren
A23: Alto Sertão 2 | B23: DOU-10 | C23: 46235 | D23: 46279 | E23: Rodando | F23: =IF(D23="",TODAY()-C23,"-") -> - | H23: Falha de Gerador | I23: Gerador | J23: MCE | K23: 06/08: Disposição de troca da engenharia Invenergy. 13/08: Auren executou seus próprios testes em campo e também concluiu para a troca do gerador. 10/09: Aguardando a Auren realizar a troca. | M23: Auren
A24: Caetés | B24: EBR05-13 | C24: 46268 | E24: Parada | F24: =IF(D24="",TODAY()-C24,"-") -> 22 | G24: 46297 | H24: Colapso da gearbox | I24: Gearbox | J24: MCE | K24: 10/09: Houve o colapso da gearbox. 17/09: Auren mobilizando para troca. Previsão de finalização da atividade na semana que vem. Atividade será realizada com Liftra. | M24: Auren
A25: Alto Sertão 2 | B25: MAR-12 | C25: 46260 | D25: 46281 | E25: Rodando | F25: =IF(D25="",TODAY()-C25,"-") -> - | H25: Falha do Wye Ring | I25: Gerador | J25: UPTOWER REPAIR | K25: 10/09: Aguardando mobilização da Positivo. | M25: Invenergy

Sheet Planilha4 - Auren
A3: Soma de Total | B3: Year
A4: Week | B4: 2026
A5: 05 | B5: 0
A6: 06 | B6: 0
A7: 07 | B7: 0
A8: 08 | B8: 0
A9: 09 | B9: 0
A10: 10 | B10: 0
A11: 11 | B11: 0
A12: 12 | B12: 0
A13: 13 | B13: 0
A14: 14 | B14: 0
A15: 15 | B15: 0
A16: 16 | B16: 0
... A52: 52 | B52: 0

Sheet Historic - Auren
A1: YEAR+WEEK | B1: Year | C1: Week | D1: Domingo | E1: Sábado | F1: CAE | G1: AS2 | H1: Total | I1: Turbinas afetadas | J1: SOMA | K1: MÉDIA ACUMULADA | L1: MÉDIA ANUAL | M1: #
A2: 2026W05 | B2: =LEFT(A2,4) -> 2026 | C2: =RIGHT(A2,2) -> 05 | D2: 46048 | E2: =D2+6 -> 46054 | H2: =F2+G2 -> 0 | J2: =SUM(F2:G2) -> 0 | K2: =SUM(F2:G2)/M2 -> 0 | M2: 1 | N2: Registro de turbinas com mais de 7 dias paradas
A3: 2026W06 | B3: =LEFT(A3,4) -> 2026 | C3: =RIGHT(A3,2) -> 06 | D3: =D2+7 -> 46055 | E3: =D3+6 -> 46061 | H3: =F3+G3 -> 0 | J3: =SUM(F3:G3) -> 0 | K3: =SUM(F3:G3)/M3 -> 0 | M3: 2
A4: 2026W07 | B4: =LEFT(A4,4) -> 2026 | C4: =RIGHT(A4,2) -> 07 | D4: =D3+7 -> 46062 | E4: =D4+6 -> 46068 | H4: =F4+G4 -> 0 | J4: =SUM(F4:G4) -> 0 | K4: =SUM(F4:G4)/M4 -> 0 | M4: 3
A5: 2026W08 | B5: =LEFT(A5,4) -> 2026 | C5: =RIGHT(A5,2) -> 08 | D5: =D4+7 -> 46069 | E5: =D5+6 -> 46075 | H5: =F5+G5 -> 0 | J5: =SUM(F5:G5) -> 0 | K5: =SUM(F5:G5)/M5 -> 0 | M5: 4
A6: 2026W09 | B6: =LEFT(A6,4) -> 2026 | C6: =RIGHT(A6,2) -> 09 | D6: =D5+7 -> 46076 | E6: =D6+6 -> 46082 | H6: =F6+G6 -> 0 | J6: =SUM(F6:G6) -> 0 | K6: =SUM(F6:G6)/M6 -> 0 | M6: 5
A7: 2026W10 | B7: =LEFT(A7,4) -> 2026 | C7: =RIGHT(A7,2) -> 10 | D7: =D6+7 -> 46083 | E7: =D7+6 -> 46089 | H7: =F7+G7 -> 0 | J7: =SUM(F7:G7) -> 0 | K7: =SUM(F7:G7)/M7 -> 0 | M7: 6
A8: 2026W11 | B8: =LEFT(A8,4) -> 2026 | C8: =RIGHT(A8,2) -> 11 | D8: =D7+7 -> 46090 | E8: =D8+6 -> 46096 | H8: =F8+G8 -> 0 | J8: =SUM(F8:G8) -> 0 | K8: =SUM(F8:G8)/M8 -> 0 | M8: 7
A9: 2026W12 | B9: =LEFT(A9,4) -> 2026 | C9: =RIGHT(A9,2) -> 12 | D9: =D8+7 -> 46097 | E9: =D9+6 -> 46103 | H9: =F9+G9 -> 0 | J9: =SUM(F9:G9) -> 0 | K9: =SUM(F9:G9)/M9 -> 0 | M9: 8
A10: 2026W13 | B10: =LEFT(A10,4) -> 2026 | C10: =RIGHT(A10,2) -> 13 | D10: =D9+7 -> 46104 | E10: =D10+6 -> 46110 | H10: =F10+G10 -> 0 | J10: =SUM(F10:G10) -> 0 | K10: =SUM(F10:G10)/M10 -> 0 | M10: 9
A11: 2026W14 | B11: =LEFT(A11,4) -> 2026 | C11: =RIGHT(A11,2) -> 14 | D11: =D10+7 -> 46111 | E11: =D11+6 -> 46117 | H11: =F11+G11 -> 0 | J11: =SUM(F11:G11) -> 0 | K11: =SUM(F11:G11)/M11 -> 0 | M11: 10
A12: 2026W15 | B12: =LEFT(A12,4) -> 2026 | C12: =RIGHT(A12,2) -> 15 | D12: =D11+7 -> 46118 | E12: =D12+6 -> 46124 | H12: =F12+G12 -> 0 | J12: =SUM(F12:G12) -> 0 | K12: =SUM(F12:G12)/M12 -> 0 | M12: 11
A13: 2026W16 | B13: =LEFT(A13,4) -> 2026 | C13: =RIGHT(A13,2) -> 16 | D13: =D12+7 -> 46125 | E13: =D13+6 -> 46131 | H13: =F13+G13 -> 0 | J13: =SUM(F13:G13) -> 0 | K13: =SUM(F13:G13)/M13 -> 0 | M13: 12
A14: 2026W17 | B14: =LEFT(A14,4) -> 2026 | C14: =RIGHT(A14,2) -> 17 | D14: =D13+7 -> 46132 | E14: =D14+6 -> 46138 | H14: =F14+G14 -> 0 | J14: =SUM(F14:G14) -> 0 | K14: =SUM(F14:G14)/M14 -> 0 | M14: 13
... A25: 2026W28 | B25: =LEFT(A25,4) -> 2026 | C25: =RIGHT(A25,2) -> 28 | D25: =D24+7 -> 46209 | E25: =D25+6 -> 46215 | H25: =F25+G25 -> 0 | J25: =SUM(F25:G25) -> 0 | K25: =SUM(F25:G25)/M25 -> 0 | M25: 24
A26: 2026W29 | B26: =LEFT(A26,4) -> 2026 | C26: =RIGHT(A26,2) -> 29 | D26: =D25+7 -> 46216 | E26: =D26+6 -> 46222 | F26: 2 | G26: 1 | H26: =F26+G26 -> 3 | J26: =SUM(F26:G26) -> 3 | K26: =SUM(F26:G26)/M26 -> 0.12 | M26: 25
A27: 2026W30 | B27: =LEFT(A27,4) -> 2026 | C27: =RIGHT(A27,2) -> 30 | D27: =D26+7 -> 46223 | E27: =D27+6 -> 46229 | F27: 1 | G27: 4 | H27: =F27+G27 -> 5 | J27: =SUM(F27:G27) -> 5 | K27: =SUM(F27:G27)/M27 -> 0.19230769 | M27: 26
A28: 2026W31 | B28: =LEFT(A28,4) -> 2026 | C28: =RIGHT(A28,2) -> 31 | D28: =D27+7 -> 46230 | E28: =D28+6 -> 46236 | F28: 2 | G28: 3 | H28: =F28+G28 -> 5 | J28: =SUM(F28:G28) -> 5 | K28: =SUM(F28:G28)/M28 -> 0.18518519 | M28: 27
A29: 2026W32 | B29: =LEFT(A29,4) -> 2026 | C29: =RIGHT(A29,2) -> 32 | D29: =D28+7 -> 46237 | E29: =D29+6 -> 46243 | F29: 2 | G29: 2 | H29: =F29+G29 -> 4 | J29: =SUM(F29:G29) -> 4 | K29: =SUM(F29:G29)/M29 -> 0.14285714 | M29: 28
A30: 2026W33 | B30: =LEFT(A30,4) -> 2026 | C30: =RIGHT(A30,2) -> 33 | D30: =D29+7 -> 46244 | E30: =D30+6 -> 46250 | F30: 2 | G30: 2 | H30: =F30+G30 -> 4 | J30: =SUM(F30:G30) -> 4 | K30: =SUM(F30:G30)/M30 -> 0.13793103 | M30: 29
A31: 2026W34 | B31: =LEFT(A31,4) -> 2026 | C31: =RIGHT(A31,2) -> 34 | D31: =D30+7 -> 46251 | E31: =D31+6 -> 46257 | F31: 2 | G31: 4 | H31: =F31+G31 -> 6 | J31: =SUM(F31:G31) -> 6 | K31: =SUM(F31:G31)/M31 -> 0.2 | M31: 30
A32: 2026W35 | B32: =LEFT(A32,4) -> 2026 | C32: =RIGHT(A32,2) -> 35 | D32: =D31+7 -> 46258 | E32: =D32+6 -> 46264 | F32: 2 | G32: 4 | H32: =F32+G32 -> 6 | J32: =SUM(F32:G32) -> 6 | K32: =SUM(F32:G32)/M32 -> 0.19354839 | M32: 31
A33: 2026W36 | B33: =LEFT(A33,4) -> 2026 | C33: =RIGHT(A33,2) -> 36 | D33: =D32+7 -> 46265 | E33: =D33+6 -> 46271 | F33: 4 | G33: 3 | H33: =F33+G33 -> 7 | J33: =SUM(F33:G33) -> 7 | K33: =SUM(F33:G33)/M33 -> 0.21875 | M33: 32
A34: 2026W37 | B34: =LEFT(A34,4) -> 2026 | C34: =RIGHT(A34,2) -> 37 | D34: =D33+7 -> 46272 | E34: =D34+6 -> 46278 | F34: 3 | G34: 0 | H34: =F34+G34 -> 3 | J34: =SUM(F34:G34) -> 3 | K34: =SUM(F34:G34)/M34 -> 0.090909091 | M34: 33
A35: 2026W38 | B35: =LEFT(A35,4) -> 2026 | C35: =RIGHT(A35,2) -> 38 | D35: =D34+7 -> 46279 | E35: =D35+6 -> 46285 | F35: 3 | G35: 0 | H35: =F35+G35 -> 3 | J35: =SUM(F35:G35) -> 3 | K35: =SUM(F35:G35)/M35 -> 0.088235294 | M35: 34
A36: 2026W39 | B36: =LEFT(A36,4) -> 2026 | C36: =RIGHT(A36,2) -> 39 | D36: =D35+7 -> 46286 | E36: =D36+6 -> 46292 | H36: =F36+G36 -> 0 | J36: =SUM(F36:G36) -> 0 | K36: =SUM(F36:G36)/M36 -> 0 | M36: 35
A37: 2026W40 | B37: =LEFT(A37,4) -> 2026 | C37: =RIGHT(A37,2) -> 40 | D37: =D36+7 -> 46293 | E37: =D37+6 -> 46299 | H37: =F37+G37 -> 0 | J37: =SUM(F37:G37) -> 0 | K37: =SUM(F37:G37)/M37 -> 0 | M37: 36
A38: 2026W41 | B38: =LEFT(A38,4) -> 2026 | C38: =RIGHT(A38,2) -> 41 | D38: =D37+7 -> 46300 | E38: =D38+6 -> 46306 | H38: =F38+G38 -> 0 | J38: =SUM(F38:G38) -> 0 | K38: =SUM(F38:G38)/M38 -> 0 | M38: 37
A39: 2026W42 | B39: =LEFT(A39,4) -> 2026 | C39: =RIGHT(A39,2) -> 42 | D39: =D38+7 -> 46307 | E39: =D39+6 -> 46313 | H39: =F39+G39 -> 0 | J39: =SUM(F39:G39) -> 0 | K39: =SUM(F39:G39)/M39 -> 0 | M39: 38
A40: 2026W43 | B40: =LEFT(A40,4) -> 2026 | C40: =RIGHT(A40,2) -> 43 | D40: =D39+7 -> 46314 | E40: =D40+6 -> 46320 | H40: =F40+G40 -> 0 | J40: =SUM(F40:G40) -> 0 | K40: =SUM(F40:G40)/M40 -> 0 | M40: 39
A41: 2026W44 | B41: =LEFT(A41,4) -> 2026 | C41: =RIGHT(A41,2) -> 44 | D41: =D40+7 -> 46321 | E41: =D41+6 -> 46327 | H41: =F41+G41 -> 0 | J41: =SUM(F41:G41) -> 0 | K41: =SUM(F41:G41)/M41 -> 0 | M41: 40
A42: 2026W45 | B42: =LEFT(A42,4) -> 2026 | C42: =RIGHT(A42,2) -> 45 | D42: =D41+7 -> 46328 | E42: =D42+6 -> 46334 | H42: =F42+G42 -> 0 | J42: =SUM(F42:G42) -> 0 | K42: =SUM(F42:G42)/M42 -> 0 | M42: 41
A43: 2026W46 | B43: =LEFT(A43,4) -> 2026 | C43: =RIGHT(A43,2) -> 46 | D43: =D42+7 -> 46335 | E43: =D43+6 -> 46341 | H43: =F43+G43 -> 0 | J43: =SUM(F43:G43) -> 0 | K43: =SUM(F43:G43)/M43 -> 0 | M43: 42
A44: 2026W47 | B44: =LEFT(A44,4) -> 2026 | C44: =RIGHT(A44,2) -> 47 | D44: =D43+7 -> 46342 | E44: =D44+6 -> 46348 | H44: =F44+G44 -> 0 | J44: =SUM(F44:G44) -> 0 | K44: =SUM(F44:G44)/M44 -> 0 | M44: 43
A45: 2026W48 | B45: =LEFT(A45,4) -> 2026 | C45: =RIGHT(A45,2) -> 48 | D45: =D44+7 -> 46349 | E45: =D45+6 -> 46355 | H45: =F45+G45 -> 0 | J45: =SUM(F45:G45) -> 0 | K45: =SUM(F45:G45)/M45 -> 0 | M45: 44
A46: 2026W49 | B46: =LEFT(A46,4) -> 2026 | C46: =RIGHT(A46,2) -> 49 | D46: =D45+7 -> 46356 | E46: =D46+6 -> 46362 | H46: =F46+G46 -> 0 | J46: =SUM(F46:G46) -> 0 | K46: =SUM(F46:G46)/M46 -> 0 | M46: 45
A47: 2026W50 | B47: =LEFT(A47,4) -> 2026 | C47: =RIGHT(A47,2) -> 50 | D47: =D46+7 -> 46363 | E47: =D47+6 -> 46369 | H47: =F47+G47 -> 0 | J47: =SUM(F47:G47) -> 0 | K47: =SUM(F47:G47)/M47 -> 0 | M47: 46
... A49: 2026W52 | B49: =LEFT(A49,4) -> 2026 | C49: =RIGHT(A49,2) -> 52 | D49: =D48+7 -> 46377 | E49: =D49+6 -> 46383 | H49: =F49+G49 -> 0 | J49: =SUM(F49:G49) -> 0 | K49: =SUM(F49:G49)/M49 -> 0 | M49: 48

Sheet Dashboard_V02 (2)
B31: Quantidade de turbinas paradas - Essentia
A32: Quantidade de turbinas paradas | B32: =COUNTIFS('Fonte de Dados - Essentia'!E:E,"Parada",'Fonte de Dados - Essentia'!F:F,">=7") -> 4 | AB32: Status | AC32: Parada | AH32: Status | AI32: Parada
A33: % da frota | B33: =B32/347 -> 0.011527378 | AB33: Dias parada | AC33: - | AH33: Dias parada | AI33: -
B35: ASA BRANCA | D35: CHAPADA | AB35: Contagem de WTG | AC35: Rótulos de Coluna | AH35: Contagem de WTG | AI35: Rótulos de Coluna
A36: Quantidade de turbinas paradas | B36: =COUNTIFS('Fonte de Dados - Essentia'!A:A,"Asa Branca",'Fonte de Dados - Essentia'!E:E,"Parada",'Fonte de Dados - Essentia'!F:F,">=7") -> 0 | D36: =COUNTIFS('Fonte de Dados - Essentia'!E:E,"Parada",'Fonte de Dados - Essentia'!A:A,"Chapada I",'Fonte de Dados - Essentia'!F:F,">=7")+COUNTIFS('Fonte de Dados - Essentia'!E:E,"Parada",'Fonte de Dados - Essentia'!A:A,"Chapada II",'Fonte de Dados - Essentia'!F:F,">=7")+COUNTIFS('Fonte de Dados - Essentia'!E:E,"Parada",'Fonte de Dados - Essentia'!A:A,"Chapada III",'Fonte de Dados - Essentia'!F:F,">=7") -> 4 | AB36: Rótulos de Linha | AC36: Total Geral | AH36: Rótulos de Linha | AI36: Total Geral
A37: % da frota | B37: =B36/100 -> 0 | D37: =D36/247 -> 0.016194332 | AB37: Total Geral | AH37: Total Geral

Sheet YTD Hours
A1: Site | B1: Start Date | C1: # Turbines | D1: YTD Available Hours | E1: YTD Unvavailability of Stopped Turbines
A2: Chapada I | B2: 45566 | C2: 115 | D2: =(TODAY()-B2)*C2*24 -> 1998240 | E2: =SUMIF('Fonte de Dados - Essentia'!A:A,'YTD Hours'!A2,'Fonte de Dados - Essentia'!Q:Q) -> 0.0091652654
A3: Chapada II | B3: 45566 | C3: 100 | D3: =(TODAY()-B3)*C3*24 -> 1737600 | E3: =SUMIF('Fonte de Dados - Essentia'!A:A,'YTD Hours'!A3,'Fonte de Dados - Essentia'!Q:Q) -> 61.579937
A4: Chapada III | B4: 45566 | C4: 32 | D4: =(TODAY()-B4)*C4*24 -> 556032 | E4: =SUMIF('Fonte de Dados - Essentia'!A:A,'YTD Hours'!A4,'Fonte de Dados - Essentia'!Q:Q) -> 0.011999309
A5: Asa Branca | B5: 45566 | C5: 100 | D5: =(TODAY()-B5)*C5*24 -> 1737600 | E5: =SUMIF('Fonte de Dados - Essentia'!A:A,'YTD Hours'!A5,'Fonte de Dados - Essentia'!Q:Q) -> 0.00012430939

Sheet Planilha3
A2: Site | B2: WTG | C2: Data da parada | D2: Data de retorno | E2: Status | F2: Dias parada | G2: Previsão de Retorno | H2: Motivo | I2: Componente/Subsistema | J2: Brief Description | K2: 45658 | L2: 45689 | M2: 45717 | N2: 45748 | O2: 45778 | P2: 45809 | Q2: 45839 | R2: 45870 | S2: 45901
A3: Chapada I | B3: JOA13-15 | C3: 45610 | D3: 45610 | E3: Rodando | F3: =D3-C3 -> 0 | G3: 45610 | H3: Falha de safety chain. | I3: Troubleshooting | J3: Troubleshooting | K3: =IF(AND($C3<=EOMONTH(K$2,0),$D3>=K$2),1,IF(AND($E3="Parada",EOMONTH(K$2,0)>=$C3),1,0)) -> 0 | L3: =IF(AND($C3<=EOMONTH(L$2,0),$D3>=L$2),1,IF(AND($E3="Parada",EOMONTH(L$2,0)>=$C3),1,0)) -> 0 | M3: =IF(AND($C3<=EOMONTH(M$2,0),$D3>=M$2),1,IF(AND($E3="Parada",EOMONTH(M$2,0)>=$C3),1,0)) -> 0 | N3: =IF(AND($C3<=EOMONTH(N$2,0),$D3>=N$2),1,IF(AND($E3="Parada",EOMONTH(N$2,0)>=$C3),1,0)) -> 0 | O3: =IF(AND($C3<=EOMONTH(O$2,0),$D3>=O$2),1,IF(AND($E3="Parada",EOMONTH(O$2,0)>=$C3),1,0)) -> 0 | P3: =IF(AND($C3<=EOMONTH(P$2,0),$D3>=P$2),1,IF(AND($E3="Parada",EOMONTH(P$2,0)>=$C3),1,0)) -> 0 | Q3: =IF(AND($C3<=EOMONTH(Q$2,0),$D3>=Q$2),1,IF(AND($E3="Parada",EOMONTH(Q$2,0)>=$C3),1,0)) -> 0 | R3: =IF(AND($C3<=EOMONTH(R$2,0),$D3>=R$2),1,IF(AND($E3="Parada",EOMONTH(R$2,0)>=$C3),1,0)) -> 0 | S3: =IF(AND($C3<=EOMONTH(S$2,0),$D3>=S$2),1,IF(AND($E3="Parada",EOMONTH(S$2,0)>=$C3),1,0)) -> 0
A4: Asa Branca | B4: AB05-13 | C4: 45609 | D4: 45611 | E4: Rodando | F4: =D4-C4 -> 2 | G4: 45611 | H4: Turbina não passa no teste de baterias do sistema de pitch. | I4: Pitch Battery | J4: Troubleshooting | K4: =IF(AND($C4<=EOMONTH(K$2,0),$D4>=K$2),1,IF(AND($E4="Parada",EOMONTH(K$2,0)>=$C4),1,0)) -> 0 | L4: =IF(AND($C4<=EOMONTH(L$2,0),$D4>=L$2),1,IF(AND($E4="Parada",EOMONTH(L$2,0)>=$C4),1,0)) -> 0 | M4: =IF(AND($C4<=EOMONTH(M$2,0),$D4>=M$2),1,IF(AND($E4="Parada",EOMONTH(M$2,0)>=$C4),1,0)) -> 0 | N4: =IF(AND($C4<=EOMONTH(N$2,0),$D4>=N$2),1,IF(AND($E4="Parada",EOMONTH(N$2,0)>=$C4),1,0)) -> 0 | O4: =IF(AND($C4<=EOMONTH(O$2,0),$D4>=O$2),1,IF(AND($E4="Parada",EOMONTH(O$2,0)>=$C4),1,0)) -> 0 | P4: =IF(AND($C4<=EOMONTH(P$2,0),$D4>=P$2),1,IF(AND($E4="Parada",EOMONTH(P$2,0)>=$C4),1,0)) -> 0 | Q4: =IF(AND($C4<=EOMONTH(Q$2,0),$D4>=Q$2),1,IF(AND($E4="Parada",EOMONTH(Q$2,0)>=$C4),1,0)) -> 0 | R4: =IF(AND($C4<=EOMONTH(R$2,0),$D4>=R$2),1,IF(AND($E4="Parada",EOMONTH(R$2,0)>=$C4),1,0)) -> 0 | S4: =IF(AND($C4<=EOMONTH(S$2,0),$D4>=S$2),1,IF(AND($E4="Parada",EOMONTH(S$2,0)>=$C4),1,0)) -> 0
A5: Chapada II | B5: JOA01-12 | C5: 45607 | D5: 45612 | E5: Rodando | F5: =D5-C5 -> 5 | G5: 45610 | H5: Falha de baterias na axis 1. WEPA da axis 1 está danificada. Estamos utilizando WEPAs reparadas e baterias novas. | I5: Pitch Battery | J5: UPTOWER REPAIR | K5: =IF(AND($C5<=EOMONTH(K$2,0),$D5>=K$2),1,IF(AND($E5="Parada",EOMONTH(K$2,0)>=$C5),1,0)) -> 0 | L5: =IF(AND($C5<=EOMONTH(L$2,0),$D5>=L$2),1,IF(AND($E5="Parada",EOMONTH(L$2,0)>=$C5),1,0)) -> 0 | M5: =IF(AND($C5<=EOMONTH(M$2,0),$D5>=M$2),1,IF(AND($E5="Parada",EOMONTH(M$2,0)>=$C5),1,0)) -> 0 | N5: =IF(AND($C5<=EOMONTH(N$2,0),$D5>=N$2),1,IF(AND($E5="Parada",EOMONTH(N$2,0)>=$C5),1,0)) -> 0 | O5: =IF(AND($C5<=EOMONTH(O$2,0),$D5>=O$2),1,IF(AND($E5="Parada",EOMONTH(O$2,0)>=$C5),1,0)) -> 0 | P5: =IF(AND($C5<=EOMONTH(P$2,0),$D5>=P$2),1,IF(AND($E5="Parada",EOMONTH(P$2,0)>=$C5),1,0)) -> 0 | Q5: =IF(AND($C5<=EOMONTH(Q$2,0),$D5>=Q$2),1,IF(AND($E5="Parada",EOMONTH(Q$2,0)>=$C5),1,0)) -> 0 | R5: =IF(AND($C5<=EOMONTH(R$2,0),$D5>=R$2),1,IF(AND($E5="Parada",EOMONTH(R$2,0)>=$C5),1,0)) -> 0 | S5: =IF(AND($C5<=EOMONTH(S$2,0),$D5>=S$2),1,IF(AND($E5="Parada",EOMONTH(S$2,0)>=$C5),1,0)) -> 0
A6: Asa Branca | B6: AB06-06 | C6: 45606 | D6: 45613 | E6: Rodando | F6: =D6-C6 -> 7 | G6: 45610 | H6: Turbina não passa no teste de baterias do sistema de pitch. | I6: Pitch Battery | J6: Troubleshooting | K6: =IF(AND($C6<=EOMONTH(K$2,0),$D6>=K$2),1,IF(AND($E6="Parada",EOMONTH(K$2,0)>=$C6),1,0)) -> 0 | L6: =IF(AND($C6<=EOMONTH(L$2,0),$D6>=L$2),1,IF(AND($E6="Parada",EOMONTH(L$2,0)>=$C6),1,0)) -> 0 | M6: =IF(AND($C6<=EOMONTH(M$2,0),$D6>=M$2),1,IF(AND($E6="Parada",EOMONTH(M$2,0)>=$C6),1,0)) -> 0 | N6: =IF(AND($C6<=EOMONTH(N$2,0),$D6>=N$2),1,IF(AND($E6="Parada",EOMONTH(N$2,0)>=$C6),1,0)) -> 0 | O6: =IF(AND($C6<=EOMONTH(O$2,0),$D6>=O$2),1,IF(AND($E6="Parada",EOMONTH(O$2,0)>=$C6),1,0)) -> 0 | P6: =IF(AND($C6<=EOMONTH(P$2,0),$D6>=P$2),1,IF(AND($E6="Parada",EOMONTH(P$2,0)>=$C6),1,0)) -> 0 | Q6: =IF(AND($C6<=EOMONTH(Q$2,0),$D6>=Q$2),1,IF(AND($E6="Parada",EOMONTH(Q$2,0)>=$C6),1,0)) -> 0 | R6: =IF(AND($C6<=EOMONTH(R$2,0),$D6>=R$2),1,IF(AND($E6="Parada",EOMONTH(R$2,0)>=$C6),1,0)) -> 0 | S6: =IF(AND($C6<=EOMONTH(S$2,0),$D6>=S$2),1,IF(AND($E6="Parada",EOMONTH(S$2,0)>=$C6),1,0)) -> 0
A7: Chapada II | B7: JOA04-14 | C7: 45600 | D7: 45616 | E7: Rodando | F7: =D7-C7 -> 16 | G7: 45615 | H7: Danos no gerador, curto no wye ring. | I7: Gerador | J7: UPTOWER REPAIR | K7: =IF(AND($C7<=EOMONTH(K$2,0),$D7>=K$2),1,IF(AND($E7="Parada",EOMONTH(K$2,0)>=$C7),1,0)) -> 0 | L7: =IF(AND($C7<=EOMONTH(L$2,0),$D7>=L$2),1,IF(AND($E7="Parada",EOMONTH(L$2,0)>=$C7),1,0)) -> 0 | M7: =IF(AND($C7<=EOMONTH(M$2,0),$D7>=M$2),1,IF(AND($E7="Parada",EOMONTH(M$2,0)>=$C7),1,0)) -> 0 | N7: =IF(AND($C7<=EOMONTH(N$2,0),$D7>=N$2),1,IF(AND($E7="Parada",EOMONTH(N$2,0)>=$C7),1,0)) -> 0 | O7: =IF(AND($C7<=EOMONTH(O$2,0),$D7>=O$2),1,IF(AND($E7="Parada",EOMONTH(O$2,0)>=$C7),1,0)) -> 0 | P7: =IF(AND($C7<=EOMONTH(P$2,0),$D7>=P$2),1,IF(AND($E7="Parada",EOMONTH(P$2,0)>=$C7),1,0)) -> 0 | Q7: =IF(AND($C7<=EOMONTH(Q$2,0),$D7>=Q$2),1,IF(AND($E7="Parada",EOMONTH(Q$2,0)>=$C7),1,0)) -> 0 | R7: =IF(AND($C7<=EOMONTH(R$2,0),$D7>=R$2),1,IF(AND($E7="Parada",EOMONTH(R$2,0)>=$C7),1,0)) -> 0 | S7: =IF(AND($C7<=EOMONTH(S$2,0),$D7>=S$2),1,IF(AND($E7="Parada",EOMONTH(S$2,0)>=$C7),1,0)) -> 0
A8: Chapada II | B8: JOA03-06 | C8: 45615 | D8: 45618 | E8: Rodando | F8: =D8-C8 -> 3 | G8: 45618 | H8: Quebra da barra de suporte da axis box. | I8: Pitch Axis Box | J8: UPTOWER REPAIR | K8: =IF(AND($C8<=EOMONTH(K$2,0),$D8>=K$2),1,IF(AND($E8="Parada",EOMONTH(K$2,0)>=$C8),1,0)) -> 0 | L8: =IF(AND($C8<=EOMONTH(L$2,0),$D8>=L$2),1,IF(AND($E8="Parada",EOMONTH(L$2,0)>=$C8),1,0)) -> 0 | M8: =IF(AND($C8<=EOMONTH(M$2,0),$D8>=M$2),1,IF(AND($E8="Parada",EOMONTH(M$2,0)>=$C8),1,0)) -> 0 | N8: =IF(AND($C8<=EOMONTH(N$2,0),$D8>=N$2),1,IF(AND($E8="Parada",EOMONTH(N$2,0)>=$C8),1,0)) -> 0 | O8: =IF(AND($C8<=EOMONTH(O$2,0),$D8>=O$2),1,IF(AND($E8="Parada",EOMONTH(O$2,0)>=$C8),1,0)) -> 0 | P8: =IF(AND($C8<=EOMONTH(P$2,0),$D8>=P$2),1,IF(AND($E8="Parada",EOMONTH(P$2,0)>=$C8),1,0)) -> 0 | Q8: =IF(AND($C8<=EOMONTH(Q$2,0),$D8>=Q$2),1,IF(AND($E8="Parada",EOMONTH(Q$2,0)>=$C8),1,0)) -> 0 | R8: =IF(AND($C8<=EOMONTH(R$2,0),$D8>=R$2),1,IF(AND($E8="Parada",EOMONTH(R$2,0)>=$C8),1,0)) -> 0 | S8: =IF(AND($C8<=EOMONTH(S$2,0),$D8>=S$2),1,IF(AND($E8="Parada",EOMONTH(S$2,0)>=$C8),1,0)) -> 0
A9: Chapada I | B9: JOA11-10 | C9: 45566 | D9: 45622 | E9: Rodando | F9: =D9-C9 -> 56 | G9: 45607 | H9: Troca de Gearbox. | I9: Gearbox | J9: MCE | K9: =IF(AND($C9<=EOMONTH(K$2,0),$D9>=K$2),1,IF(AND($E9="Parada",EOMONTH(K$2,0)>=$C9),1,0)) -> 0 | L9: =IF(AND($C9<=EOMONTH(L$2,0),$D9>=L$2),1,IF(AND($E9="Parada",EOMONTH(L$2,0)>=$C9),1,0)) -> 0 | M9: =IF(AND($C9<=EOMONTH(M$2,0),$D9>=M$2),1,IF(AND($E9="Parada",EOMONTH(M$2,0)>=$C9),1,0)) -> 0 | N9: =IF(AND($C9<=EOMONTH(N$2,0),$D9>=N$2),1,IF(AND($E9="Parada",EOMONTH(N$2,0)>=$C9),1,0)) -> 0 | O9: =IF(AND($C9<=EOMONTH(O$2,0),$D9>=O$2),1,IF(AND($E9="Parada",EOMONTH(O$2,0)>=$C9),1,0)) -> 0 | P9: =IF(AND($C9<=EOMONTH(P$2,0),$D9>=P$2),1,IF(AND($E9="Parada",EOMONTH(P$2,0)>=$C9),1,0)) -> 0 | Q9: =IF(AND($C9<=EOMONTH(Q$2,0),$D9>=Q$2),1,IF(AND($E9="Parada",EOMONTH(Q$2,0)>=$C9),1,0)) -> 0 | R9: =IF(AND($C9<=EOMONTH(R$2,0),$D9>=R$2),1,IF(AND($E9="Parada",EOMONTH(R$2,0)>=$C9),1,0)) -> 0 | S9: =IF(AND($C9<=EOMONTH(S$2,0),$D9>=S$2),1,IF(AND($E9="Parada",EOMONTH(S$2,0)>=$C9),1,0)) -> 0
A10: Chapada I | B10: JOA11-14 | C10: 45566 | D10: 45622 | E10: Rodando | F10: =D10-C10 -> 56 | G10: 45618 | H10: Troca de Gerador. | I10: Gerador | K10: =IF(AND($C10<=EOMONTH(K$2,0),$D10>=K$2),1,IF(AND($E10="Parada",EOMONTH(K$2,0)>=$C10),1,0)) -> 0 | L10: =IF(AND($C10<=EOMONTH(L$2,0),$D10>=L$2),1,IF(AND($E10="Parada",EOMONTH(L$2,0)>=$C10),1,0)) -> 0 | M10: =IF(AND($C10<=EOMONTH(M$2,0),$D10>=M$2),1,IF(AND($E10="Parada",EOMONTH(M$2,0)>=$C10),1,0)) -> 0 | N10: =IF(AND($C10<=EOMONTH(N$2,0),$D10>=N$2),1,IF(AND($E10="Parada",EOMONTH(N$2,0)>=$C10),1,0)) -> 0 | O10: =IF(AND($C10<=EOMONTH(O$2,0),$D10>=O$2),1,IF(AND($E10="Parada",EOMONTH(O$2,0)>=$C10),1,0)) -> 0 | P10: =IF(AND($C10<=EOMONTH(P$2,0),$D10>=P$2),1,IF(AND($E10="Parada",EOMONTH(P$2,0)>=$C10),1,0)) -> 0 | Q10: =IF(AND($C10<=EOMONTH(Q$2,0),$D10>=Q$2),1,IF(AND($E10="Parada",EOMONTH(Q$2,0)>=$C10),1,0)) -> 0 | R10: =IF(AND($C10<=EOMONTH(R$2,0),$D10>=R$2),1,IF(AND($E10="Parada",EOMONTH(R$2,0)>=$C10),1,0)) -> 0 | S10: =IF(AND($C10<=EOMONTH(S$2,0),$D10>=S$2),1,IF(AND($E10="Parada",EOMONTH(S$2,0)>=$C10),1,0)) -> 0
A11: Chapada III | B11: AUG05-12 | C11: 45601 | D11: 45624 | E11: Rodando | F11: =D11-C11 -> 23 | G11: 45625 | H11: Pitch controller colective fault. | I11: Pitch System | J11: Troubleshooting | K11: =IF(AND($C11<=EOMONTH(K$2,0),$D11>=K$2),1,IF(AND($E11="Parada",EOMONTH(K$2,0)>=$C11),1,0)) -> 0 | L11: =IF(AND($C11<=EOMONTH(L$2,0),$D11>=L$2),1,IF(AND($E11="Parada",EOMONTH(L$2,0)>=$C11),1,0)) -> 0 | M11: =IF(AND($C11<=EOMONTH(M$2,0),$D11>=M$2),1,IF(AND($E11="Parada",EOMONTH(M$2,0)>=$C11),1,0)) -> 0 | N11: =IF(AND($C11<=EOMONTH(N$2,0),$D11>=N$2),1,IF(AND($E11="Parada",EOMONTH(N$2,0)>=$C11),1,0)) -> 0 | O11: =IF(AND($C11<=EOMONTH(O$2,0),$D11>=O$2),1,IF(AND($E11="Parada",EOMONTH(O$2,0)>=$C11),1,0)) -> 0 | P11: =IF(AND($C11<=EOMONTH(P$2,0),$D11>=P$2),1,IF(AND($E11="Parada",EOMONTH(P$2,0)>=$C11),1,0)) -> 0 | Q11: =IF(AND($C11<=EOMONTH(Q$2,0),$D11>=Q$2),1,IF(AND($E11="Parada",EOMONTH(Q$2,0)>=$C11),1,0)) -> 0 | R11: =IF(AND($C11<=EOMONTH(R$2,0),$D11>=R$2),1,IF(AND($E11="Parada",EOMONTH(R$2,0)>=$C11),1,0)) -> 0 | S11: =IF(AND($C11<=EOMONTH(S$2,0),$D11>=S$2),1,IF(AND($E11="Parada",EOMONTH(S$2,0)>=$C11),1,0)) -> 0
A12: Chapada I | B12: JOA12-17 | C12: 45567 | D12: 45625 | E12: Rodando | F12: =D12-C12 -> 58 | G12: 45625 | H12: Reparo executado no wye ring do gerador, porém, apresentou falha de fuga de corrente no terra. | I12: Gerador | J12: UPTOWER REPAIR | K12: =IF(AND($C12<=EOMONTH(K$2,0),$D12>=K$2),1,IF(AND($E12="Parada",EOMONTH(K$2,0)>=$C12),1,0)) -> 0 | L12: =IF(AND($C12<=EOMONTH(L$2,0),$D12>=L$2),1,IF(AND($E12="Parada",EOMONTH(L$2,0)>=$C12),1,0)) -> 0 | M12: =IF(AND($C12<=EOMONTH(M$2,0),$D12>=M$2),1,IF(AND($E12="Parada",EOMONTH(M$2,0)>=$C12),1,0)) -> 0 | N12: =IF(AND($C12<=EOMONTH(N$2,0),$D12>=N$2),1,IF(AND($E12="Parada",EOMONTH(N$2,0)>=$C12),1,0)) -> 0 | O12: =IF(AND($C12<=EOMONTH(O$2,0),$D12>=O$2),1,IF(AND($E12="Parada",EOMONTH(O$2,0)>=$C12),1,0)) -> 0 | P12: =IF(AND($C12<=EOMONTH(P$2,0),$D12>=P$2),1,IF(AND($E12="Parada",EOMONTH(P$2,0)>=$C12),1,0)) -> 0 | Q12: =IF(AND($C12<=EOMONTH(Q$2,0),$D12>=Q$2),1,IF(AND($E12="Parada",EOMONTH(Q$2,0)>=$C12),1,0)) -> 0 | R12: =IF(AND($C12<=EOMONTH(R$2,0),$D12>=R$2),1,IF(AND($E12="Parada",EOMONTH(R$2,0)>=$C12),1,0)) -> 0 | S12: =IF(AND($C12<=EOMONTH(S$2,0),$D12>=S$2),1,IF(AND($E12="Parada",EOMONTH(S$2,0)>=$C12),1,0)) -> 0
A13: Chapada I | B13: JOA12-04 | C13: 45566 | D13: 45632 | E13: Rodando | F13: =D13-C13 -> 66 | G13: 45625 | H13: Troca de Gerador. Aguardando MCE. | I13: Gerador | K13: =IF(AND($C13<=EOMONTH(K$2,0),$D13>=K$2),1,IF(AND($E13="Parada",EOMONTH(K$2,0)>=$C13),1,0)) -> 0 | L13: =IF(AND($C13<=EOMONTH(L$2,0),$D13>=L$2),1,IF(AND($E13="Parada",EOMONTH(L$2,0)>=$C13),1,0)) -> 0 | M13: =IF(AND($C13<=EOMONTH(M$2,0),$D13>=M$2),1,IF(AND($E13="Parada",EOMONTH(M$2,0)>=$C13),1,0)) -> 0 | N13: =IF(AND($C13<=EOMONTH(N$2,0),$D13>=N$2),1,IF(AND($E13="Parada",EOMONTH(N$2,0)>=$C13),1,0)) -> 0 | O13: =IF(AND($C13<=EOMONTH(O$2,0),$D13>=O$2),1,IF(AND($E13="Parada",EOMONTH(O$2,0)>=$C13),1,0)) -> 0 | P13: =IF(AND($C13<=EOMONTH(P$2,0),$D13>=P$2),1,IF(AND($E13="Parada",EOMONTH(P$2,0)>=$C13),1,0)) -> 0 | Q13: =IF(AND($C13<=EOMONTH(Q$2,0),$D13>=Q$2),1,IF(AND($E13="Parada",EOMONTH(Q$2,0)>=$C13),1,0)) -> 0 | R13: =IF(AND($C13<=EOMONTH(R$2,0),$D13>=R$2),1,IF(AND($E13="Parada",EOMONTH(R$2,0)>=$C13),1,0)) -> 0 | S13: =IF(AND($C13<=EOMONTH(S$2,0),$D13>=S$2),1,IF(AND($E13="Parada",EOMONTH(S$2,0)>=$C13),1,0)) -> 0
A14: Chapada II | B14: JOA07-06 | C14: 45566 | D14: 45637 | E14: Rodando | F14: =D14-C14 -> 71 | G14: 45632 | H14: Danos no gerador, curto no wye ring. | I14: Gerador | K14: =IF(AND($C14<=EOMONTH(K$2,0),$D14>=K$2),1,IF(AND($E14="Parada",EOMONTH(K$2,0)>=$C14),1,0)) -> 0 | L14: =IF(AND($C14<=EOMONTH(L$2,0),$D14>=L$2),1,IF(AND($E14="Parada",EOMONTH(L$2,0)>=$C14),1,0)) -> 0 | M14: =IF(AND($C14<=EOMONTH(M$2,0),$D14>=M$2),1,IF(AND($E14="Parada",EOMONTH(M$2,0)>=$C14),1,0)) -> 0 | N14: =IF(AND($C14<=EOMONTH(N$2,0),$D14>=N$2),1,IF(AND($E14="Parada",EOMONTH(N$2,0)>=$C14),1,0)) -> 0 | O14: =IF(AND($C14<=EOMONTH(O$2,0),$D14>=O$2),1,IF(AND($E14="Parada",EOMONTH(O$2,0)>=$C14),1,0)) -> 0 | P14: =IF(AND($C14<=EOMONTH(P$2,0),$D14>=P$2),1,IF(AND($E14="Parada",EOMONTH(P$2,0)>=$C14),1,0)) -> 0 | Q14: =IF(AND($C14<=EOMONTH(Q$2,0),$D14>=Q$2),1,IF(AND($E14="Parada",EOMONTH(Q$2,0)>=$C14),1,0)) -> 0 | R14: =IF(AND($C14<=EOMONTH(R$2,0),$D14>=R$2),1,IF(AND($E14="Parada",EOMONTH(R$2,0)>=$C14),1,0)) -> 0 | S14: =IF(AND($C14<=EOMONTH(S$2,0),$D14>=S$2),1,IF(AND($E14="Parada",EOMONTH(S$2,0)>=$C14),1,0)) -> 0
A15: Asa Branca | B15: AB06-08 | C15: 45607 | D15: 45637 | E15: Rodando | F15: =D15-C15 -> 30 | G15: 45637 | H15: Danos no gerador, curto no wye ring. | I15: Gerador | J15: UPTOWER REPAIR | K15: =IF(AND($C15<=EOMONTH(K$2,0),$D15>=K$2),1,IF(AND($E15="Parada",EOMONTH(K$2,0)>=$C15),1,0)) -> 0 | L15: =IF(AND($C15<=EOMONTH(L$2,0),$D15>=L$2),1,IF(AND($E15="Parada",EOMONTH(L$2,0)>=$C15),1,0)) -> 0 | M15: =IF(AND($C15<=EOMONTH(M$2,0),$D15>=M$2),1,IF(AND($E15="Parada",EOMONTH(M$2,0)>=$C15),1,0)) -> 0 | N15: =IF(AND($C15<=EOMONTH(N$2,0),$D15>=N$2),1,IF(AND($E15="Parada",EOMONTH(N$2,0)>=$C15),1,0)) -> 0 | O15: =IF(AND($C15<=EOMONTH(O$2,0),$D15>=O$2),1,IF(AND($E15="Parada",EOMONTH(O$2,0)>=$C15),1,0)) -> 0 | P15: =IF(AND($C15<=EOMONTH(P$2,0),$D15>=P$2),1,IF(AND($E15="Parada",EOMONTH(P$2,0)>=$C15),1,0)) -> 0 | Q15: =IF(AND($C15<=EOMONTH(Q$2,0),$D15>=Q$2),1,IF(AND($E15="Parada",EOMONTH(Q$2,0)>=$C15),1,0)) -> 0 | R15: =IF(AND($C15<=EOMONTH(R$2,0),$D15>=R$2),1,IF(AND($E15="Parada",EOMONTH(R$2,0)>=$C15),1,0)) -> 0 | S15: =IF(AND($C15<=EOMONTH(S$2,0),$D15>=S$2),1,IF(AND($E15="Parada",EOMONTH(S$2,0)>=$C15),1,0)) -> 0
A16: Chapada I | B16: JOA12-16 | C16: 45614 | D16: 45645 | E16: Rodando | F16: =D16-C16 -> 31 | G16: 45646 | H16: Gerador com curto de corrente para o terra. Aguardando MCE. | I16: Gerador | J16: MCE | K16: =IF(AND($C16<=EOMONTH(K$2,0),$D16>=K$2),1,IF(AND($E16="Parada",EOMONTH(K$2,0)>=$C16),1,0)) -> 0 | L16: =IF(AND($C16<=EOMONTH(L$2,0),$D16>=L$2),1,IF(AND($E16="Parada",EOMONTH(L$2,0)>=$C16),1,0)) -> 0 | M16: =IF(AND($C16<=EOMONTH(M$2,0),$D16>=M$2),1,IF(AND($E16="Parada",EOMONTH(M$2,0)>=$C16),1,0)) -> 0 | N16: =IF(AND($C16<=EOMONTH(N$2,0),$D16>=N$2),1,IF(AND($E16="Parada",EOMONTH(N$2,0)>=$C16),1,0)) -> 0 | O16: =IF(AND($C16<=EOMONTH(O$2,0),$D16>=O$2),1,IF(AND($E16="Parada",EOMONTH(O$2,0)>=$C16),1,0)) -> 0 | P16: =IF(AND($C16<=EOMONTH(P$2,0),$D16>=P$2),1,IF(AND($E16="Parada",EOMONTH(P$2,0)>=$C16),1,0)) -> 0 | Q16: =IF(AND($C16<=EOMONTH(Q$2,0),$D16>=Q$2),1,IF(AND($E16="Parada",EOMONTH(Q$2,0)>=$C16),1,0)) -> 0 | R16: =IF(AND($C16<=EOMONTH(R$2,0),$D16>=R$2),1,IF(AND($E16="Parada",EOMONTH(R$2,0)>=$C16),1,0)) -> 0 | S16: =IF(AND($C16<=EOMONTH(S$2,0),$D16>=S$2),1,IF(AND($E16="Parada",EOMONTH(S$2,0)>=$C16),1,0)) -> 0
A17: Chapada I | B17: JOA12-11 | C17: 45595 | D17: 45646 | E17: Rodando | F17: =D17-C17 -> 51 | G17: 45646 | H17: MCE concluída. Corretiva pendente | I17: Pitch Bearing | J17: Troubleshooting | K17: =IF(AND($C17<=EOMONTH(K$2,0),$D17>=K$2),1,IF(AND($E17="Parada",EOMONTH(K$2,0)>=$C17),1,0)) -> 0 | L17: =IF(AND($C17<=EOMONTH(L$2,0),$D17>=L$2),1,IF(AND($E17="Parada",EOMONTH(L$2,0)>=$C17),1,0)) -> 0 | M17: =IF(AND($C17<=EOMONTH(M$2,0),$D17>=M$2),1,IF(AND($E17="Parada",EOMONTH(M$2,0)>=$C17),1,0)) -> 0 | N17: =IF(AND($C17<=EOMONTH(N$2,0),$D17>=N$2),1,IF(AND($E17="Parada",EOMONTH(N$2,0)>=$C17),1,0)) -> 0 | O17: =IF(AND($C17<=EOMONTH(O$2,0),$D17>=O$2),1,IF(AND($E17="Parada",EOMONTH(O$2,0)>=$C17),1,0)) -> 0 | P17: =IF(AND($C17<=EOMONTH(P$2,0),$D17>=P$2),1,IF(AND($E17="Parada",EOMONTH(P$2,0)>=$C17),1,0)) -> 0 | Q17: =IF(AND($C17<=EOMONTH(Q$2,0),$D17>=Q$2),1,IF(AND($E17="Parada",EOMONTH(Q$2,0)>=$C17),1,0)) -> 0 | R17: =IF(AND($C17<=EOMONTH(R$2,0),$D17>=R$2),1,IF(AND($E17="Parada",EOMONTH(R$2,0)>=$C17),1,0)) -> 0 | S17: =IF(AND($C17<=EOMONTH(S$2,0),$D17>=S$2),1,IF(AND($E17="Parada",EOMONTH(S$2,0)>=$C17),1,0)) -> 0
A18: Chapada II | B18: JOA05-05 | C18: 45581 | D18: 45652 | E18: Rodando | F18: =D18-C18 -> 71 | G18: 45652 | H18: MCE concluída. Corretivas pendentes. | I18: Top Box | J18: UPTOWER REPAIR | K18: =IF(AND($C18<=EOMONTH(K$2,0),$D18>=K$2),1,IF(AND($E18="Parada",EOMONTH(K$2,0)>=$C18),1,0)) -> 0 | L18: =IF(AND($C18<=EOMONTH(L$2,0),$D18>=L$2),1,IF(AND($E18="Parada",EOMONTH(L$2,0)>=$C18),1,0)) -> 0 | M18: =IF(AND($C18<=EOMONTH(M$2,0),$D18>=M$2),1,IF(AND($E18="Parada",EOMONTH(M$2,0)>=$C18),1,0)) -> 0 | N18: =IF(AND($C18<=EOMONTH(N$2,0),$D18>=N$2),1,IF(AND($E18="Parada",EOMONTH(N$2,0)>=$C18),1,0)) -> 0 | O18: =IF(AND($C18<=EOMONTH(O$2,0),$D18>=O$2),1,IF(AND($E18="Parada",EOMONTH(O$2,0)>=$C18),1,0)) -> 0 | P18: =IF(AND($C18<=EOMONTH(P$2,0),$D18>=P$2),1,IF(AND($E18="Parada",EOMONTH(P$2,0)>=$C18),1,0)) -> 0 | Q18: =IF(AND($C18<=EOMONTH(Q$2,0),$D18>=Q$2),1,IF(AND($E18="Parada",EOMONTH(Q$2,0)>=$C18),1,0)) -> 0 | R18: =IF(AND($C18<=EOMONTH(R$2,0),$D18>=R$2),1,IF(AND($E18="Parada",EOMONTH(R$2,0)>=$C18),1,0)) -> 0 | S18: =IF(AND($C18<=EOMONTH(S$2,0),$D18>=S$2),1,IF(AND($E18="Parada",EOMONTH(S$2,0)>=$C18),1,0)) -> 0
A19: Chapada I | B19: JOA11-12 | C19: 45643 | D19: 45659 | E19: Rodando | F19: =D19-C19 -> 16 | G19: 45660 | H19: Dano no wye ring. | I19: Gerador | J19: UPTOWER REPAIR | K19: =IF(AND($C19<=EOMONTH(K$2,0),$D19>=K$2),1,IF(AND($E19="Parada",EOMONTH(K$2,0)>=$C19),1,0)) -> 1 | L19: =IF(AND($C19<=EOMONTH(L$2,0),$D19>=L$2),1,IF(AND($E19="Parada",EOMONTH(L$2,0)>=$C19),1,0)) -> 0 | M19: =IF(AND($C19<=EOMONTH(M$2,0),$D19>=M$2),1,IF(AND($E19="Parada",EOMONTH(M$2,0)>=$C19),1,0)) -> 0 | N19: =IF(AND($C19<=EOMONTH(N$2,0),$D19>=N$2),1,IF(AND($E19="Parada",EOMONTH(N$2,0)>=$C19),1,0)) -> 0 | O19: =IF(AND($C19<=EOMONTH(O$2,0),$D19>=O$2),1,IF(AND($E19="Parada",EOMONTH(O$2,0)>=$C19),1,0)) -> 0 | P19: =IF(AND($C19<=EOMONTH(P$2,0),$D19>=P$2),1,IF(AND($E19="Parada",EOMONTH(P$2,0)>=$C19),1,0)) -> 0 | Q19: =IF(AND($C19<=EOMONTH(Q$2,0),$D19>=Q$2),1,IF(AND($E19="Parada",EOMONTH(Q$2,0)>=$C19),1,0)) -> 0 | R19: =IF(AND($C19<=EOMONTH(R$2,0),$D19>=R$2),1,IF(AND($E19="Parada",EOMONTH(R$2,0)>=$C19),1,0)) -> 0 | S19: =IF(AND($C19<=EOMONTH(S$2,0),$D19>=S$2),1,IF(AND($E19="Parada",EOMONTH(S$2,0)>=$C19),1,0)) -> 0
A20: Chapada I | B20: JOA10-04 | C20: 45633 | D20: 45665 | E20: Rodando | F20: =D20-C20 -> 32 | G20: 45660 | H20: Danos no gerador, curto no wye ring e cabo de releed. | I20: Gerador | J20: UPTOWER REPAIR | K20: =IF(AND($C20<=EOMONTH(K$2,0),$D20>=K$2),1,IF(AND($E20="Parada",EOMONTH(K$2,0)>=$C20),1,0)) -> 1 | L20: =IF(AND($C20<=EOMONTH(L$2,0),$D20>=L$2),1,IF(AND($E20="Parada",EOMONTH(L$2,0)>=$C20),1,0)) -> 0 | M20: =IF(AND($C20<=EOMONTH(M$2,0),$D20>=M$2),1,IF(AND($E20="Parada",EOMONTH(M$2,0)>=$C20),1,0)) -> 0 | N20: =IF(AND($C20<=EOMONTH(N$2,0),$D20>=N$2),1,IF(AND($E20="Parada",EOMONTH(N$2,0)>=$C20),1,0)) -> 0 | O20: =IF(AND($C20<=EOMONTH(O$2,0),$D20>=O$2),1,IF(AND($E20="Parada",EOMONTH(O$2,0)>=$C20),1,0)) -> 0 | P20: =IF(AND($C20<=EOMONTH(P$2,0),$D20>=P$2),1,IF(AND($E20="Parada",EOMONTH(P$2,0)>=$C20),1,0)) -> 0 | Q20: =IF(AND($C20<=EOMONTH(Q$2,0),$D20>=Q$2),1,IF(AND($E20="Parada",EOMONTH(Q$2,0)>=$C20),1,0)) -> 0 | R20: =IF(AND($C20<=EOMONTH(R$2,0),$D20>=R$2),1,IF(AND($E20="Parada",EOMONTH(R$2,0)>=$C20),1,0)) -> 0 | S20: =IF(AND($C20<=EOMONTH(S$2,0),$D20>=S$2),1,IF(AND($E20="Parada",EOMONTH(S$2,0)>=$C20),1,0)) -> 0
A21: Chapada I | B21: JOA11-11 | C21: 45652 | D21: 45665 | E21: Rodando | F21: =D21-C21 -> 13 | H21: Falhas nas baterias de pitch devido à danos no rolamento. | I21: Pitch Bearing | J21: UPTOWER REPAIR | K21: =IF(AND($C21<=EOMONTH(K$2,0),$D21>=K$2),1,IF(AND($E21="Parada",EOMONTH(K$2,0)>=$C21),1,0)) -> 1 | L21: =IF(AND($C21<=EOMONTH(L$2,0),$D21>=L$2),1,IF(AND($E21="Parada",EOMONTH(L$2,0)>=$C21),1,0)) -> 0 | M21: =IF(AND($C21<=EOMONTH(M$2,0),$D21>=M$2),1,IF(AND($E21="Parada",EOMONTH(M$2,0)>=$C21),1,0)) -> 0 | N21: =IF(AND($C21<=EOMONTH(N$2,0),$D21>=N$2),1,IF(AND($E21="Parada",EOMONTH(N$2,0)>=$C21),1,0)) -> 0 | O21: =IF(AND($C21<=EOMONTH(O$2,0),$D21>=O$2),1,IF(AND($E21="Parada",EOMONTH(O$2,0)>=$C21),1,0)) -> 0 | P21: =IF(AND($C21<=EOMONTH(P$2,0),$D21>=P$2),1,IF(AND($E21="Parada",EOMONTH(P$2,0)>=$C21),1,0)) -> 0 | Q21: =IF(AND($C21<=EOMONTH(Q$2,0),$D21>=Q$2),1,IF(AND($E21="Parada",EOMONTH(Q$2,0)>=$C21),1,0)) -> 0 | R21: =IF(AND($C21<=EOMONTH(R$2,0),$D21>=R$2),1,IF(AND($E21="Parada",EOMONTH(R$2,0)>=$C21),1,0)) -> 0 | S21: =IF(AND($C21<=EOMONTH(S$2,0),$D21>=S$2),1,IF(AND($E21="Parada",EOMONTH(S$2,0)>=$C21),1,0)) -> 0
A22: Chapada II | B22: JOA04-03 | C22: 45659 | D22: 45666 | E22: Rodando | F22: =D22-C22 -> 7 | H22: 2 Yaw drives danificados (Nanjing). | I22: Yaw Drive | J22: UPTOWER REPAIR | K22: =IF(AND($C22<=EOMONTH(K$2,0),$D22>=K$2),1,IF(AND($E22="Parada",EOMONTH(K$2,0)>=$C22),1,0)) -> 1 | L22: =IF(AND($C22<=EOMONTH(L$2,0),$D22>=L$2),1,IF(AND($E22="Parada",EOMONTH(L$2,0)>=$C22),1,0)) -> 0 | M22: =IF(AND($C22<=EOMONTH(M$2,0),$D22>=M$2),1,IF(AND($E22="Parada",EOMONTH(M$2,0)>=$C22),1,0)) -> 0 | N22: =IF(AND($C22<=EOMONTH(N$2,0),$D22>=N$2),1,IF(AND($E22="Parada",EOMONTH(N$2,0)>=$C22),1,0)) -> 0 | O22: =IF(AND($C22<=EOMONTH(O$2,0),$D22>=O$2),1,IF(AND($E22="Parada",EOMONTH(O$2,0)>=$C22),1,0)) -> 0 | P22: =IF(AND($C22<=EOMONTH(P$2,0),$D22>=P$2),1,IF(AND($E22="Parada",EOMONTH(P$2,0)>=$C22),1,0)) -> 0 | Q22: =IF(AND($C22<=EOMONTH(Q$2,0),$D22>=Q$2),1,IF(AND($E22="Parada",EOMONTH(Q$2,0)>=$C22),1,0)) -> 0 | R22: =IF(AND($C22<=EOMONTH(R$2,0),$D22>=R$2),1,IF(AND($E22="Parada",EOMONTH(R$2,0)>=$C22),1,0)) -> 0 | S22: =IF(AND($C22<=EOMONTH(S$2,0),$D22>=S$2),1,IF(AND($E22="Parada",EOMONTH(S$2,0)>=$C22),1,0)) -> 0
A23: Chapada III | B23: AUG05-14 | C23: 45678 | D23: 45685 | E23: Rodando | F23: =D23-C23 -> 7 | H23: Falha no conversor. | I23: Gerador | J23: UPTOWER REPAIR | K23: =IF(AND($C23<=EOMONTH(K$2,0),$D23>=K$2),1,IF(AND($E23="Parada",EOMONTH(K$2,0)>=$C23),1,0)) -> 1 | L23: =IF(AND($C23<=EOMONTH(L$2,0),$D23>=L$2),1,IF(AND($E23="Parada",EOMONTH(L$2,0)>=$C23),1,0)) -> 0 | M23: =IF(AND($C23<=EOMONTH(M$2,0),$D23>=M$2),1,IF(AND($E23="Parada",EOMONTH(M$2,0)>=$C23),1,0)) -> 0 | N23: =IF(AND($C23<=EOMONTH(N$2,0),$D23>=N$2),1,IF(AND($E23="Parada",EOMONTH(N$2,0)>=$C23),1,0)) -> 0 | O23: =IF(AND($C23<=EOMONTH(O$2,0),$D23>=O$2),1,IF(AND($E23="Parada",EOMONTH(O$2,0)>=$C23),1,0)) -> 0 | P23: =IF(AND($C23<=EOMONTH(P$2,0),$D23>=P$2),1,IF(AND($E23="Parada",EOMONTH(P$2,0)>=$C23),1,0)) -> 0 | Q23: =IF(AND($C23<=EOMONTH(Q$2,0),$D23>=Q$2),1,IF(AND($E23="Parada",EOMONTH(Q$2,0)>=$C23),1,0)) -> 0 | R23: =IF(AND($C23<=EOMONTH(R$2,0),$D23>=R$2),1,IF(AND($E23="Parada",EOMONTH(R$2,0)>=$C23),1,0)) -> 0 | S23: =IF(AND($C23<=EOMONTH(S$2,0),$D23>=S$2),1,IF(AND($E23="Parada",EOMONTH(S$2,0)>=$C23),1,0)) -> 0
A24: Chapada I | B24: JOA15-16 | C24: 45664 | D24: 45687 | E24: Rodando | F24: =D24-C24 -> 23 | H24: Dano no pitch bearing. Realizando MCE. | I24: Pitch Bearing | J24: MCE | K24: =IF(AND($C24<=EOMONTH(K$2,0),$D24>=K$2),1,IF(AND($E24="Parada",EOMONTH(K$2,0)>=$C24),1,0)) -> 1 | L24: =IF(AND($C24<=EOMONTH(L$2,0),$D24>=L$2),1,IF(AND($E24="Parada",EOMONTH(L$2,0)>=$C24),1,0)) -> 0 | M24: =IF(AND($C24<=EOMONTH(M$2,0),$D24>=M$2),1,IF(AND($E24="Parada",EOMONTH(M$2,0)>=$C24),1,0)) -> 0 | N24: =IF(AND($C24<=EOMONTH(N$2,0),$D24>=N$2),1,IF(AND($E24="Parada",EOMONTH(N$2,0)>=$C24),1,0)) -> 0 | O24: =IF(AND($C24<=EOMONTH(O$2,0),$D24>=O$2),1,IF(AND($E24="Parada",EOMONTH(O$2,0)>=$C24),1,0)) -> 0 | P24: =IF(AND($C24<=EOMONTH(P$2,0),$D24>=P$2),1,IF(AND($E24="Parada",EOMONTH(P$2,0)>=$C24),1,0)) -> 0 | Q24: =IF(AND($C24<=EOMONTH(Q$2,0),$D24>=Q$2),1,IF(AND($E24="Parada",EOMONTH(Q$2,0)>=$C24),1,0)) -> 0 | R24: =IF(AND($C24<=EOMONTH(R$2,0),$D24>=R$2),1,IF(AND($E24="Parada",EOMONTH(R$2,0)>=$C24),1,0)) -> 0 | S24: =IF(AND($C24<=EOMONTH(S$2,0),$D24>=S$2),1,IF(AND($E24="Parada",EOMONTH(S$2,0)>=$C24),1,0)) -> 0
A25: Chapada I | B25: JOA15-01 | C25: 45618 | D25: 45693 | E25: Rodando | F25: =D25-C25 -> 75 | H25: Danos na gearbox. Aguardando MCE. | I25: Gearbox | J25: MCE | K25: =IF(AND($C25<=EOMONTH(K$2,0),$D25>=K$2),1,IF(AND($E25="Parada",EOMONTH(K$2,0)>=$C25),1,0)) -> 1 | L25: =IF(AND($C25<=EOMONTH(L$2,0),$D25>=L$2),1,IF(AND($E25="Parada",EOMONTH(L$2,0)>=$C25),1,0)) -> 1 | M25: =IF(AND($C25<=EOMONTH(M$2,0),$D25>=M$2),1,IF(AND($E25="Parada",EOMONTH(M$2,0)>=$C25),1,0)) -> 0 | N25: =IF(AND($C25<=EOMONTH(N$2,0),$D25>=N$2),1,IF(AND($E25="Parada",EOMONTH(N$2,0)>=$C25),1,0)) -> 0 | O25: =IF(AND($C25<=EOMONTH(O$2,0),$D25>=O$2),1,IF(AND($E25="Parada",EOMONTH(O$2,0)>=$C25),1,0)) -> 0 | P25: =IF(AND($C25<=EOMONTH(P$2,0),$D25>=P$2),1,IF(AND($E25="Parada",EOMONTH(P$2,0)>=$C25),1,0)) -> 0 | Q25: =IF(AND($C25<=EOMONTH(Q$2,0),$D25>=Q$2),1,IF(AND($E25="Parada",EOMONTH(Q$2,0)>=$C25),1,0)) -> 0 | R25: =IF(AND($C25<=EOMONTH(R$2,0),$D25>=R$2),1,IF(AND($E25="Parada",EOMONTH(R$2,0)>=$C25),1,0)) -> 0 | S25: =IF(AND($C25<=EOMONTH(S$2,0),$D25>=S$2),1,IF(AND($E25="Parada",EOMONTH(S$2,0)>=$C25),1,0)) -> 0
A26: Asa Branca | B26: AB08-05 | C26: 45672 | D26: 45700 | E26: Rodando | F26: =D26-C26 -> 28 | G26: 45708 | H26: Incidência de raio na blade. | I26: Blade | J26: UPTOWER REPAIR | K26: =IF(AND($C26<=EOMONTH(K$2,0),$D26>=K$2),1,IF(AND($E26="Parada",EOMONTH(K$2,0)>=$C26),1,0)) -> 1 | L26: =IF(AND($C26<=EOMONTH(L$2,0),$D26>=L$2),1,IF(AND($E26="Parada",EOMONTH(L$2,0)>=$C26),1,0)) -> 1 | M26: =IF(AND($C26<=EOMONTH(M$2,0),$D26>=M$2),1,IF(AND($E26="Parada",EOMONTH(M$2,0)>=$C26),1,0)) -> 0 | N26: =IF(AND($C26<=EOMONTH(N$2,0),$D26>=N$2),1,IF(AND($E26="Parada",EOMONTH(N$2,0)>=$C26),1,0)) -> 0 | O26: =IF(AND($C26<=EOMONTH(O$2,0),$D26>=O$2),1,IF(AND($E26="Parada",EOMONTH(O$2,0)>=$C26),1,0)) -> 0 | P26: =IF(AND($C26<=EOMONTH(P$2,0),$D26>=P$2),1,IF(AND($E26="Parada",EOMONTH(P$2,0)>=$C26),1,0)) -> 0 | Q26: =IF(AND($C26<=EOMONTH(Q$2,0),$D26>=Q$2),1,IF(AND($E26="Parada",EOMONTH(Q$2,0)>=$C26),1,0)) -> 0 | R26: =IF(AND($C26<=EOMONTH(R$2,0),$D26>=R$2),1,IF(AND($E26="Parada",EOMONTH(R$2,0)>=$C26),1,0)) -> 0 | S26: =IF(AND($C26<=EOMONTH(S$2,0),$D26>=S$2),1,IF(AND($E26="Parada",EOMONTH(S$2,0)>=$C26),1,0)) -> 0
A27: Chapada I | B27: JOA15-15 | C27: 45630 | D27: 45701 | E27: Rodando | F27: =D27-C27 -> 71 | H27: 2 Yaw drives danificados. | I27: Yaw Drive | J27: UPTOWER REPAIR | K27: =IF(AND($C27<=EOMONTH(K$2,0),$D27>=K$2),1,IF(AND($E27="Parada",EOMONTH(K$2,0)>=$C27),1,0)) -> 1 | L27: =IF(AND($C27<=EOMONTH(L$2,0),$D27>=L$2),1,IF(AND($E27="Parada",EOMONTH(L$2,0)>=$C27),1,0)) -> 1 | M27: =IF(AND($C27<=EOMONTH(M$2,0),$D27>=M$2),1,IF(AND($E27="Parada",EOMONTH(M$2,0)>=$C27),1,0)) -> 0 | N27: =IF(AND($C27<=EOMONTH(N$2,0),$D27>=N$2),1,IF(AND($E27="Parada",EOMONTH(N$2,0)>=$C27),1,0)) -> 0 | O27: =IF(AND($C27<=EOMONTH(O$2,0),$D27>=O$2),1,IF(AND($E27="Parada",EOMONTH(O$2,0)>=$C27),1,0)) -> 0 | P27: =IF(AND($C27<=EOMONTH(P$2,0),$D27>=P$2),1,IF(AND($E27="Parada",EOMONTH(P$2,0)>=$C27),1,0)) -> 0 | Q27: =IF(AND($C27<=EOMONTH(Q$2,0),$D27>=Q$2),1,IF(AND($E27="Parada",EOMONTH(Q$2,0)>=$C27),1,0)) -> 0 | R27: =IF(AND($C27<=EOMONTH(R$2,0),$D27>=R$2),1,IF(AND($E27="Parada",EOMONTH(R$2,0)>=$C27),1,0)) -> 0 | S27: =IF(AND($C27<=EOMONTH(S$2,0),$D27>=S$2),1,IF(AND($E27="Parada",EOMONTH(S$2,0)>=$C27),1,0)) -> 0
A28: Chapada I | B28: JOA16-09 | C28: 45626 | D28: 45702 | E28: Rodando | F28: =D28-C28 -> 76 | H28: Danos na gearbox. Aguardando MCE. | I28: Gearbox | J28: MCE | K28: =IF(AND($C28<=EOMONTH(K$2,0),$D28>=K$2),1,IF(AND($E28="Parada",EOMONTH(K$2,0)>=$C28),1,0)) -> 1 | L28: =IF(AND($C28<=EOMONTH(L$2,0),$D28>=L$2),1,IF(AND($E28="Parada",EOMONTH(L$2,0)>=$C28),1,0)) -> 1 | M28: =IF(AND($C28<=EOMONTH(M$2,0),$D28>=M$2),1,IF(AND($E28="Parada",EOMONTH(M$2,0)>=$C28),1,0)) -> 0 | N28: =IF(AND($C28<=EOMONTH(N$2,0),$D28>=N$2),1,IF(AND($E28="Parada",EOMONTH(N$2,0)>=$C28),1,0)) -> 0 | O28: =IF(AND($C28<=EOMONTH(O$2,0),$D28>=O$2),1,IF(AND($E28="Parada",EOMONTH(O$2,0)>=$C28),1,0)) -> 0 | P28: =IF(AND($C28<=EOMONTH(P$2,0),$D28>=P$2),1,IF(AND($E28="Parada",EOMONTH(P$2,0)>=$C28),1,0)) -> 0 | Q28: =IF(AND($C28<=EOMONTH(Q$2,0),$D28>=Q$2),1,IF(AND($E28="Parada",EOMONTH(Q$2,0)>=$C28),1,0)) -> 0 | R28: =IF(AND($C28<=EOMONTH(R$2,0),$D28>=R$2),1,IF(AND($E28="Parada",EOMONTH(R$2,0)>=$C28),1,0)) -> 0 | S28: =IF(AND($C28<=EOMONTH(S$2,0),$D28>=S$2),1,IF(AND($E28="Parada",EOMONTH(S$2,0)>=$C28),1,0)) -> 0
A29: Chapada I | B29: JOA15-12 | C29: 45566 | D29: 45708 | E29: Rodando | F29: =D29-C29 -> 142 | H29: Danos na gearbox e pitch bearing. Pendente MCE. | I29: Pitch Bearing | J29: MCE | K29: =IF(AND($C29<=EOMONTH(K$2,0),$D29>=K$2),1,IF(AND($E29="Parada",EOMONTH(K$2,0)>=$C29),1,0)) -> 1 | L29: =IF(AND($C29<=EOMONTH(L$2,0),$D29>=L$2),1,IF(AND($E29="Parada",EOMONTH(L$2,0)>=$C29),1,0)) -> 1 | M29: =IF(AND($C29<=EOMONTH(M$2,0),$D29>=M$2),1,IF(AND($E29="Parada",EOMONTH(M$2,0)>=$C29),1,0)) -> 0 | N29: =IF(AND($C29<=EOMONTH(N$2,0),$D29>=N$2),1,IF(AND($E29="Parada",EOMONTH(N$2,0)>=$C29),1,0)) -> 0 | O29: =IF(AND($C29<=EOMONTH(O$2,0),$D29>=O$2),1,IF(AND($E29="Parada",EOMONTH(O$2,0)>=$C29),1,0)) -> 0 | P29: =IF(AND($C29<=EOMONTH(P$2,0),$D29>=P$2),1,IF(AND($E29="Parada",EOMONTH(P$2,0)>=$C29),1,0)) -> 0 | Q29: =IF(AND($C29<=EOMONTH(Q$2,0),$D29>=Q$2),1,IF(AND($E29="Parada",EOMONTH(Q$2,0)>=$C29),1,0)) -> 0 | R29: =IF(AND($C29<=EOMONTH(R$2,0),$D29>=R$2),1,IF(AND($E29="Parada",EOMONTH(R$2,0)>=$C29),1,0)) -> 0 | S29: =IF(AND($C29<=EOMONTH(S$2,0),$D29>=S$2),1,IF(AND($E29="Parada",EOMONTH(S$2,0)>=$C29),1,0)) -> 0
A30: Chapada I | B30: JOA12-12 | C30: 45660 | D30: 45708 | E30: Rodando | F30: =D30-C30 -> 48 | H30: Gearbox colapsada. Aguardando MCE. | I30: Gearbox | J30: MCE | K30: =IF(AND($C30<=EOMONTH(K$2,0),$D30>=K$2),1,IF(AND($E30="Parada",EOMONTH(K$2,0)>=$C30),1,0)) -> 1 | L30: =IF(AND($C30<=EOMONTH(L$2,0),$D30>=L$2),1,IF(AND($E30="Parada",EOMONTH(L$2,0)>=$C30),1,0)) -> 1 | M30: =IF(AND($C30<=EOMONTH(M$2,0),$D30>=M$2),1,IF(AND($E30="Parada",EOMONTH(M$2,0)>=$C30),1,0)) -> 0 | N30: =IF(AND($C30<=EOMONTH(N$2,0),$D30>=N$2),1,IF(AND($E30="Parada",EOMONTH(N$2,0)>=$C30),1,0)) -> 0 | O30: =IF(AND($C30<=EOMONTH(O$2,0),$D30>=O$2),1,IF(AND($E30="Parada",EOMONTH(O$2,0)>=$C30),1,0)) -> 0 | P30: =IF(AND($C30<=EOMONTH(P$2,0),$D30>=P$2),1,IF(AND($E30="Parada",EOMONTH(P$2,0)>=$C30),1,0)) -> 0 | Q30: =IF(AND($C30<=EOMONTH(Q$2,0),$D30>=Q$2),1,IF(AND($E30="Parada",EOMONTH(Q$2,0)>=$C30),1,0)) -> 0 | R30: =IF(AND($C30<=EOMONTH(R$2,0),$D30>=R$2),1,IF(AND($E30="Parada",EOMONTH(R$2,0)>=$C30),1,0)) -> 0 | S30: =IF(AND($C30<=EOMONTH(S$2,0),$D30>=S$2),1,IF(AND($E30="Parada",EOMONTH(S$2,0)>=$C30),1,0)) -> 0
A31: Chapada I | B31: JOA12-08 | C31: 45566 | D31: 45714 | E31: Rodando | F31: =D31-C31 -> 148 | H31: Reparo de pá feito. Aguardando MCE. | I31: Blade | J31: MCE | K31: =IF(AND($C31<=EOMONTH(K$2,0),$D31>=K$2),1,IF(AND($E31="Parada",EOMONTH(K$2,0)>=$C31),1,0)) -> 1 | L31: =IF(AND($C31<=EOMONTH(L$2,0),$D31>=L$2),1,IF(AND($E31="Parada",EOMONTH(L$2,0)>=$C31),1,0)) -> 1 | M31: =IF(AND($C31<=EOMONTH(M$2,0),$D31>=M$2),1,IF(AND($E31="Parada",EOMONTH(M$2,0)>=$C31),1,0)) -> 0 | N31: =IF(AND($C31<=EOMONTH(N$2,0),$D31>=N$2),1,IF(AND($E31="Parada",EOMONTH(N$2,0)>=$C31),1,0)) -> 0 | O31: =IF(AND($C31<=EOMONTH(O$2,0),$D31>=O$2),1,IF(AND($E31="Parada",EOMONTH(O$2,0)>=$C31),1,0)) -> 0 | P31: =IF(AND($C31<=EOMONTH(P$2,0),$D31>=P$2),1,IF(AND($E31="Parada",EOMONTH(P$2,0)>=$C31),1,0)) -> 0 | Q31: =IF(AND($C31<=EOMONTH(Q$2,0),$D31>=Q$2),1,IF(AND($E31="Parada",EOMONTH(Q$2,0)>=$C31),1,0)) -> 0 | R31: =IF(AND($C31<=EOMONTH(R$2,0),$D31>=R$2),1,IF(AND($E31="Parada",EOMONTH(R$2,0)>=$C31),1,0)) -> 0 | S31: =IF(AND($C31<=EOMONTH(S$2,0),$D31>=S$2),1,IF(AND($E31="Parada",EOMONTH(S$2,0)>=$C31),1,0)) -> 0
A32: Chapada I | B32: JOA15-10 | C32: 45710 | D32: 45716 | E32: Rodando | F32: =D32-C32 -> 6 | H32: Vazamento de óleo da gearbox | I32: Gearbox | J32: UPTOWER REPAIR | K32: =IF(AND($C32<=EOMONTH(K$2,0),$D32>=K$2),1,IF(AND($E32="Parada",EOMONTH(K$2,0)>=$C32),1,0)) -> 0 | L32: =IF(AND($C32<=EOMONTH(L$2,0),$D32>=L$2),1,IF(AND($E32="Parada",EOMONTH(L$2,0)>=$C32),1,0)) -> 1 | M32: =IF(AND($C32<=EOMONTH(M$2,0),$D32>=M$2),1,IF(AND($E32="Parada",EOMONTH(M$2,0)>=$C32),1,0)) -> 0 | N32: =IF(AND($C32<=EOMONTH(N$2,0),$D32>=N$2),1,IF(AND($E32="Parada",EOMONTH(N$2,0)>=$C32),1,0)) -> 0 | O32: =IF(AND($C32<=EOMONTH(O$2,0),$D32>=O$2),1,IF(AND($E32="Parada",EOMONTH(O$2,0)>=$C32),1,0)) -> 0 | P32: =IF(AND($C32<=EOMONTH(P$2,0),$D32>=P$2),1,IF(AND($E32="Parada",EOMONTH(P$2,0)>=$C32),1,0)) -> 0 | Q32: =IF(AND($C32<=EOMONTH(Q$2,0),$D32>=Q$2),1,IF(AND($E32="Parada",EOMONTH(Q$2,0)>=$C32),1,0)) -> 0 | R32: =IF(AND($C32<=EOMONTH(R$2,0),$D32>=R$2),1,IF(AND($E32="Parada",EOMONTH(R$2,0)>=$C32),1,0)) -> 0 | S32: =IF(AND($C32<=EOMONTH(S$2,0),$D32>=S$2),1,IF(AND($E32="Parada",EOMONTH(S$2,0)>=$C32),1,0)) -> 0
A33: Chapada III | B33: AUG03-15 | C33: 45714 | D33: 45717 | E33: Rodando | F33: =D33-C33 -> 3 | H33: Vazamento de óleo da gearbox | I33: Gearbox | J33: UPTOWER REPAIR | K33: =IF(AND($C33<=EOMONTH(K$2,0),$D33>=K$2),1,IF(AND($E33="Parada",EOMONTH(K$2,0)>=$C33),1,0)) -> 0 | L33: =IF(AND($C33<=EOMONTH(L$2,0),$D33>=L$2),1,IF(AND($E33="Parada",EOMONTH(L$2,0)>=$C33),1,0)) -> 1 | M33: =IF(AND($C33<=EOMONTH(M$2,0),$D33>=M$2),1,IF(AND($E33="Parada",EOMONTH(M$2,0)>=$C33),1,0)) -> 1 | N33: =IF(AND($C33<=EOMONTH(N$2,0),$D33>=N$2),1,IF(AND($E33="Parada",EOMONTH(N$2,0)>=$C33),1,0)) -> 0 | O33: =IF(AND($C33<=EOMONTH(O$2,0),$D33>=O$2),1,IF(AND($E33="Parada",EOMONTH(O$2,0)>=$C33),1,0)) -> 0 | P33: =IF(AND($C33<=EOMONTH(P$2,0),$D33>=P$2),1,IF(AND($E33="Parada",EOMONTH(P$2,0)>=$C33),1,0)) -> 0 | Q33: =IF(AND($C33<=EOMONTH(Q$2,0),$D33>=Q$2),1,IF(AND($E33="Parada",EOMONTH(Q$2,0)>=$C33),1,0)) -> 0 | R33: =IF(AND($C33<=EOMONTH(R$2,0),$D33>=R$2),1,IF(AND($E33="Parada",EOMONTH(R$2,0)>=$C33),1,0)) -> 0 | S33: =IF(AND($C33<=EOMONTH(S$2,0),$D33>=S$2),1,IF(AND($E33="Parada",EOMONTH(S$2,0)>=$C33),1,0)) -> 0
A34: Chapada I | B34: JOA11-07 | C34: 45686 | D34: 45721 | E34: Rodando | F34: =D34-C34 -> 35 | H34: Danos da gearbox. Aguardando MCE. | I34: Gearbox | J34: MCE | K34: =IF(AND($C34<=EOMONTH(K$2,0),$D34>=K$2),1,IF(AND($E34="Parada",EOMONTH(K$2,0)>=$C34),1,0)) -> 1 | L34: =IF(AND($C34<=EOMONTH(L$2,0),$D34>=L$2),1,IF(AND($E34="Parada",EOMONTH(L$2,0)>=$C34),1,0)) -> 1 | M34: =IF(AND($C34<=EOMONTH(M$2,0),$D34>=M$2),1,IF(AND($E34="Parada",EOMONTH(M$2,0)>=$C34),1,0)) -> 1 | N34: =IF(AND($C34<=EOMONTH(N$2,0),$D34>=N$2),1,IF(AND($E34="Parada",EOMONTH(N$2,0)>=$C34),1,0)) -> 0 | O34: =IF(AND($C34<=EOMONTH(O$2,0),$D34>=O$2),1,IF(AND($E34="Parada",EOMONTH(O$2,0)>=$C34),1,0)) -> 0 | P34: =IF(AND($C34<=EOMONTH(P$2,0),$D34>=P$2),1,IF(AND($E34="Parada",EOMONTH(P$2,0)>=$C34),1,0)) -> 0 | Q34: =IF(AND($C34<=EOMONTH(Q$2,0),$D34>=Q$2),1,IF(AND($E34="Parada",EOMONTH(Q$2,0)>=$C34),1,0)) -> 0 | R34: =IF(AND($C34<=EOMONTH(R$2,0),$D34>=R$2),1,IF(AND($E34="Parada",EOMONTH(R$2,0)>=$C34),1,0)) -> 0 | S34: =IF(AND($C34<=EOMONTH(S$2,0),$D34>=S$2),1,IF(AND($E34="Parada",EOMONTH(S$2,0)>=$C34),1,0)) -> 0
A35: Chapada I | B35: JOA15-01 | C35: 45714 | D35: 45722 | E35: Rodando | F35: =D35-C35 -> 8 | H35: Colapso do acoplamento flexível | I35: Flex coupling | J35: UPTOWER REPAIR | K35: =IF(AND($C35<=EOMONTH(K$2,0),$D35>=K$2),1,IF(AND($E35="Parada",EOMONTH(K$2,0)>=$C35),1,0)) -> 0 | L35: =IF(AND($C35<=EOMONTH(L$2,0),$D35>=L$2),1,IF(AND($E35="Parada",EOMONTH(L$2,0)>=$C35),1,0)) -> 1 | M35: =IF(AND($C35<=EOMONTH(M$2,0),$D35>=M$2),1,IF(AND($E35="Parada",EOMONTH(M$2,0)>=$C35),1,0)) -> 1 | N35: =IF(AND($C35<=EOMONTH(N$2,0),$D35>=N$2),1,IF(AND($E35="Parada",EOMONTH(N$2,0)>=$C35),1,0)) -> 0 | O35: =IF(AND($C35<=EOMONTH(O$2,0),$D35>=O$2),1,IF(AND($E35="Parada",EOMONTH(O$2,0)>=$C35),1,0)) -> 0 | P35: =IF(AND($C35<=EOMONTH(P$2,0),$D35>=P$2),1,IF(AND($E35="Parada",EOMONTH(P$2,0)>=$C35),1,0)) -> 0 | Q35: =IF(AND($C35<=EOMONTH(Q$2,0),$D35>=Q$2),1,IF(AND($E35="Parada",EOMONTH(Q$2,0)>=$C35),1,0)) -> 0 | R35: =IF(AND($C35<=EOMONTH(R$2,0),$D35>=R$2),1,IF(AND($E35="Parada",EOMONTH(R$2,0)>=$C35),1,0)) -> 0 | S35: =IF(AND($C35<=EOMONTH(S$2,0),$D35>=S$2),1,IF(AND($E35="Parada",EOMONTH(S$2,0)>=$C35),1,0)) -> 0
A36: Chapada II | B36: JOA01-13 | C36: 45708 | D36: 45727 | E36: Rodando | F36: =D36-C36 -> 19 | H36: MCE programado. Pitch Bearing. Aguardando MCE | I36: Pitch Bearing | J36: MCE | K36: =IF(AND($C36<=EOMONTH(K$2,0),$D36>=K$2),1,IF(AND($E36="Parada",EOMONTH(K$2,0)>=$C36),1,0)) -> 0 | L36: =IF(AND($C36<=EOMONTH(L$2,0),$D36>=L$2),1,IF(AND($E36="Parada",EOMONTH(L$2,0)>=$C36),1,0)) -> 1 | M36: =IF(AND($C36<=EOMONTH(M$2,0),$D36>=M$2),1,IF(AND($E36="Parada",EOMONTH(M$2,0)>=$C36),1,0)) -> 1 | N36: =IF(AND($C36<=EOMONTH(N$2,0),$D36>=N$2),1,IF(AND($E36="Parada",EOMONTH(N$2,0)>=$C36),1,0)) -> 0 | O36: =IF(AND($C36<=EOMONTH(O$2,0),$D36>=O$2),1,IF(AND($E36="Parada",EOMONTH(O$2,0)>=$C36),1,0)) -> 0 | P36: =IF(AND($C36<=EOMONTH(P$2,0),$D36>=P$2),1,IF(AND($E36="Parada",EOMONTH(P$2,0)>=$C36),1,0)) -> 0 | Q36: =IF(AND($C36<=EOMONTH(Q$2,0),$D36>=Q$2),1,IF(AND($E36="Parada",EOMONTH(Q$2,0)>=$C36),1,0)) -> 0 | R36: =IF(AND($C36<=EOMONTH(R$2,0),$D36>=R$2),1,IF(AND($E36="Parada",EOMONTH(R$2,0)>=$C36),1,0)) -> 0 | S36: =IF(AND($C36<=EOMONTH(S$2,0),$D36>=S$2),1,IF(AND($E36="Parada",EOMONTH(S$2,0)>=$C36),1,0)) -> 0
A37: Chapada I | B37: JOA09-08 | C37: 45612 | D37: 45734 | E37: Rodando | F37: =D37-C37 -> 122 | G37: 45752 | H37: Gearbox colapsada. Aguardando MCE. | I37: Gearbox | J37: MCE | K37: =IF(AND($C37<=EOMONTH(K$2,0),$D37>=K$2),1,IF(AND($E37="Parada",EOMONTH(K$2,0)>=$C37),1,0)) -> 1 | L37: =IF(AND($C37<=EOMONTH(L$2,0),$D37>=L$2),1,IF(AND($E37="Parada",EOMONTH(L$2,0)>=$C37),1,0)) -> 1 | M37: =IF(AND($C37<=EOMONTH(M$2,0),$D37>=M$2),1,IF(AND($E37="Parada",EOMONTH(M$2,0)>=$C37),1,0)) -> 1 | N37: =IF(AND($C37<=EOMONTH(N$2,0),$D37>=N$2),1,IF(AND($E37="Parada",EOMONTH(N$2,0)>=$C37),1,0)) -> 0 | O37: =IF(AND($C37<=EOMONTH(O$2,0),$D37>=O$2),1,IF(AND($E37="Parada",EOMONTH(O$2,0)>=$C37),1,0)) -> 0 | P37: =IF(AND($C37<=EOMONTH(P$2,0),$D37>=P$2),1,IF(AND($E37="Parada",EOMONTH(P$2,0)>=$C37),1,0)) -> 0 | Q37: =IF(AND($C37<=EOMONTH(Q$2,0),$D37>=Q$2),1,IF(AND($E37="Parada",EOMONTH(Q$2,0)>=$C37),1,0)) -> 0 | R37: =IF(AND($C37<=EOMONTH(R$2,0),$D37>=R$2),1,IF(AND($E37="Parada",EOMONTH(R$2,0)>=$C37),1,0)) -> 0 | S37: =IF(AND($C37<=EOMONTH(S$2,0),$D37>=S$2),1,IF(AND($E37="Parada",EOMONTH(S$2,0)>=$C37),1,0)) -> 0
A38: Chapada I | B38: JOA16-02 | C38: 45721 | D38: 45737 | E38: Rodando | F38: =D38-C38 -> 16 | G38: 45737 | H38: Colapso da Gearbox | I38: Gearbox | J38: MCE | K38: =IF(AND($C38<=EOMONTH(K$2,0),$D38>=K$2),1,IF(AND($E38="Parada",EOMONTH(K$2,0)>=$C38),1,0)) -> 0 | L38: =IF(AND($C38<=EOMONTH(L$2,0),$D38>=L$2),1,IF(AND($E38="Parada",EOMONTH(L$2,0)>=$C38),1,0)) -> 0 | M38: =IF(AND($C38<=EOMONTH(M$2,0),$D38>=M$2),1,IF(AND($E38="Parada",EOMONTH(M$2,0)>=$C38),1,0)) -> 1 | N38: =IF(AND($C38<=EOMONTH(N$2,0),$D38>=N$2),1,IF(AND($E38="Parada",EOMONTH(N$2,0)>=$C38),1,0)) -> 0 | O38: =IF(AND($C38<=EOMONTH(O$2,0),$D38>=O$2),1,IF(AND($E38="Parada",EOMONTH(O$2,0)>=$C38),1,0)) -> 0 | P38: =IF(AND($C38<=EOMONTH(P$2,0),$D38>=P$2),1,IF(AND($E38="Parada",EOMONTH(P$2,0)>=$C38),1,0)) -> 0 | Q38: =IF(AND($C38<=EOMONTH(Q$2,0),$D38>=Q$2),1,IF(AND($E38="Parada",EOMONTH(Q$2,0)>=$C38),1,0)) -> 0 | R38: =IF(AND($C38<=EOMONTH(R$2,0),$D38>=R$2),1,IF(AND($E38="Parada",EOMONTH(R$2,0)>=$C38),1,0)) -> 0 | S38: =IF(AND($C38<=EOMONTH(S$2,0),$D38>=S$2),1,IF(AND($E38="Parada",EOMONTH(S$2,0)>=$C38),1,0)) -> 0
A39: Chapada II | B39: JOA04-02 | C39: 45728 | D39: 45741 | E39: Rodando | F39: =D39-C39 -> 13 | G39: ? | H39: Pitch bearing crack | I39: Pitch Bearing | J39: MCE | K39: =IF(AND($C39<=EOMONTH(K$2,0),$D39>=K$2),1,IF(AND($E39="Parada",EOMONTH(K$2,0)>=$C39),1,0)) -> 0 | L39: =IF(AND($C39<=EOMONTH(L$2,0),$D39>=L$2),1,IF(AND($E39="Parada",EOMONTH(L$2,0)>=$C39),1,0)) -> 0 | M39: =IF(AND($C39<=EOMONTH(M$2,0),$D39>=M$2),1,IF(AND($E39="Parada",EOMONTH(M$2,0)>=$C39),1,0)) -> 1 | N39: =IF(AND($C39<=EOMONTH(N$2,0),$D39>=N$2),1,IF(AND($E39="Parada",EOMONTH(N$2,0)>=$C39),1,0)) -> 0 | O39: =IF(AND($C39<=EOMONTH(O$2,0),$D39>=O$2),1,IF(AND($E39="Parada",EOMONTH(O$2,0)>=$C39),1,0)) -> 0 | P39: =IF(AND($C39<=EOMONTH(P$2,0),$D39>=P$2),1,IF(AND($E39="Parada",EOMONTH(P$2,0)>=$C39),1,0)) -> 0 | Q39: =IF(AND($C39<=EOMONTH(Q$2,0),$D39>=Q$2),1,IF(AND($E39="Parada",EOMONTH(Q$2,0)>=$C39),1,0)) -> 0 | R39: =IF(AND($C39<=EOMONTH(R$2,0),$D39>=R$2),1,IF(AND($E39="Parada",EOMONTH(R$2,0)>=$C39),1,0)) -> 0 | S39: =IF(AND($C39<=EOMONTH(S$2,0),$D39>=S$2),1,IF(AND($E39="Parada",EOMONTH(S$2,0)>=$C39),1,0)) -> 0
A40: Chapada I | B40: JOA16-07 | C40: 45698 | D40: 45743 | E40: Rodando | F40: =D40-C40 -> 45 | H40: Dano no HSS. | I40: Gearbox | J40: UPTOWER REPAIR | K40: =IF(AND($C40<=EOMONTH(K$2,0),$D40>=K$2),1,IF(AND($E40="Parada",EOMONTH(K$2,0)>=$C40),1,0)) -> 0 | L40: =IF(AND($C40<=EOMONTH(L$2,0),$D40>=L$2),1,IF(AND($E40="Parada",EOMONTH(L$2,0)>=$C40),1,0)) -> 1 | M40: =IF(AND($C40<=EOMONTH(M$2,0),$D40>=M$2),1,IF(AND($E40="Parada",EOMONTH(M$2,0)>=$C40),1,0)) -> 1 | N40: =IF(AND($C40<=EOMONTH(N$2,0),$D40>=N$2),1,IF(AND($E40="Parada",EOMONTH(N$2,0)>=$C40),1,0)) -> 0 | O40: =IF(AND($C40<=EOMONTH(O$2,0),$D40>=O$2),1,IF(AND($E40="Parada",EOMONTH(O$2,0)>=$C40),1,0)) -> 0 | P40: =IF(AND($C40<=EOMONTH(P$2,0),$D40>=P$2),1,IF(AND($E40="Parada",EOMONTH(P$2,0)>=$C40),1,0)) -> 0 | Q40: =IF(AND($C40<=EOMONTH(Q$2,0),$D40>=Q$2),1,IF(AND($E40="Parada",EOMONTH(Q$2,0)>=$C40),1,0)) -> 0 | R40: =IF(AND($C40<=EOMONTH(R$2,0),$D40>=R$2),1,IF(AND($E40="Parada",EOMONTH(R$2,0)>=$C40),1,0)) -> 0 | S40: =IF(AND($C40<=EOMONTH(S$2,0),$D40>=S$2),1,IF(AND($E40="Parada",EOMONTH(S$2,0)>=$C40),1,0)) -> 0
A41: Chapada I | B41: JOA15-07 | C41: 45723 | D41: 45747 | E41: Rodando | F41: =D41-C41 -> 24 | G41: ? | H41: Rompimento da Carcaça da Gearbox | I41: Gearbox | J41: MCE | K41: =IF(AND($C41<=EOMONTH(K$2,0),$D41>=K$2),1,IF(AND($E41="Parada",EOMONTH(K$2,0)>=$C41),1,0)) -> 0 | L41: =IF(AND($C41<=EOMONTH(L$2,0),$D41>=L$2),1,IF(AND($E41="Parada",EOMONTH(L$2,0)>=$C41),1,0)) -> 0 | M41: =IF(AND($C41<=EOMONTH(M$2,0),$D41>=M$2),1,IF(AND($E41="Parada",EOMONTH(M$2,0)>=$C41),1,0)) -> 1 | N41: =IF(AND($C41<=EOMONTH(N$2,0),$D41>=N$2),1,IF(AND($E41="Parada",EOMONTH(N$2,0)>=$C41),1,0)) -> 0 | O41: =IF(AND($C41<=EOMONTH(O$2,0),$D41>=O$2),1,IF(AND($E41="Parada",EOMONTH(O$2,0)>=$C41),1,0)) -> 0 | P41: =IF(AND($C41<=EOMONTH(P$2,0),$D41>=P$2),1,IF(AND($E41="Parada",EOMONTH(P$2,0)>=$C41),1,0)) -> 0 | Q41: =IF(AND($C41<=EOMONTH(Q$2,0),$D41>=Q$2),1,IF(AND($E41="Parada",EOMONTH(Q$2,0)>=$C41),1,0)) -> 0 | R41: =IF(AND($C41<=EOMONTH(R$2,0),$D41>=R$2),1,IF(AND($E41="Parada",EOMONTH(R$2,0)>=$C41),1,0)) -> 0 | S41: =IF(AND($C41<=EOMONTH(S$2,0),$D41>=S$2),1,IF(AND($E41="Parada",EOMONTH(S$2,0)>=$C41),1,0)) -> 0
A42: Chapada II | B42: JOA04-03 | C42: 45734 | D42: 45748 | E42: Rodando | F42: =D42-C42 -> 14 | G42: ? | H42: Pitch bearing crack | I42: Pitch Bearing | J42: MCE | K42: =IF(AND($C42<=EOMONTH(K$2,0),$D42>=K$2),1,IF(AND($E42="Parada",EOMONTH(K$2,0)>=$C42),1,0)) -> 0 | L42: =IF(AND($C42<=EOMONTH(L$2,0),$D42>=L$2),1,IF(AND($E42="Parada",EOMONTH(L$2,0)>=$C42),1,0)) -> 0 | M42: =IF(AND($C42<=EOMONTH(M$2,0),$D42>=M$2),1,IF(AND($E42="Parada",EOMONTH(M$2,0)>=$C42),1,0)) -> 1 | N42: =IF(AND($C42<=EOMONTH(N$2,0),$D42>=N$2),1,IF(AND($E42="Parada",EOMONTH(N$2,0)>=$C42),1,0)) -> 1 | O42: =IF(AND($C42<=EOMONTH(O$2,0),$D42>=O$2),1,IF(AND($E42="Parada",EOMONTH(O$2,0)>=$C42),1,0)) -> 0 | P42: =IF(AND($C42<=EOMONTH(P$2,0),$D42>=P$2),1,IF(AND($E42="Parada",EOMONTH(P$2,0)>=$C42),1,0)) -> 0 | Q42: =IF(AND($C42<=EOMONTH(Q$2,0),$D42>=Q$2),1,IF(AND($E42="Parada",EOMONTH(Q$2,0)>=$C42),1,0)) -> 0 | R42: =IF(AND($C42<=EOMONTH(R$2,0),$D42>=R$2),1,IF(AND($E42="Parada",EOMONTH(R$2,0)>=$C42),1,0)) -> 0 | S42: =IF(AND($C42<=EOMONTH(S$2,0),$D42>=S$2),1,IF(AND($E42="Parada",EOMONTH(S$2,0)>=$C42),1,0)) -> 0
A43: Chapada II | B43: JOA04-04 | C43: 45738 | D43: 45757 | E43: Rodando | F43: =D43-C43 -> 19 | G43: 45757 | H43: Pitch bearing crack | I43: Pitch Bearing | J43: MCE | K43: =IF(AND($C43<=EOMONTH(K$2,0),$D43>=K$2),1,IF(AND($E43="Parada",EOMONTH(K$2,0)>=$C43),1,0)) -> 0 | L43: =IF(AND($C43<=EOMONTH(L$2,0),$D43>=L$2),1,IF(AND($E43="Parada",EOMONTH(L$2,0)>=$C43),1,0)) -> 0 | M43: =IF(AND($C43<=EOMONTH(M$2,0),$D43>=M$2),1,IF(AND($E43="Parada",EOMONTH(M$2,0)>=$C43),1,0)) -> 1 | N43: =IF(AND($C43<=EOMONTH(N$2,0),$D43>=N$2),1,IF(AND($E43="Parada",EOMONTH(N$2,0)>=$C43),1,0)) -> 1 | O43: =IF(AND($C43<=EOMONTH(O$2,0),$D43>=O$2),1,IF(AND($E43="Parada",EOMONTH(O$2,0)>=$C43),1,0)) -> 0 | P43: =IF(AND($C43<=EOMONTH(P$2,0),$D43>=P$2),1,IF(AND($E43="Parada",EOMONTH(P$2,0)>=$C43),1,0)) -> 0 | Q43: =IF(AND($C43<=EOMONTH(Q$2,0),$D43>=Q$2),1,IF(AND($E43="Parada",EOMONTH(Q$2,0)>=$C43),1,0)) -> 0 | R43: =IF(AND($C43<=EOMONTH(R$2,0),$D43>=R$2),1,IF(AND($E43="Parada",EOMONTH(R$2,0)>=$C43),1,0)) -> 0 | S43: =IF(AND($C43<=EOMONTH(S$2,0),$D43>=S$2),1,IF(AND($E43="Parada",EOMONTH(S$2,0)>=$C43),1,0)) -> 0
A44: Chapada I | B44: JOA15-16 | E44: Rodando - Monitoramento | F44: =D44-C44 -> 0 | H44: Danos na pista externa do pitch bearing. | I44: Pitch Bearing | J44: UPTOWER REPAIR | K44: =IF(AND($C44<=EOMONTH(K$2,0),$D44>=K$2),1,IF(AND($E44="Parada",EOMONTH(K$2,0)>=$C44),1,0)) -> 0 | L44: =IF(AND($C44<=EOMONTH(L$2,0),$D44>=L$2),1,IF(AND($E44="Parada",EOMONTH(L$2,0)>=$C44),1,0)) -> 0 | M44: =IF(AND($C44<=EOMONTH(M$2,0),$D44>=M$2),1,IF(AND($E44="Parada",EOMONTH(M$2,0)>=$C44),1,0)) -> 0 | N44: =IF(AND($C44<=EOMONTH(N$2,0),$D44>=N$2),1,IF(AND($E44="Parada",EOMONTH(N$2,0)>=$C44),1,0)) -> 0 | O44: =IF(AND($C44<=EOMONTH(O$2,0),$D44>=O$2),1,IF(AND($E44="Parada",EOMONTH(O$2,0)>=$C44),1,0)) -> 0 | P44: =IF(AND($C44<=EOMONTH(P$2,0),$D44>=P$2),1,IF(AND($E44="Parada",EOMONTH(P$2,0)>=$C44),1,0)) -> 0 | Q44: =IF(AND($C44<=EOMONTH(Q$2,0),$D44>=Q$2),1,IF(AND($E44="Parada",EOMONTH(Q$2,0)>=$C44),1,0)) -> 0 | R44: =IF(AND($C44<=EOMONTH(R$2,0),$D44>=R$2),1,IF(AND($E44="Parada",EOMONTH(R$2,0)>=$C44),1,0)) -> 0 | S44: =IF(AND($C44<=EOMONTH(S$2,0),$D44>=S$2),1,IF(AND($E44="Parada",EOMONTH(S$2,0)>=$C44),1,0)) -> 0
A45: Chapada III | B45: AUG05-13 | C45: 45607 | D45: 45758 | E45: Rodando | F45: =D45-C45 -> 151 | G45: 45755 | H45: Danos na gearbox. Aguardando MCE. | I45: Gearbox | J45: MCE | K45: =IF(AND($C45<=EOMONTH(K$2,0),$D45>=K$2),1,IF(AND($E45="Parada",EOMONTH(K$2,0)>=$C45),1,0)) -> 1 | L45: =IF(AND($C45<=EOMONTH(L$2,0),$D45>=L$2),1,IF(AND($E45="Parada",EOMONTH(L$2,0)>=$C45),1,0)) -> 1 | M45: =IF(AND($C45<=EOMONTH(M$2,0),$D45>=M$2),1,IF(AND($E45="Parada",EOMONTH(M$2,0)>=$C45),1,0)) -> 1 | N45: =IF(AND($C45<=EOMONTH(N$2,0),$D45>=N$2),1,IF(AND($E45="Parada",EOMONTH(N$2,0)>=$C45),1,0)) -> 1 | O45: =IF(AND($C45<=EOMONTH(O$2,0),$D45>=O$2),1,IF(AND($E45="Parada",EOMONTH(O$2,0)>=$C45),1,0)) -> 0 | P45: =IF(AND($C45<=EOMONTH(P$2,0),$D45>=P$2),1,IF(AND($E45="Parada",EOMONTH(P$2,0)>=$C45),1,0)) -> 0 | Q45: =IF(AND($C45<=EOMONTH(Q$2,0),$D45>=Q$2),1,IF(AND($E45="Parada",EOMONTH(Q$2,0)>=$C45),1,0)) -> 0 | R45: =IF(AND($C45<=EOMONTH(R$2,0),$D45>=R$2),1,IF(AND($E45="Parada",EOMONTH(R$2,0)>=$C45),1,0)) -> 0 | S45: =IF(AND($C45<=EOMONTH(S$2,0),$D45>=S$2),1,IF(AND($E45="Parada",EOMONTH(S$2,0)>=$C45),1,0)) -> 0
A46: Chapada I | B46: JOA16-16 | C46: 45712 | D46: 45763 | E46: Rodando | F46: =D46-C46 -> 51 | G46: ? | H46: 3 Yaw drives danificados. | I46: Yaw Drive | J46: MCE | K46: =IF(AND($C46<=EOMONTH(K$2,0),$D46>=K$2),1,IF(AND($E46="Parada",EOMONTH(K$2,0)>=$C46),1,0)) -> 0 | L46: =IF(AND($C46<=EOMONTH(L$2,0),$D46>=L$2),1,IF(AND($E46="Parada",EOMONTH(L$2,0)>=$C46),1,0)) -> 1 | M46: =IF(AND($C46<=EOMONTH(M$2,0),$D46>=M$2),1,IF(AND($E46="Parada",EOMONTH(M$2,0)>=$C46),1,0)) -> 1 | N46: =IF(AND($C46<=EOMONTH(N$2,0),$D46>=N$2),1,IF(AND($E46="Parada",EOMONTH(N$2,0)>=$C46),1,0)) -> 1 | O46: =IF(AND($C46<=EOMONTH(O$2,0),$D46>=O$2),1,IF(AND($E46="Parada",EOMONTH(O$2,0)>=$C46),1,0)) -> 0 | P46: =IF(AND($C46<=EOMONTH(P$2,0),$D46>=P$2),1,IF(AND($E46="Parada",EOMONTH(P$2,0)>=$C46),1,0)) -> 0 | Q46: =IF(AND($C46<=EOMONTH(Q$2,0),$D46>=Q$2),1,IF(AND($E46="Parada",EOMONTH(Q$2,0)>=$C46),1,0)) -> 0 | R46: =IF(AND($C46<=EOMONTH(R$2,0),$D46>=R$2),1,IF(AND($E46="Parada",EOMONTH(R$2,0)>=$C46),1,0)) -> 0 | S46: =IF(AND($C46<=EOMONTH(S$2,0),$D46>=S$2),1,IF(AND($E46="Parada",EOMONTH(S$2,0)>=$C46),1,0)) -> 0
A47: Asa Branca | B47: AB07-11 | C47: 45601 | D47: 45764 | E47: Rodando | F47: =D47-C47 -> 163 | G47: 45762 | H47: Danos no gerador, curto no wye ring. Aguardando MCE. | I47: Gerador | J47: MCE | K47: =IF(AND($C47<=EOMONTH(K$2,0),$D47>=K$2),1,IF(AND($E47="Parada",EOMONTH(K$2,0)>=$C47),1,0)) -> 1 | L47: =IF(AND($C47<=EOMONTH(L$2,0),$D47>=L$2),1,IF(AND($E47="Parada",EOMONTH(L$2,0)>=$C47),1,0)) -> 1 | M47: =IF(AND($C47<=EOMONTH(M$2,0),$D47>=M$2),1,IF(AND($E47="Parada",EOMONTH(M$2,0)>=$C47),1,0)) -> 1 | N47: =IF(AND($C47<=EOMONTH(N$2,0),$D47>=N$2),1,IF(AND($E47="Parada",EOMONTH(N$2,0)>=$C47),1,0)) -> 1 | O47: =IF(AND($C47<=EOMONTH(O$2,0),$D47>=O$2),1,IF(AND($E47="Parada",EOMONTH(O$2,0)>=$C47),1,0)) -> 0 | P47: =IF(AND($C47<=EOMONTH(P$2,0),$D47>=P$2),1,IF(AND($E47="Parada",EOMONTH(P$2,0)>=$C47),1,0)) -> 0 | Q47: =IF(AND($C47<=EOMONTH(Q$2,0),$D47>=Q$2),1,IF(AND($E47="Parada",EOMONTH(Q$2,0)>=$C47),1,0)) -> 0 | R47: =IF(AND($C47<=EOMONTH(R$2,0),$D47>=R$2),1,IF(AND($E47="Parada",EOMONTH(R$2,0)>=$C47),1,0)) -> 0 | S47: =IF(AND($C47<=EOMONTH(S$2,0),$D47>=S$2),1,IF(AND($E47="Parada",EOMONTH(S$2,0)>=$C47),1,0)) -> 0
A48: Chapada I | B48: JOA12-17 | C48: 45750 | D48: 45769 | E48: Rodando | F48: =D48-C48 -> 19 | G48: 45770 | H48: Fuga de corrente no gerador para o terra. | I48: Gerador | J48: Troubleshooting | K48: =IF(AND($C48<=EOMONTH(K$2,0),$D48>=K$2),1,IF(AND($E48="Parada",EOMONTH(K$2,0)>=$C48),1,0)) -> 0 | L48: =IF(AND($C48<=EOMONTH(L$2,0),$D48>=L$2),1,IF(AND($E48="Parada",EOMONTH(L$2,0)>=$C48),1,0)) -> 0 | M48: =IF(AND($C48<=EOMONTH(M$2,0),$D48>=M$2),1,IF(AND($E48="Parada",EOMONTH(M$2,0)>=$C48),1,0)) -> 0 | N48: =IF(AND($C48<=EOMONTH(N$2,0),$D48>=N$2),1,IF(AND($E48="Parada",EOMONTH(N$2,0)>=$C48),1,0)) -> 1 | O48: =IF(AND($C48<=EOMONTH(O$2,0),$D48>=O$2),1,IF(AND($E48="Parada",EOMONTH(O$2,0)>=$C48),1,0)) -> 0 | P48: =IF(AND($C48<=EOMONTH(P$2,0),$D48>=P$2),1,IF(AND($E48="Parada",EOMONTH(P$2,0)>=$C48),1,0)) -> 0 | Q48: =IF(AND($C48<=EOMONTH(Q$2,0),$D48>=Q$2),1,IF(AND($E48="Parada",EOMONTH(Q$2,0)>=$C48),1,0)) -> 0 | R48: =IF(AND($C48<=EOMONTH(R$2,0),$D48>=R$2),1,IF(AND($E48="Parada",EOMONTH(R$2,0)>=$C48),1,0)) -> 0 | S48: =IF(AND($C48<=EOMONTH(S$2,0),$D48>=S$2),1,IF(AND($E48="Parada",EOMONTH(S$2,0)>=$C48),1,0)) -> 0
A49: Chapada II | B49: JOA05-08 | C49: 45708 | D49: 45772 | E49: Rodando | F49: =D49-C49 -> 64 | G49: 45771 | H49: Dano no HSS. | I49: Gearbox | J49: UPTOWER REPAIR | K49: =IF(AND($C49<=EOMONTH(K$2,0),$D49>=K$2),1,IF(AND($E49="Parada",EOMONTH(K$2,0)>=$C49),1,0)) -> 0 | L49: =IF(AND($C49<=EOMONTH(L$2,0),$D49>=L$2),1,IF(AND($E49="Parada",EOMONTH(L$2,0)>=$C49),1,0)) -> 1 | M49: =IF(AND($C49<=EOMONTH(M$2,0),$D49>=M$2),1,IF(AND($E49="Parada",EOMONTH(M$2,0)>=$C49),1,0)) -> 1 | N49: =IF(AND($C49<=EOMONTH(N$2,0),$D49>=N$2),1,IF(AND($E49="Parada",EOMONTH(N$2,0)>=$C49),1,0)) -> 1 | O49: =IF(AND($C49<=EOMONTH(O$2,0),$D49>=O$2),1,IF(AND($E49="Parada",EOMONTH(O$2,0)>=$C49),1,0)) -> 0 | P49: =IF(AND($C49<=EOMONTH(P$2,0),$D49>=P$2),1,IF(AND($E49="Parada",EOMONTH(P$2,0)>=$C49),1,0)) -> 0 | Q49: =IF(AND($C49<=EOMONTH(Q$2,0),$D49>=Q$2),1,IF(AND($E49="Parada",EOMONTH(Q$2,0)>=$C49),1,0)) -> 0 | R49: =IF(AND($C49<=EOMONTH(R$2,0),$D49>=R$2),1,IF(AND($E49="Parada",EOMONTH(R$2,0)>=$C49),1,0)) -> 0 | S49: =IF(AND($C49<=EOMONTH(S$2,0),$D49>=S$2),1,IF(AND($E49="Parada",EOMONTH(S$2,0)>=$C49),1,0)) -> 0
A50: Chapada I | B50: JOA16-10 | C50: 45761 | D50: 45778 | E50: Rodando | F50: =D50-C50 -> 17 | G50: 45772 | H50: Reparo de Blade | I50: Blade | J50: Essentia | K50: =IF(AND($C50<=EOMONTH(K$2,0),$D50>=K$2),1,IF(AND($E50="Parada",EOMONTH(K$2,0)>=$C50),1,0)) -> 0 | L50: =IF(AND($C50<=EOMONTH(L$2,0),$D50>=L$2),1,IF(AND($E50="Parada",EOMONTH(L$2,0)>=$C50),1,0)) -> 0 | M50: =IF(AND($C50<=EOMONTH(M$2,0),$D50>=M$2),1,IF(AND($E50="Parada",EOMONTH(M$2,0)>=$C50),1,0)) -> 0 | N50: =IF(AND($C50<=EOMONTH(N$2,0),$D50>=N$2),1,IF(AND($E50="Parada",EOMONTH(N$2,0)>=$C50),1,0)) -> 1 | O50: =IF(AND($C50<=EOMONTH(O$2,0),$D50>=O$2),1,IF(AND($E50="Parada",EOMONTH(O$2,0)>=$C50),1,0)) -> 1 | P50: =IF(AND($C50<=EOMONTH(P$2,0),$D50>=P$2),1,IF(AND($E50="Parada",EOMONTH(P$2,0)>=$C50),1,0)) -> 0 | Q50: =IF(AND($C50<=EOMONTH(Q$2,0),$D50>=Q$2),1,IF(AND($E50="Parada",EOMONTH(Q$2,0)>=$C50),1,0)) -> 0 | R50: =IF(AND($C50<=EOMONTH(R$2,0),$D50>=R$2),1,IF(AND($E50="Parada",EOMONTH(R$2,0)>=$C50),1,0)) -> 0 | S50: =IF(AND($C50<=EOMONTH(S$2,0),$D50>=S$2),1,IF(AND($E50="Parada",EOMONTH(S$2,0)>=$C50),1,0)) -> 0
A51: Chapada II | B51: JOA10-09 | C51: 45763 | D51: 45778 | E51: Rodando | F51: =D51-C51 -> 15 | G51: 45778 | H51: Pitch bearing internal damage. | I51: Pitch Bearing | J51: MCE | K51: =IF(AND($C51<=EOMONTH(K$2,0),$D51>=K$2),1,IF(AND($E51="Parada",EOMONTH(K$2,0)>=$C51),1,0)) -> 0 | L51: =IF(AND($C51<=EOMONTH(L$2,0),$D51>=L$2),1,IF(AND($E51="Parada",EOMONTH(L$2,0)>=$C51),1,0)) -> 0 | M51: =IF(AND($C51<=EOMONTH(M$2,0),$D51>=M$2),1,IF(AND($E51="Parada",EOMONTH(M$2,0)>=$C51),1,0)) -> 0 | N51: =IF(AND($C51<=EOMONTH(N$2,0),$D51>=N$2),1,IF(AND($E51="Parada",EOMONTH(N$2,0)>=$C51),1,0)) -> 1 | O51: =IF(AND($C51<=EOMONTH(O$2,0),$D51>=O$2),1,IF(AND($E51="Parada",EOMONTH(O$2,0)>=$C51),1,0)) -> 1 | P51: =IF(AND($C51<=EOMONTH(P$2,0),$D51>=P$2),1,IF(AND($E51="Parada",EOMONTH(P$2,0)>=$C51),1,0)) -> 0 | Q51: =IF(AND($C51<=EOMONTH(Q$2,0),$D51>=Q$2),1,IF(AND($E51="Parada",EOMONTH(Q$2,0)>=$C51),1,0)) -> 0 | R51: =IF(AND($C51<=EOMONTH(R$2,0),$D51>=R$2),1,IF(AND($E51="Parada",EOMONTH(R$2,0)>=$C51),1,0)) -> 0 | S51: =IF(AND($C51<=EOMONTH(S$2,0),$D51>=S$2),1,IF(AND($E51="Parada",EOMONTH(S$2,0)>=$C51),1,0)) -> 0
A52: Chapada II | B52: JOA01-13 | C52: 45763 | D52: 45786 | E52: Rodando | F52: =D52-C52 -> 23 | G52: 45786 | H52: Reparo de Blade | I52: Blade | J52: Essentia | K52: =IF(AND($C52<=EOMONTH(K$2,0),$D52>=K$2),1,IF(AND($E52="Parada",EOMONTH(K$2,0)>=$C52),1,0)) -> 0 | L52: =IF(AND($C52<=EOMONTH(L$2,0),$D52>=L$2),1,IF(AND($E52="Parada",EOMONTH(L$2,0)>=$C52),1,0)) -> 0 | M52: =IF(AND($C52<=EOMONTH(M$2,0),$D52>=M$2),1,IF(AND($E52="Parada",EOMONTH(M$2,0)>=$C52),1,0)) -> 0 | N52: =IF(AND($C52<=EOMONTH(N$2,0),$D52>=N$2),1,IF(AND($E52="Parada",EOMONTH(N$2,0)>=$C52),1,0)) -> 1 | O52: =IF(AND($C52<=EOMONTH(O$2,0),$D52>=O$2),1,IF(AND($E52="Parada",EOMONTH(O$2,0)>=$C52),1,0)) -> 1 | P52: =IF(AND($C52<=EOMONTH(P$2,0),$D52>=P$2),1,IF(AND($E52="Parada",EOMONTH(P$2,0)>=$C52),1,0)) -> 0 | Q52: =IF(AND($C52<=EOMONTH(Q$2,0),$D52>=Q$2),1,IF(AND($E52="Parada",EOMONTH(Q$2,0)>=$C52),1,0)) -> 0 | R52: =IF(AND($C52<=EOMONTH(R$2,0),$D52>=R$2),1,IF(AND($E52="Parada",EOMONTH(R$2,0)>=$C52),1,0)) -> 0 | S52: =IF(AND($C52<=EOMONTH(S$2,0),$D52>=S$2),1,IF(AND($E52="Parada",EOMONTH(S$2,0)>=$C52),1,0)) -> 0
A53: Chapada II | B53: JOA16-01 | C53: 45775 | D53: 45786 | E53: Rodando | F53: =D53-C53 -> 11 | G53: 45786 | H53: Reparo de Blade | I53: Blade | J53: Essentia | K53: =IF(AND($C53<=EOMONTH(K$2,0),$D53>=K$2),1,IF(AND($E53="Parada",EOMONTH(K$2,0)>=$C53),1,0)) -> 0 | L53: =IF(AND($C53<=EOMONTH(L$2,0),$D53>=L$2),1,IF(AND($E53="Parada",EOMONTH(L$2,0)>=$C53),1,0)) -> 0 | M53: =IF(AND($C53<=EOMONTH(M$2,0),$D53>=M$2),1,IF(AND($E53="Parada",EOMONTH(M$2,0)>=$C53),1,0)) -> 0 | N53: =IF(AND($C53<=EOMONTH(N$2,0),$D53>=N$2),1,IF(AND($E53="Parada",EOMONTH(N$2,0)>=$C53),1,0)) -> 1 | O53: =IF(AND($C53<=EOMONTH(O$2,0),$D53>=O$2),1,IF(AND($E53="Parada",EOMONTH(O$2,0)>=$C53),1,0)) -> 1 | P53: =IF(AND($C53<=EOMONTH(P$2,0),$D53>=P$2),1,IF(AND($E53="Parada",EOMONTH(P$2,0)>=$C53),1,0)) -> 0 | Q53: =IF(AND($C53<=EOMONTH(Q$2,0),$D53>=Q$2),1,IF(AND($E53="Parada",EOMONTH(Q$2,0)>=$C53),1,0)) -> 0 | R53: =IF(AND($C53<=EOMONTH(R$2,0),$D53>=R$2),1,IF(AND($E53="Parada",EOMONTH(R$2,0)>=$C53),1,0)) -> 0 | S53: =IF(AND($C53<=EOMONTH(S$2,0),$D53>=S$2),1,IF(AND($E53="Parada",EOMONTH(S$2,0)>=$C53),1,0)) -> 0
A54: Chapada II | B54: JOA05-16 | C54: 45783 | D54: 45786 | E54: Rodando | F54: =D54-C54 -> 3 | G54: 45793 | H54: Reparo de Blade | I54: Blade | J54: Essentia | K54: =IF(AND($C54<=EOMONTH(K$2,0),$D54>=K$2),1,IF(AND($E54="Parada",EOMONTH(K$2,0)>=$C54),1,0)) -> 0 | L54: =IF(AND($C54<=EOMONTH(L$2,0),$D54>=L$2),1,IF(AND($E54="Parada",EOMONTH(L$2,0)>=$C54),1,0)) -> 0 | M54: =IF(AND($C54<=EOMONTH(M$2,0),$D54>=M$2),1,IF(AND($E54="Parada",EOMONTH(M$2,0)>=$C54),1,0)) -> 0 | N54: =IF(AND($C54<=EOMONTH(N$2,0),$D54>=N$2),1,IF(AND($E54="Parada",EOMONTH(N$2,0)>=$C54),1,0)) -> 0 | O54: =IF(AND($C54<=EOMONTH(O$2,0),$D54>=O$2),1,IF(AND($E54="Parada",EOMONTH(O$2,0)>=$C54),1,0)) -> 1 | P54: =IF(AND($C54<=EOMONTH(P$2,0),$D54>=P$2),1,IF(AND($E54="Parada",EOMONTH(P$2,0)>=$C54),1,0)) -> 0 | Q54: =IF(AND($C54<=EOMONTH(Q$2,0),$D54>=Q$2),1,IF(AND($E54="Parada",EOMONTH(Q$2,0)>=$C54),1,0)) -> 0 | R54: =IF(AND($C54<=EOMONTH(R$2,0),$D54>=R$2),1,IF(AND($E54="Parada",EOMONTH(R$2,0)>=$C54),1,0)) -> 0 | S54: =IF(AND($C54<=EOMONTH(S$2,0),$D54>=S$2),1,IF(AND($E54="Parada",EOMONTH(S$2,0)>=$C54),1,0)) -> 0
A55: Chapada II | B55: JOA15-07 | C55: 45782 | D55: 45789 | E55: Rodando | F55: =D55-C55 -> 7 | G55: 45793 | H55: Reparo de Blade | I55: Blade | J55: Essentia | K55: =IF(AND($C55<=EOMONTH(K$2,0),$D55>=K$2),1,IF(AND($E55="Parada",EOMONTH(K$2,0)>=$C55),1,0)) -> 0 | L55: =IF(AND($C55<=EOMONTH(L$2,0),$D55>=L$2),1,IF(AND($E55="Parada",EOMONTH(L$2,0)>=$C55),1,0)) -> 0 | M55: =IF(AND($C55<=EOMONTH(M$2,0),$D55>=M$2),1,IF(AND($E55="Parada",EOMONTH(M$2,0)>=$C55),1,0)) -> 0 | N55: =IF(AND($C55<=EOMONTH(N$2,0),$D55>=N$2),1,IF(AND($E55="Parada",EOMONTH(N$2,0)>=$C55),1,0)) -> 0 | O55: =IF(AND($C55<=EOMONTH(O$2,0),$D55>=O$2),1,IF(AND($E55="Parada",EOMONTH(O$2,0)>=$C55),1,0)) -> 1 | P55: =IF(AND($C55<=EOMONTH(P$2,0),$D55>=P$2),1,IF(AND($E55="Parada",EOMONTH(P$2,0)>=$C55),1,0)) -> 0 | Q55: =IF(AND($C55<=EOMONTH(Q$2,0),$D55>=Q$2),1,IF(AND($E55="Parada",EOMONTH(Q$2,0)>=$C55),1,0)) -> 0 | R55: =IF(AND($C55<=EOMONTH(R$2,0),$D55>=R$2),1,IF(AND($E55="Parada",EOMONTH(R$2,0)>=$C55),1,0)) -> 0 | S55: =IF(AND($C55<=EOMONTH(S$2,0),$D55>=S$2),1,IF(AND($E55="Parada",EOMONTH(S$2,0)>=$C55),1,0)) -> 0
A56: Chapada II | B56: JOA07-09 | C56: 45754 | D56: 45790 | E56: Rodando | F56: =D56-C56 -> 36 | G56: 45786 | H56: Trinca na pista interna no rolamento planetário | I56: Gearbox | J56: MCE | K56: =IF(AND($C56<=EOMONTH(K$2,0),$D56>=K$2),1,IF(AND($E56="Parada",EOMONTH(K$2,0)>=$C56),1,0)) -> 0 | L56: =IF(AND($C56<=EOMONTH(L$2,0),$D56>=L$2),1,IF(AND($E56="Parada",EOMONTH(L$2,0)>=$C56),1,0)) -> 0 | M56: =IF(AND($C56<=EOMONTH(M$2,0),$D56>=M$2),1,IF(AND($E56="Parada",EOMONTH(M$2,0)>=$C56),1,0)) -> 0 | N56: =IF(AND($C56<=EOMONTH(N$2,0),$D56>=N$2),1,IF(AND($E56="Parada",EOMONTH(N$2,0)>=$C56),1,0)) -> 1 | O56: =IF(AND($C56<=EOMONTH(O$2,0),$D56>=O$2),1,IF(AND($E56="Parada",EOMONTH(O$2,0)>=$C56),1,0)) -> 1 | P56: =IF(AND($C56<=EOMONTH(P$2,0),$D56>=P$2),1,IF(AND($E56="Parada",EOMONTH(P$2,0)>=$C56),1,0)) -> 0 | Q56: =IF(AND($C56<=EOMONTH(Q$2,0),$D56>=Q$2),1,IF(AND($E56="Parada",EOMONTH(Q$2,0)>=$C56),1,0)) -> 0 | R56: =IF(AND($C56<=EOMONTH(R$2,0),$D56>=R$2),1,IF(AND($E56="Parada",EOMONTH(R$2,0)>=$C56),1,0)) -> 0 | S56: =IF(AND($C56<=EOMONTH(S$2,0),$D56>=S$2),1,IF(AND($E56="Parada",EOMONTH(S$2,0)>=$C56),1,0)) -> 0
A57: Chapada III | B57: AUG04-16 | C57: 45762 | D57: 45790 | E57: Rodando | F57: =D57-C57 -> 28 | H57: Possível dano no gerador. | I57: Gerador | J57: Troubleshooting | K57: =IF(AND($C57<=EOMONTH(K$2,0),$D57>=K$2),1,IF(AND($E57="Parada",EOMONTH(K$2,0)>=$C57),1,0)) -> 0 | L57: =IF(AND($C57<=EOMONTH(L$2,0),$D57>=L$2),1,IF(AND($E57="Parada",EOMONTH(L$2,0)>=$C57),1,0)) -> 0 | M57: =IF(AND($C57<=EOMONTH(M$2,0),$D57>=M$2),1,IF(AND($E57="Parada",EOMONTH(M$2,0)>=$C57),1,0)) -> 0 | N57: =IF(AND($C57<=EOMONTH(N$2,0),$D57>=N$2),1,IF(AND($E57="Parada",EOMONTH(N$2,0)>=$C57),1,0)) -> 1 | O57: =IF(AND($C57<=EOMONTH(O$2,0),$D57>=O$2),1,IF(AND($E57="Parada",EOMONTH(O$2,0)>=$C57),1,0)) -> 1 | P57: =IF(AND($C57<=EOMONTH(P$2,0),$D57>=P$2),1,IF(AND($E57="Parada",EOMONTH(P$2,0)>=$C57),1,0)) -> 0 | Q57: =IF(AND($C57<=EOMONTH(Q$2,0),$D57>=Q$2),1,IF(AND($E57="Parada",EOMONTH(Q$2,0)>=$C57),1,0)) -> 0 | R57: =IF(AND($C57<=EOMONTH(R$2,0),$D57>=R$2),1,IF(AND($E57="Parada",EOMONTH(R$2,0)>=$C57),1,0)) -> 0 | S57: =IF(AND($C57<=EOMONTH(S$2,0),$D57>=S$2),1,IF(AND($E57="Parada",EOMONTH(S$2,0)>=$C57),1,0)) -> 0
A58: Asa Branca | B58: AB06-08 | C58: 45652 | D58: 45791 | E58: Rodando | F58: =D58-C58 -> 139 | G58: 45793 | H58: Dano no rolamento do gerador e no assento do mesmo. | I58: Gerador | J58: MCE | K58: =IF(AND($C58<=EOMONTH(K$2,0),$D58>=K$2),1,IF(AND($E58="Parada",EOMONTH(K$2,0)>=$C58),1,0)) -> 1 | L58: =IF(AND($C58<=EOMONTH(L$2,0),$D58>=L$2),1,IF(AND($E58="Parada",EOMONTH(L$2,0)>=$C58),1,0)) -> 1 | M58: =IF(AND($C58<=EOMONTH(M$2,0),$D58>=M$2),1,IF(AND($E58="Parada",EOMONTH(M$2,0)>=$C58),1,0)) -> 1 | N58: =IF(AND($C58<=EOMONTH(N$2,0),$D58>=N$2),1,IF(AND($E58="Parada",EOMONTH(N$2,0)>=$C58),1,0)) -> 1 | O58: =IF(AND($C58<=EOMONTH(O$2,0),$D58>=O$2),1,IF(AND($E58="Parada",EOMONTH(O$2,0)>=$C58),1,0)) -> 1 | P58: =IF(AND($C58<=EOMONTH(P$2,0),$D58>=P$2),1,IF(AND($E58="Parada",EOMONTH(P$2,0)>=$C58),1,0)) -> 0 | Q58: =IF(AND($C58<=EOMONTH(Q$2,0),$D58>=Q$2),1,IF(AND($E58="Parada",EOMONTH(Q$2,0)>=$C58),1,0)) -> 0 | R58: =IF(AND($C58<=EOMONTH(R$2,0),$D58>=R$2),1,IF(AND($E58="Parada",EOMONTH(R$2,0)>=$C58),1,0)) -> 0 | S58: =IF(AND($C58<=EOMONTH(S$2,0),$D58>=S$2),1,IF(AND($E58="Parada",EOMONTH(S$2,0)>=$C58),1,0)) -> 0
A59: Chapada II | B59: JOA04-01 | F59: =D59-C59 -> 0 | H59: Turbina com ramal baixo para troca do rolamento do pitch | I59: Pitch Bearing | J59: MCE | K59: =IF(AND($C59<=EOMONTH(K$2,0),$D59>=K$2),1,IF(AND($E59="Parada",EOMONTH(K$2,0)>=$C59),1,0)) -> 0 | L59: =IF(AND($C59<=EOMONTH(L$2,0),$D59>=L$2),1,IF(AND($E59="Parada",EOMONTH(L$2,0)>=$C59),1,0)) -> 0 | M59: =IF(AND($C59<=EOMONTH(M$2,0),$D59>=M$2),1,IF(AND($E59="Parada",EOMONTH(M$2,0)>=$C59),1,0)) -> 0 | N59: =IF(AND($C59<=EOMONTH(N$2,0),$D59>=N$2),1,IF(AND($E59="Parada",EOMONTH(N$2,0)>=$C59),1,0)) -> 0 | O59: =IF(AND($C59<=EOMONTH(O$2,0),$D59>=O$2),1,IF(AND($E59="Parada",EOMONTH(O$2,0)>=$C59),1,0)) -> 0 | P59: =IF(AND($C59<=EOMONTH(P$2,0),$D59>=P$2),1,IF(AND($E59="Parada",EOMONTH(P$2,0)>=$C59),1,0)) -> 0 | Q59: =IF(AND($C59<=EOMONTH(Q$2,0),$D59>=Q$2),1,IF(AND($E59="Parada",EOMONTH(Q$2,0)>=$C59),1,0)) -> 0 | R59: =IF(AND($C59<=EOMONTH(R$2,0),$D59>=R$2),1,IF(AND($E59="Parada",EOMONTH(R$2,0)>=$C59),1,0)) -> 0 | S59: =IF(AND($C59<=EOMONTH(S$2,0),$D59>=S$2),1,IF(AND($E59="Parada",EOMONTH(S$2,0)>=$C59),1,0)) -> 0
A60: Chapada II | B60: JOA05-03 | C60: 45740 | D60: 45807 | E60: Rodando | F60: =D60-C60 -> 67 | G60: 45814 | H60: Reparo de Blade | I60: Blade | J60: Essentia | K60: =IF(AND($C60<=EOMONTH(K$2,0),$D60>=K$2),1,IF(AND($E60="Parada",EOMONTH(K$2,0)>=$C60),1,0)) -> 0 | L60: =IF(AND($C60<=EOMONTH(L$2,0),$D60>=L$2),1,IF(AND($E60="Parada",EOMONTH(L$2,0)>=$C60),1,0)) -> 0 | M60: =IF(AND($C60<=EOMONTH(M$2,0),$D60>=M$2),1,IF(AND($E60="Parada",EOMONTH(M$2,0)>=$C60),1,0)) -> 1 | N60: =IF(AND($C60<=EOMONTH(N$2,0),$D60>=N$2),1,IF(AND($E60="Parada",EOMONTH(N$2,0)>=$C60),1,0)) -> 1 | O60: =IF(AND($C60<=EOMONTH(O$2,0),$D60>=O$2),1,IF(AND($E60="Parada",EOMONTH(O$2,0)>=$C60),1,0)) -> 1 | P60: =IF(AND($C60<=EOMONTH(P$2,0),$D60>=P$2),1,IF(AND($E60="Parada",EOMONTH(P$2,0)>=$C60),1,0)) -> 0 | Q60: =IF(AND($C60<=EOMONTH(Q$2,0),$D60>=Q$2),1,IF(AND($E60="Parada",EOMONTH(Q$2,0)>=$C60),1,0)) -> 0 | R60: =IF(AND($C60<=EOMONTH(R$2,0),$D60>=R$2),1,IF(AND($E60="Parada",EOMONTH(R$2,0)>=$C60),1,0)) -> 0 | S60: =IF(AND($C60<=EOMONTH(S$2,0),$D60>=S$2),1,IF(AND($E60="Parada",EOMONTH(S$2,0)>=$C60),1,0)) -> 0
A61: Chapada I | B61: JOA16-06 | C61: 45654 | D61: 45808 | E61: Rodando | F61: =D61-C61 -> 154 | G61: 45807 | H61: Fuga de corrente pro terra no gerador. Aguardando MCE. | I61: Gerador | J61: MCE | K61: =IF(AND($C61<=EOMONTH(K$2,0),$D61>=K$2),1,IF(AND($E61="Parada",EOMONTH(K$2,0)>=$C61),1,0)) -> 1 | L61: =IF(AND($C61<=EOMONTH(L$2,0),$D61>=L$2),1,IF(AND($E61="Parada",EOMONTH(L$2,0)>=$C61),1,0)) -> 1 | M61: =IF(AND($C61<=EOMONTH(M$2,0),$D61>=M$2),1,IF(AND($E61="Parada",EOMONTH(M$2,0)>=$C61),1,0)) -> 1 | N61: =IF(AND($C61<=EOMONTH(N$2,0),$D61>=N$2),1,IF(AND($E61="Parada",EOMONTH(N$2,0)>=$C61),1,0)) -> 1 | O61: =IF(AND($C61<=EOMONTH(O$2,0),$D61>=O$2),1,IF(AND($E61="Parada",EOMONTH(O$2,0)>=$C61),1,0)) -> 1 | P61: =IF(AND($C61<=EOMONTH(P$2,0),$D61>=P$2),1,IF(AND($E61="Parada",EOMONTH(P$2,0)>=$C61),1,0)) -> 0 | Q61: =IF(AND($C61<=EOMONTH(Q$2,0),$D61>=Q$2),1,IF(AND($E61="Parada",EOMONTH(Q$2,0)>=$C61),1,0)) -> 0 | R61: =IF(AND($C61<=EOMONTH(R$2,0),$D61>=R$2),1,IF(AND($E61="Parada",EOMONTH(R$2,0)>=$C61),1,0)) -> 0 | S61: =IF(AND($C61<=EOMONTH(S$2,0),$D61>=S$2),1,IF(AND($E61="Parada",EOMONTH(S$2,0)>=$C61),1,0)) -> 0
A62: Asa Branca | B62: AB06-11 | C62: 45798 | D62: 45816 | E62: Rodando | F62: =D62-C62 -> 18 | G62: 45815 | H62: Reparo de blade sendo executado pelo time Invenergy. | I62: Blade | J62: MCE | K62: =IF(AND($C62<=EOMONTH(K$2,0),$D62>=K$2),1,IF(AND($E62="Parada",EOMONTH(K$2,0)>=$C62),1,0)) -> 0 | L62: =IF(AND($C62<=EOMONTH(L$2,0),$D62>=L$2),1,IF(AND($E62="Parada",EOMONTH(L$2,0)>=$C62),1,0)) -> 0 | M62: =IF(AND($C62<=EOMONTH(M$2,0),$D62>=M$2),1,IF(AND($E62="Parada",EOMONTH(M$2,0)>=$C62),1,0)) -> 0 | N62: =IF(AND($C62<=EOMONTH(N$2,0),$D62>=N$2),1,IF(AND($E62="Parada",EOMONTH(N$2,0)>=$C62),1,0)) -> 0 | O62: =IF(AND($C62<=EOMONTH(O$2,0),$D62>=O$2),1,IF(AND($E62="Parada",EOMONTH(O$2,0)>=$C62),1,0)) -> 1 | P62: =IF(AND($C62<=EOMONTH(P$2,0),$D62>=P$2),1,IF(AND($E62="Parada",EOMONTH(P$2,0)>=$C62),1,0)) -> 1 | Q62: =IF(AND($C62<=EOMONTH(Q$2,0),$D62>=Q$2),1,IF(AND($E62="Parada",EOMONTH(Q$2,0)>=$C62),1,0)) -> 0 | R62: =IF(AND($C62<=EOMONTH(R$2,0),$D62>=R$2),1,IF(AND($E62="Parada",EOMONTH(R$2,0)>=$C62),1,0)) -> 0 | S62: =IF(AND($C62<=EOMONTH(S$2,0),$D62>=S$2),1,IF(AND($E62="Parada",EOMONTH(S$2,0)>=$C62),1,0)) -> 0
A63: Chapada II | B63: JOA01-17 | C63: 45796 | D63: 45821 | E63: Rodando | F63: =D63-C63 -> 25 | G63: 45821 | H63: Reparo de Blade | I63: Blade | J63: Essentia | K63: =IF(AND($C63<=EOMONTH(K$2,0),$D63>=K$2),1,IF(AND($E63="Parada",EOMONTH(K$2,0)>=$C63),1,0)) -> 0 | L63: =IF(AND($C63<=EOMONTH(L$2,0),$D63>=L$2),1,IF(AND($E63="Parada",EOMONTH(L$2,0)>=$C63),1,0)) -> 0 | M63: =IF(AND($C63<=EOMONTH(M$2,0),$D63>=M$2),1,IF(AND($E63="Parada",EOMONTH(M$2,0)>=$C63),1,0)) -> 0 | N63: =IF(AND($C63<=EOMONTH(N$2,0),$D63>=N$2),1,IF(AND($E63="Parada",EOMONTH(N$2,0)>=$C63),1,0)) -> 0 | O63: =IF(AND($C63<=EOMONTH(O$2,0),$D63>=O$2),1,IF(AND($E63="Parada",EOMONTH(O$2,0)>=$C63),1,0)) -> 1 | P63: =IF(AND($C63<=EOMONTH(P$2,0),$D63>=P$2),1,IF(AND($E63="Parada",EOMONTH(P$2,0)>=$C63),1,0)) -> 1 | Q63: =IF(AND($C63<=EOMONTH(Q$2,0),$D63>=Q$2),1,IF(AND($E63="Parada",EOMONTH(Q$2,0)>=$C63),1,0)) -> 0 | R63: =IF(AND($C63<=EOMONTH(R$2,0),$D63>=R$2),1,IF(AND($E63="Parada",EOMONTH(R$2,0)>=$C63),1,0)) -> 0 | S63: =IF(AND($C63<=EOMONTH(S$2,0),$D63>=S$2),1,IF(AND($E63="Parada",EOMONTH(S$2,0)>=$C63),1,0)) -> 0
A64: Chapada II | B64: JOA05-01 | C64: 45810 | D64: 45821 | E64: Rodando | F64: =D64-C64 -> 11 | H64: Troca de Gearbox. | I64: Gearbox | J64: MCE | K64: =IF(AND($C64<=EOMONTH(K$2,0),$D64>=K$2),1,IF(AND($E64="Parada",EOMONTH(K$2,0)>=$C64),1,0)) -> 0 | L64: =IF(AND($C64<=EOMONTH(L$2,0),$D64>=L$2),1,IF(AND($E64="Parada",EOMONTH(L$2,0)>=$C64),1,0)) -> 0 | M64: =IF(AND($C64<=EOMONTH(M$2,0),$D64>=M$2),1,IF(AND($E64="Parada",EOMONTH(M$2,0)>=$C64),1,0)) -> 0 | N64: =IF(AND($C64<=EOMONTH(N$2,0),$D64>=N$2),1,IF(AND($E64="Parada",EOMONTH(N$2,0)>=$C64),1,0)) -> 0 | O64: =IF(AND($C64<=EOMONTH(O$2,0),$D64>=O$2),1,IF(AND($E64="Parada",EOMONTH(O$2,0)>=$C64),1,0)) -> 0 | P64: =IF(AND($C64<=EOMONTH(P$2,0),$D64>=P$2),1,IF(AND($E64="Parada",EOMONTH(P$2,0)>=$C64),1,0)) -> 1 | Q64: =IF(AND($C64<=EOMONTH(Q$2,0),$D64>=Q$2),1,IF(AND($E64="Parada",EOMONTH(Q$2,0)>=$C64),1,0)) -> 0 | R64: =IF(AND($C64<=EOMONTH(R$2,0),$D64>=R$2),1,IF(AND($E64="Parada",EOMONTH(R$2,0)>=$C64),1,0)) -> 0 | S64: =IF(AND($C64<=EOMONTH(S$2,0),$D64>=S$2),1,IF(AND($E64="Parada",EOMONTH(S$2,0)>=$C64),1,0)) -> 0
A65: Chapada III | B65: AUG03-11 | C65: 45756 | D65: 45822 | E65: Rodando | F65: =D65-C65 -> 66 | G65: 45820 | H65: Liberação do acoplamento flexível e dano no HSS. | I65: Gearbox | J65: MCE | K65: =IF(AND($C65<=EOMONTH(K$2,0),$D65>=K$2),1,IF(AND($E65="Parada",EOMONTH(K$2,0)>=$C65),1,0)) -> 0 | L65: =IF(AND($C65<=EOMONTH(L$2,0),$D65>=L$2),1,IF(AND($E65="Parada",EOMONTH(L$2,0)>=$C65),1,0)) -> 0 | M65: =IF(AND($C65<=EOMONTH(M$2,0),$D65>=M$2),1,IF(AND($E65="Parada",EOMONTH(M$2,0)>=$C65),1,0)) -> 0 | N65: =IF(AND($C65<=EOMONTH(N$2,0),$D65>=N$2),1,IF(AND($E65="Parada",EOMONTH(N$2,0)>=$C65),1,0)) -> 1 | O65: =IF(AND($C65<=EOMONTH(O$2,0),$D65>=O$2),1,IF(AND($E65="Parada",EOMONTH(O$2,0)>=$C65),1,0)) -> 1 | P65: =IF(AND($C65<=EOMONTH(P$2,0),$D65>=P$2),1,IF(AND($E65="Parada",EOMONTH(P$2,0)>=$C65),1,0)) -> 1 | Q65: =IF(AND($C65<=EOMONTH(Q$2,0),$D65>=Q$2),1,IF(AND($E65="Parada",EOMONTH(Q$2,0)>=$C65),1,0)) -> 0 | R65: =IF(AND($C65<=EOMONTH(R$2,0),$D65>=R$2),1,IF(AND($E65="Parada",EOMONTH(R$2,0)>=$C65),1,0)) -> 0 | S65: =IF(AND($C65<=EOMONTH(S$2,0),$D65>=S$2),1,IF(AND($E65="Parada",EOMONTH(S$2,0)>=$C65),1,0)) -> 0
A66: Chapada II | B66: JOA01-15 | C66: 45821 | D66: 45839 | E66: Rodando | F66: =D66-C66 -> 18 | G66: 45852 | H66: Reparo de blade | I66: Blade | J66: Essentia | K66: =IF(AND($C66<=EOMONTH(K$2,0),$D66>=K$2),1,IF(AND($E66="Parada",EOMONTH(K$2,0)>=$C66),1,0)) -> 0 | L66: =IF(AND($C66<=EOMONTH(L$2,0),$D66>=L$2),1,IF(AND($E66="Parada",EOMONTH(L$2,0)>=$C66),1,0)) -> 0 | M66: =IF(AND($C66<=EOMONTH(M$2,0),$D66>=M$2),1,IF(AND($E66="Parada",EOMONTH(M$2,0)>=$C66),1,0)) -> 0 | N66: =IF(AND($C66<=EOMONTH(N$2,0),$D66>=N$2),1,IF(AND($E66="Parada",EOMONTH(N$2,0)>=$C66),1,0)) -> 0 | O66: =IF(AND($C66<=EOMONTH(O$2,0),$D66>=O$2),1,IF(AND($E66="Parada",EOMONTH(O$2,0)>=$C66),1,0)) -> 0 | P66: =IF(AND($C66<=EOMONTH(P$2,0),$D66>=P$2),1,IF(AND($E66="Parada",EOMONTH(P$2,0)>=$C66),1,0)) -> 1 | Q66: =IF(AND($C66<=EOMONTH(Q$2,0),$D66>=Q$2),1,IF(AND($E66="Parada",EOMONTH(Q$2,0)>=$C66),1,0)) -> 1 | R66: =IF(AND($C66<=EOMONTH(R$2,0),$D66>=R$2),1,IF(AND($E66="Parada",EOMONTH(R$2,0)>=$C66),1,0)) -> 0 | S66: =IF(AND($C66<=EOMONTH(S$2,0),$D66>=S$2),1,IF(AND($E66="Parada",EOMONTH(S$2,0)>=$C66),1,0)) -> 0
A67: Chapada I | B67: JOA15-14 | C67: 45821 | D67: 45840 | E67: Rodando | F67: =D67-C67 -> 19 | G67: 45852 | H67: Reparo de blade | I67: Blade | J67: Essentia | K67: =IF(AND($C67<=EOMONTH(K$2,0),$D67>=K$2),1,IF(AND($E67="Parada",EOMONTH(K$2,0)>=$C67),1,0)) -> 0 | L67: =IF(AND($C67<=EOMONTH(L$2,0),$D67>=L$2),1,IF(AND($E67="Parada",EOMONTH(L$2,0)>=$C67),1,0)) -> 0 | M67: =IF(AND($C67<=EOMONTH(M$2,0),$D67>=M$2),1,IF(AND($E67="Parada",EOMONTH(M$2,0)>=$C67),1,0)) -> 0 | N67: =IF(AND($C67<=EOMONTH(N$2,0),$D67>=N$2),1,IF(AND($E67="Parada",EOMONTH(N$2,0)>=$C67),1,0)) -> 0 | O67: =IF(AND($C67<=EOMONTH(O$2,0),$D67>=O$2),1,IF(AND($E67="Parada",EOMONTH(O$2,0)>=$C67),1,0)) -> 0 | P67: =IF(AND($C67<=EOMONTH(P$2,0),$D67>=P$2),1,IF(AND($E67="Parada",EOMONTH(P$2,0)>=$C67),1,0)) -> 1 | Q67: =IF(AND($C67<=EOMONTH(Q$2,0),$D67>=Q$2),1,IF(AND($E67="Parada",EOMONTH(Q$2,0)>=$C67),1,0)) -> 1 | R67: =IF(AND($C67<=EOMONTH(R$2,0),$D67>=R$2),1,IF(AND($E67="Parada",EOMONTH(R$2,0)>=$C67),1,0)) -> 0 | S67: =IF(AND($C67<=EOMONTH(S$2,0),$D67>=S$2),1,IF(AND($E67="Parada",EOMONTH(S$2,0)>=$C67),1,0)) -> 0
A68: Chapada III | B68: AUG04-12 | C68: 45821 | D68: 45842 | E68: Rodando | F68: =D68-C68 -> 21 | G68: - | H68: Reparo de blade | I68: Blade | J68: Essentia | K68: =IF(AND($C68<=EOMONTH(K$2,0),$D68>=K$2),1,IF(AND($E68="Parada",EOMONTH(K$2,0)>=$C68),1,0)) -> 0 | L68: =IF(AND($C68<=EOMONTH(L$2,0),$D68>=L$2),1,IF(AND($E68="Parada",EOMONTH(L$2,0)>=$C68),1,0)) -> 0 | M68: =IF(AND($C68<=EOMONTH(M$2,0),$D68>=M$2),1,IF(AND($E68="Parada",EOMONTH(M$2,0)>=$C68),1,0)) -> 0 | N68: =IF(AND($C68<=EOMONTH(N$2,0),$D68>=N$2),1,IF(AND($E68="Parada",EOMONTH(N$2,0)>=$C68),1,0)) -> 0 | O68: =IF(AND($C68<=EOMONTH(O$2,0),$D68>=O$2),1,IF(AND($E68="Parada",EOMONTH(O$2,0)>=$C68),1,0)) -> 0 | P68: =IF(AND($C68<=EOMONTH(P$2,0),$D68>=P$2),1,IF(AND($E68="Parada",EOMONTH(P$2,0)>=$C68),1,0)) -> 1 | Q68: =IF(AND($C68<=EOMONTH(Q$2,0),$D68>=Q$2),1,IF(AND($E68="Parada",EOMONTH(Q$2,0)>=$C68),1,0)) -> 1 | R68: =IF(AND($C68<=EOMONTH(R$2,0),$D68>=R$2),1,IF(AND($E68="Parada",EOMONTH(R$2,0)>=$C68),1,0)) -> 0 | S68: =IF(AND($C68<=EOMONTH(S$2,0),$D68>=S$2),1,IF(AND($E68="Parada",EOMONTH(S$2,0)>=$C68),1,0)) -> 0
A69: Asa Branca | B69: AB06-19 | C69: 45835 | D69: 45846 | E69: Rodando | F69: =D69-C69 -> 11 | G69: - | H69: Reparo de blade | I69: Blade | J69: Essentia | K69: =IF(AND($C69<=EOMONTH(K$2,0),$D69>=K$2),1,IF(AND($E69="Parada",EOMONTH(K$2,0)>=$C69),1,0)) -> 0 | L69: =IF(AND($C69<=EOMONTH(L$2,0),$D69>=L$2),1,IF(AND($E69="Parada",EOMONTH(L$2,0)>=$C69),1,0)) -> 0 | M69: =IF(AND($C69<=EOMONTH(M$2,0),$D69>=M$2),1,IF(AND($E69="Parada",EOMONTH(M$2,0)>=$C69),1,0)) -> 0 | N69: =IF(AND($C69<=EOMONTH(N$2,0),$D69>=N$2),1,IF(AND($E69="Parada",EOMONTH(N$2,0)>=$C69),1,0)) -> 0 | O69: =IF(AND($C69<=EOMONTH(O$2,0),$D69>=O$2),1,IF(AND($E69="Parada",EOMONTH(O$2,0)>=$C69),1,0)) -> 0 | P69: =IF(AND($C69<=EOMONTH(P$2,0),$D69>=P$2),1,IF(AND($E69="Parada",EOMONTH(P$2,0)>=$C69),1,0)) -> 1 | Q69: =IF(AND($C69<=EOMONTH(Q$2,0),$D69>=Q$2),1,IF(AND($E69="Parada",EOMONTH(Q$2,0)>=$C69),1,0)) -> 1 | R69: =IF(AND($C69<=EOMONTH(R$2,0),$D69>=R$2),1,IF(AND($E69="Parada",EOMONTH(R$2,0)>=$C69),1,0)) -> 0 | S69: =IF(AND($C69<=EOMONTH(S$2,0),$D69>=S$2),1,IF(AND($E69="Parada",EOMONTH(S$2,0)>=$C69),1,0)) -> 0
A70: Chapada II | B70: JOA04-08 | C70: 45693 | D70: 45847 | E70: Rodando | F70: =D70-C70 -> 154 | G70: 45839 | H70: Dano no gerador. Wye ring. | I70: Gerador | J70: MCE | K70: =IF(AND($C70<=EOMONTH(K$2,0),$D70>=K$2),1,IF(AND($E70="Parada",EOMONTH(K$2,0)>=$C70),1,0)) -> 0 | L70: =IF(AND($C70<=EOMONTH(L$2,0),$D70>=L$2),1,IF(AND($E70="Parada",EOMONTH(L$2,0)>=$C70),1,0)) -> 1 | M70: =IF(AND($C70<=EOMONTH(M$2,0),$D70>=M$2),1,IF(AND($E70="Parada",EOMONTH(M$2,0)>=$C70),1,0)) -> 1 | N70: =IF(AND($C70<=EOMONTH(N$2,0),$D70>=N$2),1,IF(AND($E70="Parada",EOMONTH(N$2,0)>=$C70),1,0)) -> 1 | O70: =IF(AND($C70<=EOMONTH(O$2,0),$D70>=O$2),1,IF(AND($E70="Parada",EOMONTH(O$2,0)>=$C70),1,0)) -> 1 | P70: =IF(AND($C70<=EOMONTH(P$2,0),$D70>=P$2),1,IF(AND($E70="Parada",EOMONTH(P$2,0)>=$C70),1,0)) -> 1 | Q70: =IF(AND($C70<=EOMONTH(Q$2,0),$D70>=Q$2),1,IF(AND($E70="Parada",EOMONTH(Q$2,0)>=$C70),1,0)) -> 1 | R70: =IF(AND($C70<=EOMONTH(R$2,0),$D70>=R$2),1,IF(AND($E70="Parada",EOMONTH(R$2,0)>=$C70),1,0)) -> 0 | S70: =IF(AND($C70<=EOMONTH(S$2,0),$D70>=S$2),1,IF(AND($E70="Parada",EOMONTH(S$2,0)>=$C70),1,0)) -> 0
